lookup_key,연도,지역단계,시도,지역명,인사이트유형,지표ID,지표명,대시보드_표시명,대시보드_현재선택지표,분석인사이트,데이터주의사항
2024|전국||전국|overall,2024,전국,,전국,종합,overall,종합 인사이트,,N,"2024년 파일에는 17개 시도 데이터가 있으며 인구 합계는 51,217,221명, 우심피해액 합계는 3.83조 원이다. 인구 상위 3개 지역은 경기·서울·부산이며, 이들 지역에 51.3%가 집중된다. 피해액 상위 3개 지역은 경북·경기·충남이며, 이들 지역에 52.3%가 집중된다. 1인당 피해액은 경북·충북·충남 순으로 높아 절대 규모와 인구 대비 부담을 함께 확인해야 한다.",2024년 주택 값은 인구주택총조사의 주택 수이며 보험가입 건수가 아니다. 우심피해액은 2024년 단년값이 아니라 2015~2024년 누계다. 2024년 시도별 소상공인 값은 전체 사업체 비중으로 배분한 추정치다.
2024|전국||전국|damage,2024,전국,,전국,원지표,damage,우심피해액,우심피해액(원),Y,"전국 우심피해액 합계는 3.83조 원이다. 상위 3개 지역은 경북·경기·충남이며, 이들 지역이 전체의 52.3%를 차지한다. 전국 평균 1인당 피해액은 74,830원이다.",우심피해액은 2024년 단년값이 아니라 2015~2024년 누계다.
2024|전국||전국|population,2024,전국,,전국,원지표,population,인구수,인구수(건),Y,"전국 인구 합계는 51,217,221명이다. 상위 3개 지역은 경기·서울·부산이며, 이들 지역이 전체의 51.3%를 차지한다. 시도 평균 인구는 3,012,778명이다.",
2024|전국||전국|housing,2024,전국,,전국,원지표,housing,주택 지표,주택 보험 가입 현황(건),Y,"전국 주택 지표 합계는 19,872,674건이다. 상위 3개 지역은 경기·서울·부산이며, 이들 지역이 전체의 47.7%를 차지한다. 인구 1천 명당 값은 388.01건이다.",2024년 주택 값은 인구주택총조사의 주택 수이며 보험가입 건수가 아니다.
2024|전국||전국|damagePerCapita,2024,전국,,전국,파생지표,damagePerCapita,1인당 우심피해액,,N,"전국 평균 1인당 우심피해액은 74,830원이다. 시도별로는 경북 359,117원, 충북 307,432원, 충남 229,516원 순으로 높다.",우심피해액은 2024년 단년값이 아니라 2015~2024년 누계다.
2024|전국||전국|housingPer1000,2024,전국,,전국,파생지표,housingPer1000,인구 1천 명당 주택 지표,,N,"전국 인구 1천 명당 주택 지표는 388.01건이다. 시도별 상위는 전남 473.41건, 강원 450.95건, 경북 445.92건이다.",2024년 주택 값은 인구주택총조사의 주택 수이며 보험가입 건수가 아니다.
2024|전국||전국|damagePerHousing,2024,전국,,전국,파생지표,damagePerHousing,주택 지표 1건당 우심피해액,,N,"전국 주택 지표 1건당 누적 우심피해액의 단순 비율은 192,856원이다. 시도별 상위는 경북, 충북, 충남 순이다.",2024년 주택 값은 인구주택총조사의 주택 수이며 보험가입 건수가 아니다. 우심피해액은 2024년 단년값이 아니라 2015~2024년 누계다. 피해액과 주택 지표의 기준기간·정의가 다를 수 있어 공식 손해율이나 보험보장공백률이 아닌 탐색적 비율이다.
2024|전국||전국|greenhouse,2024,전국,,전국,원지표,greenhouse,온실 면적,,N,"전국 온실 면적 합계는 535,170,000㎡다. 상위 3개 지역은 경남·경북·충남이며, 이들 지역이 전체의 49.6%를 차지한다. 인구 1명당 면적은 10.45㎡다.",
2024|전국||전국|smallbiz,2024,전국,,전국,원지표,smallbiz,소상공인,,N,"전국 소상공인 지표 합계는 6,134,000건이다. 상위 3개 지역은 경기·서울·경남이며, 이들 지역이 전체의 50.0%를 차지한다. 인구 1천 명당 값은 119.76건이다.",2024년 시도별 소상공인 값은 전체 사업체 비중으로 배분한 추정치다.
2024|시도|서울|서울|overall,2024,시도,서울,서울,종합,overall,종합 인사이트,,N,"2024년 서울의 인구는 9,331,828명으로 17개 시도 중 2위다. 우심피해액은 629.6억 원(10위)이고, 1인당 피해액은 6,747원(14위)이며 피해비중은 인구비중의 0.09배다. 인구 규모 대비 피해 부담은 매우 낮게 나타난다. 주택 수는 2위이고 인구 1천 명당 339.73건으로 시도 평균 407.27건과 비교해 낮다.",2024년 주택 값은 인구주택총조사의 주택 수이며 보험가입 건수가 아니다. 우심피해액은 2024년 단년값이 아니라 2015~2024년 누계다. 2024년 시도별 소상공인 값은 전체 사업체 비중으로 배분한 추정치다.
2024|시도|서울|서울|damage,2024,시도,서울,서울,원지표,damage,우심피해액,우심피해액(원),Y,"2024년 서울의 우심피해액은 629.6억 원으로, 17개 시도 중 10위이며 전국 합계의 1.64%다. 1인당 피해액은 6,747원(14위)이고, 피해비중/인구비중은 0.09배다.",우심피해액은 2024년 단년값이 아니라 2015~2024년 누계다.
2024|시도|서울|서울|population,2024,시도,서울,서울,원지표,population,인구수,인구수(건),Y,"2024년 서울의 인구는 9,331,828명으로 17개 시도 중 2위이며 전국의 18.22%를 차지한다. 시도 평균 인구의 3.10배다.",
2024|시도|서울|서울|housing,2024,시도,서울,서울,원지표,housing,주택 지표,주택 보험 가입 현황(건),Y,"2024년 서울의 주택 수는 3,170,332건으로 17개 시도 중 2위이며 전체의 15.95%다. 인구 1천 명당 339.73건으로 17위(최하위)다. 원본 Z값은 +1.7396다.",2024년 주택 값은 인구주택총조사의 주택 수이며 보험가입 건수가 아니다.
2024|시도|서울|서울|housingZ,2024,시도,서울,서울,원지표,housingZ,주택 지표 Z값,주택 보험 가입 현황(Z값),Y,"2024년 서울의 주택 지표 Z값은 +1.7396로 17개 시도 중 2위다. 평균보다 1.74 표준편차 높다고, 평균과 차이가 큰 수준이다.",2024년 주택 값은 인구주택총조사의 주택 수이며 보험가입 건수가 아니다.
2024|시도|서울|서울|damagePerCapita,2024,시도,서울,서울,파생지표,damagePerCapita,1인당 우심피해액,,N,"2024년 서울의 1인당 우심피해액은 6,747원으로 17개 시도 중 14위다. 전국 전체 인구 기준 평균 1인당 피해액의 0.09배이며, 인구 규모 대비 피해 부담은 매우 낮게 나타난다.",우심피해액은 2024년 단년값이 아니라 2015~2024년 누계다.
2024|시도|서울|서울|housingPer1000,2024,시도,서울,서울,파생지표,housingPer1000,인구 1천 명당 주택 지표,,N,2024년 서울의 인구 1천 명당 주택 지표는 339.73건으로 17개 시도 중 17위(최하위)다. 시도 평균의 0.83배다.,2024년 주택 값은 인구주택총조사의 주택 수이며 보험가입 건수가 아니다.
2024|시도|서울|서울|damagePerHousing,2024,시도,서울,서울,파생지표,damagePerHousing,주택 지표 1건당 우심피해액,,N,"2024년 서울의 주택 지표 1건당 우심피해액 단순 비율은 19,858원으로 17개 시도 중 14위다. 시도 평균 단순 비율의 0.08배다.",2024년 주택 값은 인구주택총조사의 주택 수이며 보험가입 건수가 아니다. 우심피해액은 2024년 단년값이 아니라 2015~2024년 누계다. 피해액과 주택 지표의 기준기간·정의가 다를 수 있어 공식 손해율이나 보험보장공백률이 아닌 탐색적 비율이다.
2024|시도|서울|서울|greenhouse,2024,시도,서울,서울,원지표,greenhouse,온실 면적,,N,"2024년 서울의 온실 면적은 1,070,000㎡로 17개 시도 중 17위(최하위)이며 전체의 0.20%다. 인구 1명당 0.11㎡다. 원본 Z값은 -0.9125다.",
2024|시도|서울|서울|greenhouseZ,2024,시도,서울,서울,원지표,greenhouseZ,온실 면적 Z값,,N,"2024년 서울의 온실 면적 Z값은 -0.9125로 17개 시도 중 17위(최하위)다. 평균보다 0.91 표준편차 낮다고, 평균과 다소 차이가 있는 수준이다.",
2024|시도|서울|서울|smallbiz,2024,시도,서울,서울,원지표,smallbiz,소상공인,,N,"2024년 서울의 소상공인 지표는 1,129,695건으로 17개 시도 중 2위이며 전체의 18.42%다. 인구 1천 명당 121.06건으로 8위다.",2024년 시도별 소상공인 값은 전체 사업체 비중으로 배분한 추정치다.
2024|시도|부산|부산|overall,2024,시도,부산,부산,종합,overall,종합 인사이트,,N,"2024년 부산의 인구는 3,266,598명으로 17개 시도 중 3위다. 우심피해액은 384.1억 원(12위)이고, 1인당 피해액은 11,758원(13위)이며 피해비중은 인구비중의 0.16배다. 인구 규모 대비 피해 부담은 매우 낮게 나타난다. 주택 수는 3위이고 인구 1천 명당 413.41건으로 시도 평균 407.27건과 비교해 비슷하다.",2024년 주택 값은 인구주택총조사의 주택 수이며 보험가입 건수가 아니다. 우심피해액은 2024년 단년값이 아니라 2015~2024년 누계다. 2024년 시도별 소상공인 값은 전체 사업체 비중으로 배분한 추정치다.
2024|시도|부산|부산|damage,2024,시도,부산,부산,원지표,damage,우심피해액,우심피해액(원),Y,"2024년 부산의 우심피해액은 384.1억 원으로, 17개 시도 중 12위이며 전국 합계의 1.00%다. 1인당 피해액은 11,758원(13위)이고, 피해비중/인구비중은 0.16배다.",우심피해액은 2024년 단년값이 아니라 2015~2024년 누계다.
2024|시도|부산|부산|population,2024,시도,부산,부산,원지표,population,인구수,인구수(건),Y,"2024년 부산의 인구는 3,266,598명으로 17개 시도 중 3위이며 전국의 6.38%를 차지한다. 시도 평균 인구의 1.08배다.",
2024|시도|부산|부산|housing,2024,시도,부산,부산,원지표,housing,주택 지표,주택 보험 가입 현황(건),Y,"2024년 부산의 주택 수는 1,350,452건으로 17개 시도 중 3위이며 전체의 6.80%다. 인구 1천 명당 413.41건으로 8위다. 원본 Z값은 +0.1577다.",2024년 주택 값은 인구주택총조사의 주택 수이며 보험가입 건수가 아니다.
2024|시도|부산|부산|housingZ,2024,시도,부산,부산,원지표,housingZ,주택 지표 Z값,주택 보험 가입 현황(Z값),Y,"2024년 부산의 주택 지표 Z값은 +0.1577로 17개 시도 중 3위다. 평균보다 0.16 표준편차 높다고, 평균에 가까운 수준이다.",2024년 주택 값은 인구주택총조사의 주택 수이며 보험가입 건수가 아니다.
2024|시도|부산|부산|damagePerCapita,2024,시도,부산,부산,파생지표,damagePerCapita,1인당 우심피해액,,N,"2024년 부산의 1인당 우심피해액은 11,758원으로 17개 시도 중 13위다. 전국 전체 인구 기준 평균 1인당 피해액의 0.16배이며, 인구 규모 대비 피해 부담은 매우 낮게 나타난다.",우심피해액은 2024년 단년값이 아니라 2015~2024년 누계다.
2024|시도|부산|부산|housingPer1000,2024,시도,부산,부산,파생지표,housingPer1000,인구 1천 명당 주택 지표,,N,2024년 부산의 인구 1천 명당 주택 지표는 413.41건으로 17개 시도 중 8위다. 시도 평균의 1.02배다.,2024년 주택 값은 인구주택총조사의 주택 수이며 보험가입 건수가 아니다.
2024|시도|부산|부산|damagePerHousing,2024,시도,부산,부산,파생지표,damagePerHousing,주택 지표 1건당 우심피해액,,N,"2024년 부산의 주택 지표 1건당 우심피해액 단순 비율은 28,440원으로 17개 시도 중 13위다. 시도 평균 단순 비율의 0.12배다.",2024년 주택 값은 인구주택총조사의 주택 수이며 보험가입 건수가 아니다. 우심피해액은 2024년 단년값이 아니라 2015~2024년 누계다. 피해액과 주택 지표의 기준기간·정의가 다를 수 있어 공식 손해율이나 보험보장공백률이 아닌 탐색적 비율이다.
2024|시도|부산|부산|greenhouse,2024,시도,부산,부산,원지표,greenhouse,온실 면적,,N,"2024년 부산의 온실 면적은 6,350,000㎡로 17개 시도 중 10위이며 전체의 1.19%다. 인구 1명당 1.94㎡다. 원본 Z값은 -0.7541다.",
2024|시도|부산|부산|greenhouseZ,2024,시도,부산,부산,원지표,greenhouseZ,온실 면적 Z값,,N,"2024년 부산의 온실 면적 Z값은 -0.7541로 17개 시도 중 10위다. 평균보다 0.75 표준편차 낮다고, 평균과 다소 차이가 있는 수준이다.",
2024|시도|부산|부산|smallbiz,2024,시도,부산,부산,원지표,smallbiz,소상공인,,N,"2024년 부산의 소상공인 지표는 387,676건으로 17개 시도 중 4위이며 전체의 6.32%다. 인구 1천 명당 118.68건으로 11위다.",2024년 시도별 소상공인 값은 전체 사업체 비중으로 배분한 추정치다.
2024|시도|대구|대구|overall,2024,시도,대구,대구,종합,overall,종합 인사이트,,N,"2024년 대구의 인구는 2,363,629명으로 17개 시도 중 7위다. 우심피해액은 104.7억 원(15위)이고, 1인당 피해액은 4,428원(16위)이며 피해비중은 인구비중의 0.06배다. 인구 규모 대비 피해 부담은 매우 낮게 나타난다. 주택 수는 8위이고 인구 1천 명당 382.29건으로 시도 평균 407.27건과 비교해 낮다.",2024년 주택 값은 인구주택총조사의 주택 수이며 보험가입 건수가 아니다. 우심피해액은 2024년 단년값이 아니라 2015~2024년 누계다. 2024년 시도별 소상공인 값은 전체 사업체 비중으로 배분한 추정치다.
2024|시도|대구|대구|damage,2024,시도,대구,대구,원지표,damage,우심피해액,우심피해액(원),Y,"2024년 대구의 우심피해액은 104.7억 원으로, 17개 시도 중 15위이며 전국 합계의 0.27%다. 1인당 피해액은 4,428원(16위)이고, 피해비중/인구비중은 0.06배다.",우심피해액은 2024년 단년값이 아니라 2015~2024년 누계다.
2024|시도|대구|대구|population,2024,시도,대구,대구,원지표,population,인구수,인구수(건),Y,"2024년 대구의 인구는 2,363,629명으로 17개 시도 중 7위이며 전국의 4.61%를 차지한다. 시도 평균 인구의 0.78배다.",
2024|시도|대구|대구|housing,2024,시도,대구,대구,원지표,housing,주택 지표,주택 보험 가입 현황(건),Y,"2024년 대구의 주택 수는 903,591건으로 17개 시도 중 8위이며 전체의 4.55%다. 인구 1천 명당 382.29건으로 12위다. 원본 Z값은 -0.2307다.",2024년 주택 값은 인구주택총조사의 주택 수이며 보험가입 건수가 아니다.
2024|시도|대구|대구|housingZ,2024,시도,대구,대구,원지표,housingZ,주택 지표 Z값,주택 보험 가입 현황(Z값),Y,"2024년 대구의 주택 지표 Z값은 -0.2307로 17개 시도 중 8위다. 평균보다 0.23 표준편차 낮다고, 평균에 가까운 수준이다.",2024년 주택 값은 인구주택총조사의 주택 수이며 보험가입 건수가 아니다.
2024|시도|대구|대구|damagePerCapita,2024,시도,대구,대구,파생지표,damagePerCapita,1인당 우심피해액,,N,"2024년 대구의 1인당 우심피해액은 4,428원으로 17개 시도 중 16위다. 전국 전체 인구 기준 평균 1인당 피해액의 0.06배이며, 인구 규모 대비 피해 부담은 매우 낮게 나타난다.",우심피해액은 2024년 단년값이 아니라 2015~2024년 누계다.
2024|시도|대구|대구|housingPer1000,2024,시도,대구,대구,파생지표,housingPer1000,인구 1천 명당 주택 지표,,N,2024년 대구의 인구 1천 명당 주택 지표는 382.29건으로 17개 시도 중 12위다. 시도 평균의 0.94배다.,2024년 주택 값은 인구주택총조사의 주택 수이며 보험가입 건수가 아니다.
2024|시도|대구|대구|damagePerHousing,2024,시도,대구,대구,파생지표,damagePerHousing,주택 지표 1건당 우심피해액,,N,"2024년 대구의 주택 지표 1건당 우심피해액 단순 비율은 11,583원으로 17개 시도 중 16위다. 시도 평균 단순 비율의 0.05배다.",2024년 주택 값은 인구주택총조사의 주택 수이며 보험가입 건수가 아니다. 우심피해액은 2024년 단년값이 아니라 2015~2024년 누계다. 피해액과 주택 지표의 기준기간·정의가 다를 수 있어 공식 손해율이나 보험보장공백률이 아닌 탐색적 비율이다.
2024|시도|대구|대구|greenhouse,2024,시도,대구,대구,원지표,greenhouse,온실 면적,,N,"2024년 대구의 온실 면적은 10,220,000㎡로 17개 시도 중 9위이며 전체의 1.91%다. 인구 1명당 4.32㎡다. 원본 Z값은 -0.6380다.",
2024|시도|대구|대구|greenhouseZ,2024,시도,대구,대구,원지표,greenhouseZ,온실 면적 Z값,,N,"2024년 대구의 온실 면적 Z값은 -0.6380로 17개 시도 중 9위다. 평균보다 0.64 표준편차 낮다고, 평균과 다소 차이가 있는 수준이다.",
2024|시도|대구|대구|smallbiz,2024,시도,대구,대구,원지표,smallbiz,소상공인,,N,"2024년 대구의 소상공인 지표는 276,398건으로 17개 시도 중 8위이며 전체의 4.51%다. 인구 1천 명당 116.94건으로 12위다.",2024년 시도별 소상공인 값은 전체 사업체 비중으로 배분한 추정치다.
2024|시도|인천|인천|overall,2024,시도,인천,인천,종합,overall,종합 인사이트,,N,"2024년 인천의 인구는 3,021,010명으로 17개 시도 중 5위다. 우심피해액은 70.9억 원(17위(최하위))이고, 1인당 피해액은 2,348원(17위(최하위))이며 피해비중은 인구비중의 0.03배다. 인구 규모 대비 피해 부담은 매우 낮게 나타난다. 주택 수는 5위이고 인구 1천 명당 381.58건으로 시도 평균 407.27건과 비교해 낮다.",2024년 주택 값은 인구주택총조사의 주택 수이며 보험가입 건수가 아니다. 우심피해액은 2024년 단년값이 아니라 2015~2024년 누계다. 2024년 시도별 소상공인 값은 전체 사업체 비중으로 배분한 추정치다.
2024|시도|인천|인천|damage,2024,시도,인천,인천,원지표,damage,우심피해액,우심피해액(원),Y,"2024년 인천의 우심피해액은 70.9억 원으로, 17개 시도 중 17위(최하위)이며 전국 합계의 0.19%다. 1인당 피해액은 2,348원(17위(최하위))이고, 피해비중/인구비중은 0.03배다.",우심피해액은 2024년 단년값이 아니라 2015~2024년 누계다.
2024|시도|인천|인천|population,2024,시도,인천,인천,원지표,population,인구수,인구수(건),Y,"2024년 인천의 인구는 3,021,010명으로 17개 시도 중 5위이며 전국의 5.90%를 차지한다. 시도 평균 인구의 1.00배다.",
2024|시도|인천|인천|housing,2024,시도,인천,인천,원지표,housing,주택 지표,주택 보험 가입 현황(건),Y,"2024년 인천의 주택 수는 1,152,762건으로 17개 시도 중 5위이며 전체의 5.80%다. 인구 1천 명당 381.58건으로 13위다. 원본 Z값은 -0.0141다.",2024년 주택 값은 인구주택총조사의 주택 수이며 보험가입 건수가 아니다.
2024|시도|인천|인천|housingZ,2024,시도,인천,인천,원지표,housingZ,주택 지표 Z값,주택 보험 가입 현황(Z값),Y,"2024년 인천의 주택 지표 Z값은 -0.0141로 17개 시도 중 5위다. 평균보다 0.01 표준편차 낮다고, 평균에 가까운 수준이다.",2024년 주택 값은 인구주택총조사의 주택 수이며 보험가입 건수가 아니다.
2024|시도|인천|인천|damagePerCapita,2024,시도,인천,인천,파생지표,damagePerCapita,1인당 우심피해액,,N,"2024년 인천의 1인당 우심피해액은 2,348원으로 17개 시도 중 17위(최하위)다. 전국 전체 인구 기준 평균 1인당 피해액의 0.03배이며, 인구 규모 대비 피해 부담은 매우 낮게 나타난다.",우심피해액은 2024년 단년값이 아니라 2015~2024년 누계다.
2024|시도|인천|인천|housingPer1000,2024,시도,인천,인천,파생지표,housingPer1000,인구 1천 명당 주택 지표,,N,2024년 인천의 인구 1천 명당 주택 지표는 381.58건으로 17개 시도 중 13위다. 시도 평균의 0.94배다.,2024년 주택 값은 인구주택총조사의 주택 수이며 보험가입 건수가 아니다.
2024|시도|인천|인천|damagePerHousing,2024,시도,인천,인천,파생지표,damagePerHousing,주택 지표 1건당 우심피해액,,N,"2024년 인천의 주택 지표 1건당 우심피해액 단순 비율은 6,154원으로 17개 시도 중 17위(최하위)다. 시도 평균 단순 비율의 0.03배다.",2024년 주택 값은 인구주택총조사의 주택 수이며 보험가입 건수가 아니다. 우심피해액은 2024년 단년값이 아니라 2015~2024년 누계다. 피해액과 주택 지표의 기준기간·정의가 다를 수 있어 공식 손해율이나 보험보장공백률이 아닌 탐색적 비율이다.
2024|시도|인천|인천|greenhouse,2024,시도,인천,인천,원지표,greenhouse,온실 면적,,N,"2024년 인천의 온실 면적은 4,360,000㎡로 17개 시도 중 12위이며 전체의 0.81%다. 인구 1명당 1.44㎡다. 원본 Z값은 -0.8138다.",
2024|시도|인천|인천|greenhouseZ,2024,시도,인천,인천,원지표,greenhouseZ,온실 면적 Z값,,N,"2024년 인천의 온실 면적 Z값은 -0.8138로 17개 시도 중 12위다. 평균보다 0.81 표준편차 낮다고, 평균과 다소 차이가 있는 수준이다.",
2024|시도|인천|인천|smallbiz,2024,시도,인천,인천,원지표,smallbiz,소상공인,,N,"2024년 인천의 소상공인 지표는 317,120건으로 17개 시도 중 6위이며 전체의 5.17%다. 인구 1천 명당 104.97건으로 15위다.",2024년 시도별 소상공인 값은 전체 사업체 비중으로 배분한 추정치다.
2024|시도|광주|광주|overall,2024,시도,광주,광주,종합,overall,종합 인사이트,,N,"2024년 광주의 인구는 1,408,422명으로 17개 시도 중 14위다. 우심피해액은 393.9억 원(11위)이고, 1인당 피해액은 27,966원(12위)이며 피해비중은 인구비중의 0.37배다. 인구 규모 대비 피해 부담은 매우 낮게 나타난다. 주택 수는 13위이고 인구 1천 명당 403.28건으로 시도 평균 407.27건과 비교해 비슷하다.",2024년 주택 값은 인구주택총조사의 주택 수이며 보험가입 건수가 아니다. 우심피해액은 2024년 단년값이 아니라 2015~2024년 누계다. 2024년 시도별 소상공인 값은 전체 사업체 비중으로 배분한 추정치다.
2024|시도|광주|광주|damage,2024,시도,광주,광주,원지표,damage,우심피해액,우심피해액(원),Y,"2024년 광주의 우심피해액은 393.9억 원으로, 17개 시도 중 11위이며 전국 합계의 1.03%다. 1인당 피해액은 27,966원(12위)이고, 피해비중/인구비중은 0.37배다.",우심피해액은 2024년 단년값이 아니라 2015~2024년 누계다.
2024|시도|광주|광주|population,2024,시도,광주,광주,원지표,population,인구수,인구수(건),Y,"2024년 광주의 인구는 1,408,422명으로 17개 시도 중 14위이며 전국의 2.75%를 차지한다. 시도 평균 인구의 0.47배다.",
2024|시도|광주|광주|housing,2024,시도,광주,광주,원지표,housing,주택 지표,주택 보험 가입 현황(건),Y,"2024년 광주의 주택 수는 567,994건으로 17개 시도 중 13위이며 전체의 2.86%다. 인구 1천 명당 403.28건으로 10위다. 원본 Z값은 -0.5224다.",2024년 주택 값은 인구주택총조사의 주택 수이며 보험가입 건수가 아니다.
2024|시도|광주|광주|housingZ,2024,시도,광주,광주,원지표,housingZ,주택 지표 Z값,주택 보험 가입 현황(Z값),Y,"2024년 광주의 주택 지표 Z값은 -0.5224로 17개 시도 중 13위다. 평균보다 0.52 표준편차 낮다고, 평균과 다소 차이가 있는 수준이다.",2024년 주택 값은 인구주택총조사의 주택 수이며 보험가입 건수가 아니다.
2024|시도|광주|광주|damagePerCapita,2024,시도,광주,광주,파생지표,damagePerCapita,1인당 우심피해액,,N,"2024년 광주의 1인당 우심피해액은 27,966원으로 17개 시도 중 12위다. 전국 전체 인구 기준 평균 1인당 피해액의 0.37배이며, 인구 규모 대비 피해 부담은 매우 낮게 나타난다.",우심피해액은 2024년 단년값이 아니라 2015~2024년 누계다.
2024|시도|광주|광주|housingPer1000,2024,시도,광주,광주,파생지표,housingPer1000,인구 1천 명당 주택 지표,,N,2024년 광주의 인구 1천 명당 주택 지표는 403.28건으로 17개 시도 중 10위다. 시도 평균의 0.99배다.,2024년 주택 값은 인구주택총조사의 주택 수이며 보험가입 건수가 아니다.
2024|시도|광주|광주|damagePerHousing,2024,시도,광주,광주,파생지표,damagePerHousing,주택 지표 1건당 우심피해액,,N,"2024년 광주의 주택 지표 1건당 우심피해액 단순 비율은 69,346원으로 17개 시도 중 12위다. 시도 평균 단순 비율의 0.30배다.",2024년 주택 값은 인구주택총조사의 주택 수이며 보험가입 건수가 아니다. 우심피해액은 2024년 단년값이 아니라 2015~2024년 누계다. 피해액과 주택 지표의 기준기간·정의가 다를 수 있어 공식 손해율이나 보험보장공백률이 아닌 탐색적 비율이다.
2024|시도|광주|광주|greenhouse,2024,시도,광주,광주,원지표,greenhouse,온실 면적,,N,"2024년 광주의 온실 면적은 6,110,000㎡로 17개 시도 중 11위이며 전체의 1.14%다. 인구 1명당 4.34㎡다. 원본 Z값은 -0.7613다.",
2024|시도|광주|광주|greenhouseZ,2024,시도,광주,광주,원지표,greenhouseZ,온실 면적 Z값,,N,"2024년 광주의 온실 면적 Z값은 -0.7613로 17개 시도 중 11위다. 평균보다 0.76 표준편차 낮다고, 평균과 다소 차이가 있는 수준이다.",
2024|시도|광주|광주|smallbiz,2024,시도,광주,광주,원지표,smallbiz,소상공인,,N,"2024년 광주의 소상공인 지표는 168,977건으로 17개 시도 중 13위이며 전체의 2.75%다. 인구 1천 명당 119.98건으로 10위다.",2024년 시도별 소상공인 값은 전체 사업체 비중으로 배분한 추정치다.
2024|시도|대전|대전|overall,2024,시도,대전,대전,종합,overall,종합 인사이트,,N,"2024년 대전의 인구는 1,439,157명으로 17개 시도 중 13위다. 우심피해액은 83.2억 원(16위)이고, 1인당 피해액은 5,779원(15위)이며 피해비중은 인구비중의 0.08배다. 인구 규모 대비 피해 부담은 매우 낮게 나타난다. 주택 수는 14위이고 인구 1천 명당 363.98건으로 시도 평균 407.27건과 비교해 낮다.",2024년 주택 값은 인구주택총조사의 주택 수이며 보험가입 건수가 아니다. 우심피해액은 2024년 단년값이 아니라 2015~2024년 누계다. 2024년 시도별 소상공인 값은 전체 사업체 비중으로 배분한 추정치다.
2024|시도|대전|대전|damage,2024,시도,대전,대전,원지표,damage,우심피해액,우심피해액(원),Y,"2024년 대전의 우심피해액은 83.2억 원으로, 17개 시도 중 16위이며 전국 합계의 0.22%다. 1인당 피해액은 5,779원(15위)이고, 피해비중/인구비중은 0.08배다.",우심피해액은 2024년 단년값이 아니라 2015~2024년 누계다.
2024|시도|대전|대전|population,2024,시도,대전,대전,원지표,population,인구수,인구수(건),Y,"2024년 대전의 인구는 1,439,157명으로 17개 시도 중 13위이며 전국의 2.81%를 차지한다. 시도 평균 인구의 0.48배다.",
2024|시도|대전|대전|housing,2024,시도,대전,대전,원지표,housing,주택 지표,주택 보험 가입 현황(건),Y,"2024년 대전의 주택 수는 523,823건으로 17개 시도 중 14위이며 전체의 2.64%다. 인구 1천 명당 363.98건으로 15위다. 원본 Z값은 -0.5608다.",2024년 주택 값은 인구주택총조사의 주택 수이며 보험가입 건수가 아니다.
2024|시도|대전|대전|housingZ,2024,시도,대전,대전,원지표,housingZ,주택 지표 Z값,주택 보험 가입 현황(Z값),Y,"2024년 대전의 주택 지표 Z값은 -0.5608로 17개 시도 중 14위다. 평균보다 0.56 표준편차 낮다고, 평균과 다소 차이가 있는 수준이다.",2024년 주택 값은 인구주택총조사의 주택 수이며 보험가입 건수가 아니다.
2024|시도|대전|대전|damagePerCapita,2024,시도,대전,대전,파생지표,damagePerCapita,1인당 우심피해액,,N,"2024년 대전의 1인당 우심피해액은 5,779원으로 17개 시도 중 15위다. 전국 전체 인구 기준 평균 1인당 피해액의 0.08배이며, 인구 규모 대비 피해 부담은 매우 낮게 나타난다.",우심피해액은 2024년 단년값이 아니라 2015~2024년 누계다.
2024|시도|대전|대전|housingPer1000,2024,시도,대전,대전,파생지표,housingPer1000,인구 1천 명당 주택 지표,,N,2024년 대전의 인구 1천 명당 주택 지표는 363.98건으로 17개 시도 중 15위다. 시도 평균의 0.89배다.,2024년 주택 값은 인구주택총조사의 주택 수이며 보험가입 건수가 아니다.
2024|시도|대전|대전|damagePerHousing,2024,시도,대전,대전,파생지표,damagePerHousing,주택 지표 1건당 우심피해액,,N,"2024년 대전의 주택 지표 1건당 우심피해액 단순 비율은 15,877원으로 17개 시도 중 15위다. 시도 평균 단순 비율의 0.07배다.",2024년 주택 값은 인구주택총조사의 주택 수이며 보험가입 건수가 아니다. 우심피해액은 2024년 단년값이 아니라 2015~2024년 누계다. 피해액과 주택 지표의 기준기간·정의가 다를 수 있어 공식 손해율이나 보험보장공백률이 아닌 탐색적 비율이다.
2024|시도|대전|대전|greenhouse,2024,시도,대전,대전,원지표,greenhouse,온실 면적,,N,"2024년 대전의 온실 면적은 1,760,000㎡로 17개 시도 중 15위이며 전체의 0.33%다. 인구 1명당 1.22㎡다. 원본 Z값은 -0.8918다.",
2024|시도|대전|대전|greenhouseZ,2024,시도,대전,대전,원지표,greenhouseZ,온실 면적 Z값,,N,"2024년 대전의 온실 면적 Z값은 -0.8918로 17개 시도 중 15위다. 평균보다 0.89 표준편차 낮다고, 평균과 다소 차이가 있는 수준이다.",
2024|시도|대전|대전|smallbiz,2024,시도,대전,대전,원지표,smallbiz,소상공인,,N,"2024년 대전의 소상공인 지표는 166,043건으로 17개 시도 중 14위이며 전체의 2.71%다. 인구 1천 명당 115.38건으로 13위다.",2024년 시도별 소상공인 값은 전체 사업체 비중으로 배분한 추정치다.
2024|시도|울산|울산|overall,2024,시도,울산,울산,종합,overall,종합 인사이트,,N,"2024년 울산의 인구는 1,098,049명으로 17개 시도 중 15위다. 우심피해액은 637.7억 원(9위)이고, 1인당 피해액은 58,073원(9위)이며 피해비중은 인구비중의 0.78배다. 인구 규모 대비 피해 부담은 낮은 편이다. 주택 수는 15위이고 인구 1천 명당 374.76건으로 시도 평균 407.27건과 비교해 낮다.",2024년 주택 값은 인구주택총조사의 주택 수이며 보험가입 건수가 아니다. 우심피해액은 2024년 단년값이 아니라 2015~2024년 누계다. 2024년 시도별 소상공인 값은 전체 사업체 비중으로 배분한 추정치다.
2024|시도|울산|울산|damage,2024,시도,울산,울산,원지표,damage,우심피해액,우심피해액(원),Y,"2024년 울산의 우심피해액은 637.7억 원으로, 17개 시도 중 9위이며 전국 합계의 1.66%다. 1인당 피해액은 58,073원(9위)이고, 피해비중/인구비중은 0.78배다.",우심피해액은 2024년 단년값이 아니라 2015~2024년 누계다.
2024|시도|울산|울산|population,2024,시도,울산,울산,원지표,population,인구수,인구수(건),Y,"2024년 울산의 인구는 1,098,049명으로 17개 시도 중 15위이며 전국의 2.14%를 차지한다. 시도 평균 인구의 0.36배다.",
2024|시도|울산|울산|housing,2024,시도,울산,울산,원지표,housing,주택 지표,주택 보험 가입 현황(건),Y,"2024년 울산의 주택 수는 411,508건으로 17개 시도 중 15위이며 전체의 2.07%다. 인구 1천 명당 374.76건으로 14위다. 원본 Z값은 -0.6584다.",2024년 주택 값은 인구주택총조사의 주택 수이며 보험가입 건수가 아니다.
2024|시도|울산|울산|housingZ,2024,시도,울산,울산,원지표,housingZ,주택 지표 Z값,주택 보험 가입 현황(Z값),Y,"2024년 울산의 주택 지표 Z값은 -0.6584로 17개 시도 중 15위다. 평균보다 0.66 표준편차 낮다고, 평균과 다소 차이가 있는 수준이다.",2024년 주택 값은 인구주택총조사의 주택 수이며 보험가입 건수가 아니다.
2024|시도|울산|울산|damagePerCapita,2024,시도,울산,울산,파생지표,damagePerCapita,1인당 우심피해액,,N,"2024년 울산의 1인당 우심피해액은 58,073원으로 17개 시도 중 9위다. 전국 전체 인구 기준 평균 1인당 피해액의 0.78배이며, 인구 규모 대비 피해 부담은 낮은 편이다.",우심피해액은 2024년 단년값이 아니라 2015~2024년 누계다.
2024|시도|울산|울산|housingPer1000,2024,시도,울산,울산,파생지표,housingPer1000,인구 1천 명당 주택 지표,,N,2024년 울산의 인구 1천 명당 주택 지표는 374.76건으로 17개 시도 중 14위다. 시도 평균의 0.92배다.,2024년 주택 값은 인구주택총조사의 주택 수이며 보험가입 건수가 아니다.
2024|시도|울산|울산|damagePerHousing,2024,시도,울산,울산,파생지표,damagePerHousing,주택 지표 1건당 우심피해액,,N,"2024년 울산의 주택 지표 1건당 우심피해액 단순 비율은 154,958원으로 17개 시도 중 8위다. 시도 평균 단순 비율의 0.66배다.",2024년 주택 값은 인구주택총조사의 주택 수이며 보험가입 건수가 아니다. 우심피해액은 2024년 단년값이 아니라 2015~2024년 누계다. 피해액과 주택 지표의 기준기간·정의가 다를 수 있어 공식 손해율이나 보험보장공백률이 아닌 탐색적 비율이다.
2024|시도|울산|울산|greenhouse,2024,시도,울산,울산,원지표,greenhouse,온실 면적,,N,"2024년 울산의 온실 면적은 2,310,000㎡로 17개 시도 중 14위이며 전체의 0.43%다. 인구 1명당 2.10㎡다. 원본 Z값은 -0.8753다.",
2024|시도|울산|울산|greenhouseZ,2024,시도,울산,울산,원지표,greenhouseZ,온실 면적 Z값,,N,"2024년 울산의 온실 면적 Z값은 -0.8753로 17개 시도 중 14위다. 평균보다 0.88 표준편차 낮다고, 평균과 다소 차이가 있는 수준이다.",
2024|시도|울산|울산|smallbiz,2024,시도,울산,울산,원지표,smallbiz,소상공인,,N,"2024년 울산의 소상공인 지표는 112,699건으로 17개 시도 중 15위이며 전체의 1.84%다. 인구 1천 명당 102.64건으로 16위다.",2024년 시도별 소상공인 값은 전체 사업체 비중으로 배분한 추정치다.
2024|시도|세종|세종|overall,2024,시도,세종,세종,종합,overall,종합 인사이트,,N,"2024년 세종의 인구는 390,685명으로 17개 시도 중 17위(최하위)다. 우심피해액은 242.1억 원(14위)이고, 1인당 피해액은 61,979원(8위)이며 피해비중은 인구비중의 0.83배다. 인구 비중과 피해 비중이 대체로 비슷한 수준이다. 주택 수는 17위(최하위)이고 인구 1천 명당 405.14건으로 시도 평균 407.27건과 비교해 비슷하다.",2024년 주택 값은 인구주택총조사의 주택 수이며 보험가입 건수가 아니다. 우심피해액은 2024년 단년값이 아니라 2015~2024년 누계다. 2024년 시도별 소상공인 값은 전체 사업체 비중으로 배분한 추정치다.
2024|시도|세종|세종|damage,2024,시도,세종,세종,원지표,damage,우심피해액,우심피해액(원),Y,"2024년 세종의 우심피해액은 242.1억 원으로, 17개 시도 중 14위이며 전국 합계의 0.63%다. 1인당 피해액은 61,979원(8위)이고, 피해비중/인구비중은 0.83배다.",우심피해액은 2024년 단년값이 아니라 2015~2024년 누계다.
2024|시도|세종|세종|population,2024,시도,세종,세종,원지표,population,인구수,인구수(건),Y,"2024년 세종의 인구는 390,685명으로 17개 시도 중 17위(최하위)이며 전국의 0.76%를 차지한다. 시도 평균 인구의 0.13배다.",
2024|시도|세종|세종|housing,2024,시도,세종,세종,원지표,housing,주택 지표,주택 보험 가입 현황(건),Y,"2024년 세종의 주택 수는 158,283건으로 17개 시도 중 17위(최하위)이며 전체의 0.80%다. 인구 1천 명당 405.14건으로 9위다. 원본 Z값은 -0.8785다.",2024년 주택 값은 인구주택총조사의 주택 수이며 보험가입 건수가 아니다.
2024|시도|세종|세종|housingZ,2024,시도,세종,세종,원지표,housingZ,주택 지표 Z값,주택 보험 가입 현황(Z값),Y,"2024년 세종의 주택 지표 Z값은 -0.8785로 17개 시도 중 17위(최하위)다. 평균보다 0.88 표준편차 낮다고, 평균과 다소 차이가 있는 수준이다.",2024년 주택 값은 인구주택총조사의 주택 수이며 보험가입 건수가 아니다.
2024|시도|세종|세종|damagePerCapita,2024,시도,세종,세종,파생지표,damagePerCapita,1인당 우심피해액,,N,"2024년 세종의 1인당 우심피해액은 61,979원으로 17개 시도 중 8위다. 전국 전체 인구 기준 평균 1인당 피해액의 0.83배이며, 인구 비중과 피해 비중이 대체로 비슷한 수준이다.",우심피해액은 2024년 단년값이 아니라 2015~2024년 누계다.
2024|시도|세종|세종|housingPer1000,2024,시도,세종,세종,파생지표,housingPer1000,인구 1천 명당 주택 지표,,N,2024년 세종의 인구 1천 명당 주택 지표는 405.14건으로 17개 시도 중 9위다. 시도 평균의 0.99배다.,2024년 주택 값은 인구주택총조사의 주택 수이며 보험가입 건수가 아니다.
2024|시도|세종|세종|damagePerHousing,2024,시도,세종,세종,파생지표,damagePerHousing,주택 지표 1건당 우심피해액,,N,"2024년 세종의 주택 지표 1건당 우심피해액 단순 비율은 152,981원으로 17개 시도 중 9위다. 시도 평균 단순 비율의 0.65배다.",2024년 주택 값은 인구주택총조사의 주택 수이며 보험가입 건수가 아니다. 우심피해액은 2024년 단년값이 아니라 2015~2024년 누계다. 피해액과 주택 지표의 기준기간·정의가 다를 수 있어 공식 손해율이나 보험보장공백률이 아닌 탐색적 비율이다.
2024|시도|세종|세종|greenhouse,2024,시도,세종,세종,원지표,greenhouse,온실 면적,,N,"2024년 세종의 온실 면적은 1,670,000㎡로 17개 시도 중 16위이며 전체의 0.31%다. 인구 1명당 4.27㎡다. 원본 Z값은 -0.8945다.",
2024|시도|세종|세종|greenhouseZ,2024,시도,세종,세종,원지표,greenhouseZ,온실 면적 Z값,,N,"2024년 세종의 온실 면적 Z값은 -0.8945로 17개 시도 중 16위다. 평균보다 0.89 표준편차 낮다고, 평균과 다소 차이가 있는 수준이다.",
2024|시도|세종|세종|smallbiz,2024,시도,세종,세종,원지표,smallbiz,소상공인,,N,"2024년 세종의 소상공인 지표는 34,871건으로 17개 시도 중 17위(최하위)이며 전체의 0.57%다. 인구 1천 명당 89.26건으로 17위(최하위)다.",2024년 시도별 소상공인 값은 전체 사업체 비중으로 배분한 추정치다.
2024|시도|경기|경기|overall,2024,시도,경기,경기,종합,overall,종합 인사이트,,N,"2024년 경기의 인구는 13,694,685명으로 17개 시도 중 1위다. 우심피해액은 6,064.8억 원(2위)이고, 1인당 피해액은 44,286원(11위)이며 피해비중은 인구비중의 0.59배다. 인구 규모 대비 피해 부담은 낮은 편이다. 주택 수는 1위이고 인구 1천 명당 362.35건으로 시도 평균 407.27건과 비교해 낮다.",2024년 주택 값은 인구주택총조사의 주택 수이며 보험가입 건수가 아니다. 우심피해액은 2024년 단년값이 아니라 2015~2024년 누계다. 2024년 시도별 소상공인 값은 전체 사업체 비중으로 배분한 추정치다.
2024|시도|경기|경기|damage,2024,시도,경기,경기,원지표,damage,우심피해액,우심피해액(원),Y,"2024년 경기의 우심피해액은 6,064.8억 원으로, 17개 시도 중 2위이며 전국 합계의 15.82%다. 1인당 피해액은 44,286원(11위)이고, 피해비중/인구비중은 0.59배다.",우심피해액은 2024년 단년값이 아니라 2015~2024년 누계다.
2024|시도|경기|경기|population,2024,시도,경기,경기,원지표,population,인구수,인구수(건),Y,"2024년 경기의 인구는 13,694,685명으로 17개 시도 중 1위이며 전국의 26.74%를 차지한다. 시도 평균 인구의 4.55배다.",
2024|시도|경기|경기|housing,2024,시도,경기,경기,원지표,housing,주택 지표,주택 보험 가입 현황(건),Y,"2024년 경기의 주택 수는 4,962,282건으로 17개 시도 중 1위이며 전체의 24.97%다. 인구 1천 명당 362.35건으로 16위다. 원본 Z값은 +3.2972다.",2024년 주택 값은 인구주택총조사의 주택 수이며 보험가입 건수가 아니다.
2024|시도|경기|경기|housingZ,2024,시도,경기,경기,원지표,housingZ,주택 지표 Z값,주택 보험 가입 현황(Z값),Y,"2024년 경기의 주택 지표 Z값은 +3.2972로 17개 시도 중 1위다. 평균보다 3.30 표준편차 높다고, 평균에서 매우 멀리 떨어진 수준이다.",2024년 주택 값은 인구주택총조사의 주택 수이며 보험가입 건수가 아니다.
2024|시도|경기|경기|damagePerCapita,2024,시도,경기,경기,파생지표,damagePerCapita,1인당 우심피해액,,N,"2024년 경기의 1인당 우심피해액은 44,286원으로 17개 시도 중 11위다. 전국 전체 인구 기준 평균 1인당 피해액의 0.59배이며, 인구 규모 대비 피해 부담은 낮은 편이다.",우심피해액은 2024년 단년값이 아니라 2015~2024년 누계다.
2024|시도|경기|경기|housingPer1000,2024,시도,경기,경기,파생지표,housingPer1000,인구 1천 명당 주택 지표,,N,2024년 경기의 인구 1천 명당 주택 지표는 362.35건으로 17개 시도 중 16위다. 시도 평균의 0.89배다.,2024년 주택 값은 인구주택총조사의 주택 수이며 보험가입 건수가 아니다.
2024|시도|경기|경기|damagePerHousing,2024,시도,경기,경기,파생지표,damagePerHousing,주택 지표 1건당 우심피해액,,N,"2024년 경기의 주택 지표 1건당 우심피해액 단순 비율은 122,218원으로 17개 시도 중 10위다. 시도 평균 단순 비율의 0.52배다.",2024년 주택 값은 인구주택총조사의 주택 수이며 보험가입 건수가 아니다. 우심피해액은 2024년 단년값이 아니라 2015~2024년 누계다. 피해액과 주택 지표의 기준기간·정의가 다를 수 있어 공식 손해율이나 보험보장공백률이 아닌 탐색적 비율이다.
2024|시도|경기|경기|greenhouse,2024,시도,경기,경기,원지표,greenhouse,온실 면적,,N,"2024년 경기의 온실 면적은 64,530,000㎡로 17개 시도 중 4위이며 전체의 12.06%다. 인구 1명당 4.71㎡다. 원본 Z값은 +0.9917다.",
2024|시도|경기|경기|greenhouseZ,2024,시도,경기,경기,원지표,greenhouseZ,온실 면적 Z값,,N,"2024년 경기의 온실 면적 Z값은 +0.9917로 17개 시도 중 4위다. 평균보다 0.99 표준편차 높다고, 평균과 다소 차이가 있는 수준이다.",
2024|시도|경기|경기|smallbiz,2024,시도,경기,경기,원지표,smallbiz,소상공인,,N,"2024년 경기의 소상공인 지표는 1,545,567건으로 17개 시도 중 1위이며 전체의 25.20%다. 인구 1천 명당 112.86건으로 14위다.",2024년 시도별 소상공인 값은 전체 사업체 비중으로 배분한 추정치다.
2024|시도|강원|강원|overall,2024,시도,강원,강원,종합,overall,종합 인사이트,,N,"2024년 강원의 인구는 1,517,766명으로 17개 시도 중 12위다. 우심피해액은 2,570.2억 원(6위)이고, 1인당 피해액은 169,341원(4위)이며 피해비중은 인구비중의 2.26배다. 인구 규모보다 피해 부담이 뚜렷하게 높은 편이다. 주택 수는 12위이고 인구 1천 명당 450.95건으로 시도 평균 407.27건과 비교해 높다.",2024년 주택 값은 인구주택총조사의 주택 수이며 보험가입 건수가 아니다. 우심피해액은 2024년 단년값이 아니라 2015~2024년 누계다. 2024년 시도별 소상공인 값은 전체 사업체 비중으로 배분한 추정치다.
2024|시도|강원|강원|damage,2024,시도,강원,강원,원지표,damage,우심피해액,우심피해액(원),Y,"2024년 강원의 우심피해액은 2,570.2억 원으로, 17개 시도 중 6위이며 전국 합계의 6.71%다. 1인당 피해액은 169,341원(4위)이고, 피해비중/인구비중은 2.26배다.",우심피해액은 2024년 단년값이 아니라 2015~2024년 누계다.
2024|시도|강원|강원|population,2024,시도,강원,강원,원지표,population,인구수,인구수(건),Y,"2024년 강원의 인구는 1,517,766명으로 17개 시도 중 12위이며 전국의 2.96%를 차지한다. 시도 평균 인구의 0.50배다.",
2024|시도|강원|강원|housing,2024,시도,강원,강원,원지표,housing,주택 지표,주택 보험 가입 현황(건),Y,"2024년 강원의 주택 수는 684,430건으로 17개 시도 중 12위이며 전체의 3.44%다. 인구 1천 명당 450.95건으로 2위다. 원본 Z값은 -0.4212다.",2024년 주택 값은 인구주택총조사의 주택 수이며 보험가입 건수가 아니다.
2024|시도|강원|강원|housingZ,2024,시도,강원,강원,원지표,housingZ,주택 지표 Z값,주택 보험 가입 현황(Z값),Y,"2024년 강원의 주택 지표 Z값은 -0.4212로 17개 시도 중 12위다. 평균보다 0.42 표준편차 낮다고, 평균에 가까운 수준이다.",2024년 주택 값은 인구주택총조사의 주택 수이며 보험가입 건수가 아니다.
2024|시도|강원|강원|damagePerCapita,2024,시도,강원,강원,파생지표,damagePerCapita,1인당 우심피해액,,N,"2024년 강원의 1인당 우심피해액은 169,341원으로 17개 시도 중 4위다. 전국 전체 인구 기준 평균 1인당 피해액의 2.26배이며, 인구 규모보다 피해 부담이 뚜렷하게 높은 편이다.",우심피해액은 2024년 단년값이 아니라 2015~2024년 누계다.
2024|시도|강원|강원|housingPer1000,2024,시도,강원,강원,파생지표,housingPer1000,인구 1천 명당 주택 지표,,N,2024년 강원의 인구 1천 명당 주택 지표는 450.95건으로 17개 시도 중 2위다. 시도 평균의 1.11배다.,2024년 주택 값은 인구주택총조사의 주택 수이며 보험가입 건수가 아니다.
2024|시도|강원|강원|damagePerHousing,2024,시도,강원,강원,파생지표,damagePerHousing,주택 지표 1건당 우심피해액,,N,"2024년 강원의 주택 지표 1건당 우심피해액 단순 비율은 375,523원으로 17개 시도 중 4위다. 시도 평균 단순 비율의 1.61배다.",2024년 주택 값은 인구주택총조사의 주택 수이며 보험가입 건수가 아니다. 우심피해액은 2024년 단년값이 아니라 2015~2024년 누계다. 피해액과 주택 지표의 기준기간·정의가 다를 수 있어 공식 손해율이나 보험보장공백률이 아닌 탐색적 비율이다.
2024|시도|강원|강원|greenhouse,2024,시도,강원,강원,원지표,greenhouse,온실 면적,,N,"2024년 강원의 온실 면적은 34,890,000㎡로 17개 시도 중 7위이며 전체의 6.52%다. 인구 1명당 22.99㎡다. 원본 Z값은 +0.1023다.",
2024|시도|강원|강원|greenhouseZ,2024,시도,강원,강원,원지표,greenhouseZ,온실 면적 Z값,,N,"2024년 강원의 온실 면적 Z값은 +0.1023로 17개 시도 중 7위다. 평균보다 0.10 표준편차 높다고, 평균에 가까운 수준이다.",
2024|시도|강원|강원|smallbiz,2024,시도,강원,강원,원지표,smallbiz,소상공인,,N,"2024년 강원의 소상공인 지표는 207,379건으로 17개 시도 중 11위이며 전체의 3.38%다. 인구 1천 명당 136.63건으로 4위다.",2024년 시도별 소상공인 값은 전체 사업체 비중으로 배분한 추정치다.
2024|시도|충북|충북|overall,2024,시도,충북,충북,종합,overall,종합 인사이트,,N,"2024년 충북의 인구는 1,591,177명으로 17개 시도 중 11위다. 우심피해액은 4,891.8억 원(4위)이고, 1인당 피해액은 307,432원(2위)이며 피해비중은 인구비중의 4.11배다. 인구 규모에 비해 피해가 매우 크게 집중된 지역이다. 주택 수는 11위이고 인구 1천 명당 430.89건으로 시도 평균 407.27건과 비교해 높다.",2024년 주택 값은 인구주택총조사의 주택 수이며 보험가입 건수가 아니다. 우심피해액은 2024년 단년값이 아니라 2015~2024년 누계다. 2024년 시도별 소상공인 값은 전체 사업체 비중으로 배분한 추정치다.
2024|시도|충북|충북|damage,2024,시도,충북,충북,원지표,damage,우심피해액,우심피해액(원),Y,"2024년 충북의 우심피해액은 4,891.8억 원으로, 17개 시도 중 4위이며 전국 합계의 12.76%다. 1인당 피해액은 307,432원(2위)이고, 피해비중/인구비중은 4.11배다.",우심피해액은 2024년 단년값이 아니라 2015~2024년 누계다.
2024|시도|충북|충북|population,2024,시도,충북,충북,원지표,population,인구수,인구수(건),Y,"2024년 충북의 인구는 1,591,177명으로 17개 시도 중 11위이며 전국의 3.11%를 차지한다. 시도 평균 인구의 0.53배다.",
2024|시도|충북|충북|housing,2024,시도,충북,충북,원지표,housing,주택 지표,주택 보험 가입 현황(건),Y,"2024년 충북의 주택 수는 685,622건으로 17개 시도 중 11위이며 전체의 3.45%다. 인구 1천 명당 430.89건으로 6위다. 원본 Z값은 -0.4201다.",2024년 주택 값은 인구주택총조사의 주택 수이며 보험가입 건수가 아니다.
2024|시도|충북|충북|housingZ,2024,시도,충북,충북,원지표,housingZ,주택 지표 Z값,주택 보험 가입 현황(Z값),Y,"2024년 충북의 주택 지표 Z값은 -0.4201로 17개 시도 중 11위다. 평균보다 0.42 표준편차 낮다고, 평균에 가까운 수준이다.",2024년 주택 값은 인구주택총조사의 주택 수이며 보험가입 건수가 아니다.
2024|시도|충북|충북|damagePerCapita,2024,시도,충북,충북,파생지표,damagePerCapita,1인당 우심피해액,,N,"2024년 충북의 1인당 우심피해액은 307,432원으로 17개 시도 중 2위다. 전국 전체 인구 기준 평균 1인당 피해액의 4.11배이며, 인구 규모에 비해 피해가 매우 크게 집중된 지역이다.",우심피해액은 2024년 단년값이 아니라 2015~2024년 누계다.
2024|시도|충북|충북|housingPer1000,2024,시도,충북,충북,파생지표,housingPer1000,인구 1천 명당 주택 지표,,N,2024년 충북의 인구 1천 명당 주택 지표는 430.89건으로 17개 시도 중 6위다. 시도 평균의 1.06배다.,2024년 주택 값은 인구주택총조사의 주택 수이며 보험가입 건수가 아니다.
2024|시도|충북|충북|damagePerHousing,2024,시도,충북,충북,파생지표,damagePerHousing,주택 지표 1건당 우심피해액,,N,"2024년 충북의 주택 지표 1건당 우심피해액 단순 비율은 713,481원으로 17개 시도 중 2위다. 시도 평균 단순 비율의 3.05배다.",2024년 주택 값은 인구주택총조사의 주택 수이며 보험가입 건수가 아니다. 우심피해액은 2024년 단년값이 아니라 2015~2024년 누계다. 피해액과 주택 지표의 기준기간·정의가 다를 수 있어 공식 손해율이나 보험보장공백률이 아닌 탐색적 비율이다.
2024|시도|충북|충북|greenhouse,2024,시도,충북,충북,원지표,greenhouse,온실 면적,,N,"2024년 충북의 온실 면적은 29,230,000㎡로 17개 시도 중 8위이며 전체의 5.46%다. 인구 1명당 18.37㎡다. 원본 Z값은 -0.0675다.",
2024|시도|충북|충북|greenhouseZ,2024,시도,충북,충북,원지표,greenhouseZ,온실 면적 Z값,,N,"2024년 충북의 온실 면적 Z값은 -0.0675로 17개 시도 중 8위다. 평균보다 0.07 표준편차 낮다고, 평균에 가까운 수준이다.",
2024|시도|충북|충북|smallbiz,2024,시도,충북,충북,원지표,smallbiz,소상공인,,N,"2024년 충북의 소상공인 지표는 200,949건으로 17개 시도 중 12위이며 전체의 3.28%다. 인구 1천 명당 126.29건으로 7위다.",2024년 시도별 소상공인 값은 전체 사업체 비중으로 배분한 추정치다.
2024|시도|충남|충남|overall,2024,시도,충남,충남,종합,overall,종합 인사이트,,N,"2024년 충남의 인구는 2,136,574명으로 17개 시도 중 8위다. 우심피해액은 4,903.8억 원(3위)이고, 1인당 피해액은 229,516원(3위)이며 피해비중은 인구비중의 3.07배다. 인구 규모에 비해 피해가 매우 크게 집중된 지역이다. 주택 수는 7위이고 인구 1천 명당 443.79건으로 시도 평균 407.27건과 비교해 높다.",2024년 주택 값은 인구주택총조사의 주택 수이며 보험가입 건수가 아니다. 우심피해액은 2024년 단년값이 아니라 2015~2024년 누계다. 2024년 시도별 소상공인 값은 전체 사업체 비중으로 배분한 추정치다.
2024|시도|충남|충남|damage,2024,시도,충남,충남,원지표,damage,우심피해액,우심피해액(원),Y,"2024년 충남의 우심피해액은 4,903.8억 원으로, 17개 시도 중 3위이며 전국 합계의 12.80%다. 1인당 피해액은 229,516원(3위)이고, 피해비중/인구비중은 3.07배다.",우심피해액은 2024년 단년값이 아니라 2015~2024년 누계다.
2024|시도|충남|충남|population,2024,시도,충남,충남,원지표,population,인구수,인구수(건),Y,"2024년 충남의 인구는 2,136,574명으로 17개 시도 중 8위이며 전국의 4.17%를 차지한다. 시도 평균 인구의 0.71배다.",
2024|시도|충남|충남|housing,2024,시도,충남,충남,원지표,housing,주택 지표,주택 보험 가입 현황(건),Y,"2024년 충남의 주택 수는 948,183건으로 17개 시도 중 7위이며 전체의 4.77%다. 인구 1천 명당 443.79건으로 5위다. 원본 Z값은 -0.1919다.",2024년 주택 값은 인구주택총조사의 주택 수이며 보험가입 건수가 아니다.
2024|시도|충남|충남|housingZ,2024,시도,충남,충남,원지표,housingZ,주택 지표 Z값,주택 보험 가입 현황(Z값),Y,"2024년 충남의 주택 지표 Z값은 -0.1919로 17개 시도 중 7위다. 평균보다 0.19 표준편차 낮다고, 평균에 가까운 수준이다.",2024년 주택 값은 인구주택총조사의 주택 수이며 보험가입 건수가 아니다.
2024|시도|충남|충남|damagePerCapita,2024,시도,충남,충남,파생지표,damagePerCapita,1인당 우심피해액,,N,"2024년 충남의 1인당 우심피해액은 229,516원으로 17개 시도 중 3위다. 전국 전체 인구 기준 평균 1인당 피해액의 3.07배이며, 인구 규모에 비해 피해가 매우 크게 집중된 지역이다.",우심피해액은 2024년 단년값이 아니라 2015~2024년 누계다.
2024|시도|충남|충남|housingPer1000,2024,시도,충남,충남,파생지표,housingPer1000,인구 1천 명당 주택 지표,,N,2024년 충남의 인구 1천 명당 주택 지표는 443.79건으로 17개 시도 중 5위다. 시도 평균의 1.09배다.,2024년 주택 값은 인구주택총조사의 주택 수이며 보험가입 건수가 아니다.
2024|시도|충남|충남|damagePerHousing,2024,시도,충남,충남,파생지표,damagePerHousing,주택 지표 1건당 우심피해액,,N,"2024년 충남의 주택 지표 1건당 우심피해액 단순 비율은 517,177원으로 17개 시도 중 3위다. 시도 평균 단순 비율의 2.21배다.",2024년 주택 값은 인구주택총조사의 주택 수이며 보험가입 건수가 아니다. 우심피해액은 2024년 단년값이 아니라 2015~2024년 누계다. 피해액과 주택 지표의 기준기간·정의가 다를 수 있어 공식 손해율이나 보험보장공백률이 아닌 탐색적 비율이다.
2024|시도|충남|충남|greenhouse,2024,시도,충남,충남,원지표,greenhouse,온실 면적,,N,"2024년 충남의 온실 면적은 76,840,000㎡로 17개 시도 중 3위이며 전체의 14.36%다. 인구 1명당 35.96㎡다. 원본 Z값은 +1.3611다.",
2024|시도|충남|충남|greenhouseZ,2024,시도,충남,충남,원지표,greenhouseZ,온실 면적 Z값,,N,"2024년 충남의 온실 면적 Z값은 +1.3611로 17개 시도 중 3위다. 평균보다 1.36 표준편차 높다고, 평균과 차이가 큰 수준이다.",
2024|시도|충남|충남|smallbiz,2024,시도,충남,충남,원지표,smallbiz,소상공인,,N,"2024년 충남의 소상공인 지표는 277,909건으로 17개 시도 중 7위이며 전체의 4.53%다. 인구 1천 명당 130.07건으로 6위다.",2024년 시도별 소상공인 값은 전체 사업체 비중으로 배분한 추정치다.
2024|시도|전북|전북|overall,2024,시도,전북,전북,종합,overall,종합 인사이트,,N,"2024년 전북의 인구는 1,738,690명으로 17개 시도 중 10위다. 우심피해액은 2,538.5억 원(7위)이고, 1인당 피해액은 146,002원(6위)이며 피해비중은 인구비중의 1.95배다. 인구 규모보다 피해 부담이 뚜렷하게 높은 편이다. 주택 수는 10위이고 인구 1천 명당 444.96건으로 시도 평균 407.27건과 비교해 높다.",2024년 주택 값은 인구주택총조사의 주택 수이며 보험가입 건수가 아니다. 우심피해액은 2024년 단년값이 아니라 2015~2024년 누계다. 2024년 시도별 소상공인 값은 전체 사업체 비중으로 배분한 추정치다.
2024|시도|전북|전북|damage,2024,시도,전북,전북,원지표,damage,우심피해액,우심피해액(원),Y,"2024년 전북의 우심피해액은 2,538.5억 원으로, 17개 시도 중 7위이며 전국 합계의 6.62%다. 1인당 피해액은 146,002원(6위)이고, 피해비중/인구비중은 1.95배다.",우심피해액은 2024년 단년값이 아니라 2015~2024년 누계다.
2024|시도|전북|전북|population,2024,시도,전북,전북,원지표,population,인구수,인구수(건),Y,"2024년 전북의 인구는 1,738,690명으로 17개 시도 중 10위이며 전국의 3.39%를 차지한다. 시도 평균 인구의 0.58배다.",
2024|시도|전북|전북|housing,2024,시도,전북,전북,원지표,housing,주택 지표,주택 보험 가입 현황(건),Y,"2024년 전북의 주택 수는 773,649건으로 17개 시도 중 10위이며 전체의 3.89%다. 인구 1천 명당 444.96건으로 4위다. 원본 Z값은 -0.3436다.",2024년 주택 값은 인구주택총조사의 주택 수이며 보험가입 건수가 아니다.
2024|시도|전북|전북|housingZ,2024,시도,전북,전북,원지표,housingZ,주택 지표 Z값,주택 보험 가입 현황(Z값),Y,"2024년 전북의 주택 지표 Z값은 -0.3436로 17개 시도 중 10위다. 평균보다 0.34 표준편차 낮다고, 평균에 가까운 수준이다.",2024년 주택 값은 인구주택총조사의 주택 수이며 보험가입 건수가 아니다.
2024|시도|전북|전북|damagePerCapita,2024,시도,전북,전북,파생지표,damagePerCapita,1인당 우심피해액,,N,"2024년 전북의 1인당 우심피해액은 146,002원으로 17개 시도 중 6위다. 전국 전체 인구 기준 평균 1인당 피해액의 1.95배이며, 인구 규모보다 피해 부담이 뚜렷하게 높은 편이다.",우심피해액은 2024년 단년값이 아니라 2015~2024년 누계다.
2024|시도|전북|전북|housingPer1000,2024,시도,전북,전북,파생지표,housingPer1000,인구 1천 명당 주택 지표,,N,2024년 전북의 인구 1천 명당 주택 지표는 444.96건으로 17개 시도 중 4위다. 시도 평균의 1.09배다.,2024년 주택 값은 인구주택총조사의 주택 수이며 보험가입 건수가 아니다.
2024|시도|전북|전북|damagePerHousing,2024,시도,전북,전북,파생지표,damagePerHousing,주택 지표 1건당 우심피해액,,N,"2024년 전북의 주택 지표 1건당 우심피해액 단순 비율은 328,124원으로 17개 시도 중 6위다. 시도 평균 단순 비율의 1.40배다.",2024년 주택 값은 인구주택총조사의 주택 수이며 보험가입 건수가 아니다. 우심피해액은 2024년 단년값이 아니라 2015~2024년 누계다. 피해액과 주택 지표의 기준기간·정의가 다를 수 있어 공식 손해율이나 보험보장공백률이 아닌 탐색적 비율이다.
2024|시도|전북|전북|greenhouse,2024,시도,전북,전북,원지표,greenhouse,온실 면적,,N,"2024년 전북의 온실 면적은 52,510,000㎡로 17개 시도 중 5위이며 전체의 9.81%다. 인구 1명당 30.20㎡다. 원본 Z값은 +0.6310다.",
2024|시도|전북|전북|greenhouseZ,2024,시도,전북,전북,원지표,greenhouseZ,온실 면적 Z값,,N,"2024년 전북의 온실 면적 Z값은 +0.6310로 17개 시도 중 5위다. 평균보다 0.63 표준편차 높다고, 평균과 다소 차이가 있는 수준이다.",
2024|시도|전북|전북|smallbiz,2024,시도,전북,전북,원지표,smallbiz,소상공인,,N,"2024년 전북의 소상공인 지표는 244,122건으로 17개 시도 중 10위이며 전체의 3.98%다. 인구 1천 명당 140.41건으로 2위다.",2024년 시도별 소상공인 값은 전체 사업체 비중으로 배분한 추정치다.
2024|시도|전남|전남|overall,2024,시도,전남,전남,종합,overall,종합 인사이트,,N,"2024년 전남의 인구는 1,788,819명으로 17개 시도 중 9위다. 우심피해액은 2,900.0억 원(5위)이고, 1인당 피해액은 162,119원(5위)이며 피해비중은 인구비중의 2.17배다. 인구 규모보다 피해 부담이 뚜렷하게 높은 편이다. 주택 수는 9위이고 인구 1천 명당 473.41건으로 시도 평균 407.27건과 비교해 높다.",2024년 주택 값은 인구주택총조사의 주택 수이며 보험가입 건수가 아니다. 우심피해액은 2024년 단년값이 아니라 2015~2024년 누계다. 2024년 시도별 소상공인 값은 전체 사업체 비중으로 배분한 추정치다.
2024|시도|전남|전남|damage,2024,시도,전남,전남,원지표,damage,우심피해액,우심피해액(원),Y,"2024년 전남의 우심피해액은 2,900.0억 원으로, 17개 시도 중 5위이며 전국 합계의 7.57%다. 1인당 피해액은 162,119원(5위)이고, 피해비중/인구비중은 2.17배다.",우심피해액은 2024년 단년값이 아니라 2015~2024년 누계다.
2024|시도|전남|전남|population,2024,시도,전남,전남,원지표,population,인구수,인구수(건),Y,"2024년 전남의 인구는 1,788,819명으로 17개 시도 중 9위이며 전국의 3.49%를 차지한다. 시도 평균 인구의 0.59배다.",
2024|시도|전남|전남|housing,2024,시도,전남,전남,원지표,housing,주택 지표,주택 보험 가입 현황(건),Y,"2024년 전남의 주택 수는 846,848건으로 17개 시도 중 9위이며 전체의 4.26%다. 인구 1천 명당 473.41건으로 1위다. 원본 Z값은 -0.2800다.",2024년 주택 값은 인구주택총조사의 주택 수이며 보험가입 건수가 아니다.
2024|시도|전남|전남|housingZ,2024,시도,전남,전남,원지표,housingZ,주택 지표 Z값,주택 보험 가입 현황(Z값),Y,"2024년 전남의 주택 지표 Z값은 -0.2800로 17개 시도 중 9위다. 평균보다 0.28 표준편차 낮다고, 평균에 가까운 수준이다.",2024년 주택 값은 인구주택총조사의 주택 수이며 보험가입 건수가 아니다.
2024|시도|전남|전남|damagePerCapita,2024,시도,전남,전남,파생지표,damagePerCapita,1인당 우심피해액,,N,"2024년 전남의 1인당 우심피해액은 162,119원으로 17개 시도 중 5위다. 전국 전체 인구 기준 평균 1인당 피해액의 2.17배이며, 인구 규모보다 피해 부담이 뚜렷하게 높은 편이다.",우심피해액은 2024년 단년값이 아니라 2015~2024년 누계다.
2024|시도|전남|전남|housingPer1000,2024,시도,전남,전남,파생지표,housingPer1000,인구 1천 명당 주택 지표,,N,2024년 전남의 인구 1천 명당 주택 지표는 473.41건으로 17개 시도 중 1위다. 시도 평균의 1.16배다.,2024년 주택 값은 인구주택총조사의 주택 수이며 보험가입 건수가 아니다.
2024|시도|전남|전남|damagePerHousing,2024,시도,전남,전남,파생지표,damagePerHousing,주택 지표 1건당 우심피해액,,N,"2024년 전남의 주택 지표 1건당 우심피해액 단순 비율은 342,449원으로 17개 시도 중 5위다. 시도 평균 단순 비율의 1.47배다.",2024년 주택 값은 인구주택총조사의 주택 수이며 보험가입 건수가 아니다. 우심피해액은 2024년 단년값이 아니라 2015~2024년 누계다. 피해액과 주택 지표의 기준기간·정의가 다를 수 있어 공식 손해율이나 보험보장공백률이 아닌 탐색적 비율이다.
2024|시도|전남|전남|greenhouse,2024,시도,전남,전남,원지표,greenhouse,온실 면적,,N,"2024년 전남의 온실 면적은 51,820,000㎡로 17개 시도 중 6위이며 전체의 9.68%다. 인구 1명당 28.97㎡다. 원본 Z값은 +0.6103다.",
2024|시도|전남|전남|greenhouseZ,2024,시도,전남,전남,원지표,greenhouseZ,온실 면적 Z값,,N,"2024년 전남의 온실 면적 Z값은 +0.6103로 17개 시도 중 6위다. 평균보다 0.61 표준편차 높다고, 평균과 다소 차이가 있는 수준이다.",
2024|시도|전남|전남|smallbiz,2024,시도,전남,전남,원지표,smallbiz,소상공인,,N,"2024년 전남의 소상공인 지표는 244,948건으로 17개 시도 중 9위이며 전체의 3.99%다. 인구 1천 명당 136.93건으로 3위다.",2024년 시도별 소상공인 값은 전체 사업체 비중으로 배분한 추정치다.
2024|시도|경북|경북|overall,2024,시도,경북,경북,종합,overall,종합 인사이트,,N,"2024년 경북의 인구는 2,531,384명으로 17개 시도 중 6위다. 우심피해액은 9,090.6억 원(1위)이고, 1인당 피해액은 359,117원(1위)이며 피해비중은 인구비중의 4.80배다. 인구 규모에 비해 피해가 매우 크게 집중된 지역이다. 주택 수는 6위이고 인구 1천 명당 445.92건으로 시도 평균 407.27건과 비교해 높다.",2024년 주택 값은 인구주택총조사의 주택 수이며 보험가입 건수가 아니다. 우심피해액은 2024년 단년값이 아니라 2015~2024년 누계다. 2024년 시도별 소상공인 값은 전체 사업체 비중으로 배분한 추정치다.
2024|시도|경북|경북|damage,2024,시도,경북,경북,원지표,damage,우심피해액,우심피해액(원),Y,"2024년 경북의 우심피해액은 9,090.6억 원으로, 17개 시도 중 1위이며 전국 합계의 23.72%다. 1인당 피해액은 359,117원(1위)이고, 피해비중/인구비중은 4.80배다.",우심피해액은 2024년 단년값이 아니라 2015~2024년 누계다.
2024|시도|경북|경북|population,2024,시도,경북,경북,원지표,population,인구수,인구수(건),Y,"2024년 경북의 인구는 2,531,384명으로 17개 시도 중 6위이며 전국의 4.94%를 차지한다. 시도 평균 인구의 0.84배다.",
2024|시도|경북|경북|housing,2024,시도,경북,경북,원지표,housing,주택 지표,주택 보험 가입 현황(건),Y,"2024년 경북의 주택 수는 1,128,786건으로 17개 시도 중 6위이며 전체의 5.68%다. 인구 1천 명당 445.92건으로 3위다. 원본 Z값은 -0.0349다.",2024년 주택 값은 인구주택총조사의 주택 수이며 보험가입 건수가 아니다.
2024|시도|경북|경북|housingZ,2024,시도,경북,경북,원지표,housingZ,주택 지표 Z값,주택 보험 가입 현황(Z값),Y,"2024년 경북의 주택 지표 Z값은 -0.0349로 17개 시도 중 6위다. 평균보다 0.03 표준편차 낮다고, 평균에 가까운 수준이다.",2024년 주택 값은 인구주택총조사의 주택 수이며 보험가입 건수가 아니다.
2024|시도|경북|경북|damagePerCapita,2024,시도,경북,경북,파생지표,damagePerCapita,1인당 우심피해액,,N,"2024년 경북의 1인당 우심피해액은 359,117원으로 17개 시도 중 1위다. 전국 전체 인구 기준 평균 1인당 피해액의 4.80배이며, 인구 규모에 비해 피해가 매우 크게 집중된 지역이다.",우심피해액은 2024년 단년값이 아니라 2015~2024년 누계다.
2024|시도|경북|경북|housingPer1000,2024,시도,경북,경북,파생지표,housingPer1000,인구 1천 명당 주택 지표,,N,2024년 경북의 인구 1천 명당 주택 지표는 445.92건으로 17개 시도 중 3위다. 시도 평균의 1.09배다.,2024년 주택 값은 인구주택총조사의 주택 수이며 보험가입 건수가 아니다.
2024|시도|경북|경북|damagePerHousing,2024,시도,경북,경북,파생지표,damagePerHousing,주택 지표 1건당 우심피해액,,N,"2024년 경북의 주택 지표 1건당 우심피해액 단순 비율은 805,346원으로 17개 시도 중 1위다. 시도 평균 단순 비율의 3.45배다.",2024년 주택 값은 인구주택총조사의 주택 수이며 보험가입 건수가 아니다. 우심피해액은 2024년 단년값이 아니라 2015~2024년 누계다. 피해액과 주택 지표의 기준기간·정의가 다를 수 있어 공식 손해율이나 보험보장공백률이 아닌 탐색적 비율이다.
2024|시도|경북|경북|greenhouse,2024,시도,경북,경북,원지표,greenhouse,온실 면적,,N,"2024년 경북의 온실 면적은 87,690,000㎡로 17개 시도 중 2위이며 전체의 16.39%다. 인구 1명당 34.64㎡다. 원본 Z값은 +1.6866다.",
2024|시도|경북|경북|greenhouseZ,2024,시도,경북,경북,원지표,greenhouseZ,온실 면적 Z값,,N,"2024년 경북의 온실 면적 Z값은 +1.6866로 17개 시도 중 2위다. 평균보다 1.69 표준편차 높다고, 평균과 차이가 큰 수준이다.",
2024|시도|경북|경북|smallbiz,2024,시도,경북,경북,원지표,smallbiz,소상공인,,N,"2024년 경북의 소상공인 지표는 332,885건으로 17개 시도 중 5위이며 전체의 5.43%다. 인구 1천 명당 131.50건으로 5위다.",2024년 시도별 소상공인 값은 전체 사업체 비중으로 배분한 추정치다.
2024|시도|경남|경남|overall,2024,시도,경남,경남,종합,overall,종합 인사이트,,N,"2024년 경남의 인구는 3,228,380명으로 17개 시도 중 4위다. 우심피해액은 2,499.6억 원(8위)이고, 1인당 피해액은 77,427원(7위)이며 피해비중은 인구비중의 1.03배다. 인구 비중과 피해 비중이 대체로 비슷한 수준이다. 주택 수는 4위이고 인구 1천 명당 415.57건으로 시도 평균 407.27건과 비교해 비슷하다.",2024년 주택 값은 인구주택총조사의 주택 수이며 보험가입 건수가 아니다. 우심피해액은 2024년 단년값이 아니라 2015~2024년 누계다. 2024년 시도별 소상공인 값은 전체 사업체 비중으로 배분한 추정치다.
2024|시도|경남|경남|damage,2024,시도,경남,경남,원지표,damage,우심피해액,우심피해액(원),Y,"2024년 경남의 우심피해액은 2,499.6억 원으로, 17개 시도 중 8위이며 전국 합계의 6.52%다. 1인당 피해액은 77,427원(7위)이고, 피해비중/인구비중은 1.03배다.",우심피해액은 2024년 단년값이 아니라 2015~2024년 누계다.
2024|시도|경남|경남|population,2024,시도,경남,경남,원지표,population,인구수,인구수(건),Y,"2024년 경남의 인구는 3,228,380명으로 17개 시도 중 4위이며 전국의 6.30%를 차지한다. 시도 평균 인구의 1.07배다.",
2024|시도|경남|경남|housing,2024,시도,경남,경남,원지표,housing,주택 지표,주택 보험 가입 현황(건),Y,"2024년 경남의 주택 수는 1,341,627건으로 17개 시도 중 4위이며 전체의 6.75%다. 인구 1천 명당 415.57건으로 7위다. 원본 Z값은 +0.1501다.",2024년 주택 값은 인구주택총조사의 주택 수이며 보험가입 건수가 아니다.
2024|시도|경남|경남|housingZ,2024,시도,경남,경남,원지표,housingZ,주택 지표 Z값,주택 보험 가입 현황(Z값),Y,"2024년 경남의 주택 지표 Z값은 +0.1501로 17개 시도 중 4위다. 평균보다 0.15 표준편차 높다고, 평균에 가까운 수준이다.",2024년 주택 값은 인구주택총조사의 주택 수이며 보험가입 건수가 아니다.
2024|시도|경남|경남|damagePerCapita,2024,시도,경남,경남,파생지표,damagePerCapita,1인당 우심피해액,,N,"2024년 경남의 1인당 우심피해액은 77,427원으로 17개 시도 중 7위다. 전국 전체 인구 기준 평균 1인당 피해액의 1.03배이며, 인구 비중과 피해 비중이 대체로 비슷한 수준이다.",우심피해액은 2024년 단년값이 아니라 2015~2024년 누계다.
2024|시도|경남|경남|housingPer1000,2024,시도,경남,경남,파생지표,housingPer1000,인구 1천 명당 주택 지표,,N,2024년 경남의 인구 1천 명당 주택 지표는 415.57건으로 17개 시도 중 7위다. 시도 평균의 1.02배다.,2024년 주택 값은 인구주택총조사의 주택 수이며 보험가입 건수가 아니다.
2024|시도|경남|경남|damagePerHousing,2024,시도,경남,경남,파생지표,damagePerHousing,주택 지표 1건당 우심피해액,,N,"2024년 경남의 주택 지표 1건당 우심피해액 단순 비율은 186,314원으로 17개 시도 중 7위다. 시도 평균 단순 비율의 0.80배다.",2024년 주택 값은 인구주택총조사의 주택 수이며 보험가입 건수가 아니다. 우심피해액은 2024년 단년값이 아니라 2015~2024년 누계다. 피해액과 주택 지표의 기준기간·정의가 다를 수 있어 공식 손해율이나 보험보장공백률이 아닌 탐색적 비율이다.
2024|시도|경남|경남|greenhouse,2024,시도,경남,경남,원지표,greenhouse,온실 면적,,N,"2024년 경남의 온실 면적은 101,170,000㎡로 17개 시도 중 1위이며 전체의 18.90%다. 인구 1명당 31.34㎡다. 원본 Z값은 +2.0911다.",
2024|시도|경남|경남|greenhouseZ,2024,시도,경남,경남,원지표,greenhouseZ,온실 면적 Z값,,N,"2024년 경남의 온실 면적 Z값은 +2.0911로 17개 시도 중 1위다. 평균보다 2.09 표준편차 높다고, 평균에서 매우 멀리 떨어진 수준이다.",
2024|시도|경남|경남|smallbiz,2024,시도,경남,경남,원지표,smallbiz,소상공인,,N,"2024년 경남의 소상공인 지표는 390,057건으로 17개 시도 중 3위이며 전체의 6.36%다. 인구 1천 명당 120.82건으로 9위다.",2024년 시도별 소상공인 값은 전체 사업체 비중으로 배분한 추정치다.
2024|시도|제주|제주|overall,2024,시도,제주,제주,종합,overall,종합 인사이트,,N,"2024년 제주의 인구는 670,368명으로 17개 시도 중 16위다. 우심피해액은 320.2억 원(13위)이고, 1인당 피해액은 47,772원(10위)이며 피해비중은 인구비중의 0.64배다. 인구 규모 대비 피해 부담은 낮은 편이다. 주택 수는 16위이고 인구 1천 명당 391.58건으로 시도 평균 407.27건과 비교해 비슷하다.",2024년 주택 값은 인구주택총조사의 주택 수이며 보험가입 건수가 아니다. 우심피해액은 2024년 단년값이 아니라 2015~2024년 누계다. 2024년 시도별 소상공인 값은 전체 사업체 비중으로 배분한 추정치다.
2024|시도|제주|제주|damage,2024,시도,제주,제주,원지표,damage,우심피해액,우심피해액(원),Y,"2024년 제주의 우심피해액은 320.2억 원으로, 17개 시도 중 13위이며 전국 합계의 0.84%다. 1인당 피해액은 47,772원(10위)이고, 피해비중/인구비중은 0.64배다.",우심피해액은 2024년 단년값이 아니라 2015~2024년 누계다.
2024|시도|제주|제주|population,2024,시도,제주,제주,원지표,population,인구수,인구수(건),Y,"2024년 제주의 인구는 670,368명으로 17개 시도 중 16위이며 전국의 1.31%를 차지한다. 시도 평균 인구의 0.22배다.",
2024|시도|제주|제주|housing,2024,시도,제주,제주,원지표,housing,주택 지표,주택 보험 가입 현황(건),Y,"2024년 제주의 주택 수는 262,502건으로 17개 시도 중 16위이며 전체의 1.32%다. 인구 1천 명당 391.58건으로 11위다. 원본 Z값은 -0.7879다.",2024년 주택 값은 인구주택총조사의 주택 수이며 보험가입 건수가 아니다.
2024|시도|제주|제주|housingZ,2024,시도,제주,제주,원지표,housingZ,주택 지표 Z값,주택 보험 가입 현황(Z값),Y,"2024년 제주의 주택 지표 Z값은 -0.7879로 17개 시도 중 16위다. 평균보다 0.79 표준편차 낮다고, 평균과 다소 차이가 있는 수준이다.",2024년 주택 값은 인구주택총조사의 주택 수이며 보험가입 건수가 아니다.
2024|시도|제주|제주|damagePerCapita,2024,시도,제주,제주,파생지표,damagePerCapita,1인당 우심피해액,,N,"2024년 제주의 1인당 우심피해액은 47,772원으로 17개 시도 중 10위다. 전국 전체 인구 기준 평균 1인당 피해액의 0.64배이며, 인구 규모 대비 피해 부담은 낮은 편이다.",우심피해액은 2024년 단년값이 아니라 2015~2024년 누계다.
2024|시도|제주|제주|housingPer1000,2024,시도,제주,제주,파생지표,housingPer1000,인구 1천 명당 주택 지표,,N,2024년 제주의 인구 1천 명당 주택 지표는 391.58건으로 17개 시도 중 11위다. 시도 평균의 0.96배다.,2024년 주택 값은 인구주택총조사의 주택 수이며 보험가입 건수가 아니다.
2024|시도|제주|제주|damagePerHousing,2024,시도,제주,제주,파생지표,damagePerHousing,주택 지표 1건당 우심피해액,,N,"2024년 제주의 주택 지표 1건당 우심피해액 단순 비율은 121,998원으로 17개 시도 중 11위다. 시도 평균 단순 비율의 0.52배다.",2024년 주택 값은 인구주택총조사의 주택 수이며 보험가입 건수가 아니다. 우심피해액은 2024년 단년값이 아니라 2015~2024년 누계다. 피해액과 주택 지표의 기준기간·정의가 다를 수 있어 공식 손해율이나 보험보장공백률이 아닌 탐색적 비율이다.
2024|시도|제주|제주|greenhouse,2024,시도,제주,제주,원지표,greenhouse,온실 면적,,N,"2024년 제주의 온실 면적은 2,640,000㎡로 17개 시도 중 13위이며 전체의 0.49%다. 인구 1명당 3.94㎡다. 원본 Z값은 -0.8654다.",
2024|시도|제주|제주|greenhouseZ,2024,시도,제주,제주,원지표,greenhouseZ,온실 면적 Z값,,N,"2024년 제주의 온실 면적 Z값은 -0.8654로 17개 시도 중 13위다. 평균보다 0.87 표준편차 낮다고, 평균과 다소 차이가 있는 수준이다.",
2024|시도|제주|제주|smallbiz,2024,시도,제주,제주,원지표,smallbiz,소상공인,,N,"2024년 제주의 소상공인 지표는 96,705건으로 17개 시도 중 16위이며 전체의 1.58%다. 인구 1천 명당 144.26건으로 1위다.",2024년 시도별 소상공인 값은 전체 사업체 비중으로 배분한 추정치다.
2026|전국||전국|overall,2026,전국,,전국,종합,overall,종합 인사이트,,N,"2026년 파일에는 17개 시도 데이터가 있으며 인구 합계는 51,217,221명, 우심피해액 합계는 3.83조 원이다. 인구 상위 3개 지역은 경기·서울·부산이며, 이들 지역에 51.3%가 집중된다. 피해액 상위 3개 지역은 경북·경기·충남이며, 이들 지역에 52.3%가 집중된다. 1인당 피해액은 경북·충북·충남 순으로 높아 절대 규모와 인구 대비 부담을 함께 확인해야 한다.","2026 파일의 인구는 2024년 12월 기준이고 피해액은 2015~2024년 누계이므로 2026년 단년 관측치로 해석하면 안 된다. 2024와 2026 파일의 시도별 인구·피해액 값이 동일하므로 연도 변화로 해석하지 않았다. 2026 전국 합계행의 과학적 표기값은 반올림되어 있어 분석에는 17개 시도 합산값 3,832,574,034,000원을 사용했다. 2026 파일의 주택·온실·소상공인 지표는 현재 제공 파일에 출처와 기준시점이 문서화되어 있지 않아 파일 내 상대 비교로만 해석했다."
2026|전국||전국|damage,2026,전국,,전국,원지표,damage,우심피해액,우심피해액(원),Y,"전국 우심피해액 합계는 3.83조 원이다. 상위 3개 지역은 경북·경기·충남이며, 이들 지역이 전체의 52.3%를 차지한다. 전국 평균 1인당 피해액은 74,830원이다.","2026 파일의 인구는 2024년 12월 기준이고 피해액은 2015~2024년 누계이므로 2026년 단년 관측치로 해석하면 안 된다. 2024와 2026 파일의 시도별 인구·피해액 값이 동일하므로 연도 변화로 해석하지 않았다. 2026 전국 합계행의 과학적 표기값은 반올림되어 있어 분석에는 17개 시도 합산값 3,832,574,034,000원을 사용했다."
2026|전국||전국|population,2026,전국,,전국,원지표,population,인구수,인구수(건),Y,"전국 인구 합계는 51,217,221명이다. 상위 3개 지역은 경기·서울·부산이며, 이들 지역이 전체의 51.3%를 차지한다. 시도 평균 인구는 3,012,778명이다.",2026 파일의 인구는 2024년 12월 기준이고 피해액은 2015~2024년 누계이므로 2026년 단년 관측치로 해석하면 안 된다. 2024와 2026 파일의 시도별 인구·피해액 값이 동일하므로 연도 변화로 해석하지 않았다.
2026|전국||전국|housing,2026,전국,,전국,원지표,housing,주택 지표,주택 보험 가입 현황(건),Y,"전국 주택 지표 합계는 35,833건이다. 상위 3개 지역은 서울·경기·경남이며, 이들 지역이 전체의 58.4%를 차지한다. 인구 1천 명당 값은 0.70건이다.",2026 파일의 주택·온실·소상공인 지표는 현재 제공 파일에 출처와 기준시점이 문서화되어 있지 않아 파일 내 상대 비교로만 해석했다.
2026|전국||전국|damagePerCapita,2026,전국,,전국,파생지표,damagePerCapita,1인당 우심피해액,,N,"전국 평균 1인당 우심피해액은 74,830원이다. 시도별로는 경북 359,117원, 충북 307,432원, 충남 229,516원 순으로 높다.",2026 파일의 인구는 2024년 12월 기준이고 피해액은 2015~2024년 누계이므로 2026년 단년 관측치로 해석하면 안 된다. 2024와 2026 파일의 시도별 인구·피해액 값이 동일하므로 연도 변화로 해석하지 않았다.
2026|전국||전국|housingPer1000,2026,전국,,전국,파생지표,housingPer1000,인구 1천 명당 주택 지표,,N,"전국 인구 1천 명당 주택 지표는 0.70건이다. 시도별 상위는 세종 1.96건, 경남 1.09건, 서울 0.99건이다.",2026 파일의 주택·온실·소상공인 지표는 현재 제공 파일에 출처와 기준시점이 문서화되어 있지 않아 파일 내 상대 비교로만 해석했다.
2026|전국||전국|damagePerHousing,2026,전국,,전국,파생지표,damagePerHousing,주택 지표 1건당 우심피해액,,N,"전국 주택 지표 1건당 누적 우심피해액의 단순 비율은 106,956,549원이다. 시도별 상위는 충북, 충남, 경북 순이다.",2026 파일의 인구는 2024년 12월 기준이고 피해액은 2015~2024년 누계이므로 2026년 단년 관측치로 해석하면 안 된다. 2024와 2026 파일의 시도별 인구·피해액 값이 동일하므로 연도 변화로 해석하지 않았다. 2026 파일의 주택·온실·소상공인 지표는 현재 제공 파일에 출처와 기준시점이 문서화되어 있지 않아 파일 내 상대 비교로만 해석했다. 피해액과 주택 지표의 기준기간·정의가 다를 수 있어 공식 손해율이나 보험보장공백률이 아닌 탐색적 비율이다.
2026|전국||전국|greenhouse,2026,전국,,전국,원지표,greenhouse,온실 면적,,N,"전국 온실 면적 합계는 7,320㎡다. 상위 3개 지역은 서울·부산·대구이며, 이들 지역이 전체의 32.8%를 차지한다. 인구 1명당 면적은 0.00㎡다.",2026 파일의 주택·온실·소상공인 지표는 현재 제공 파일에 출처와 기준시점이 문서화되어 있지 않아 파일 내 상대 비교로만 해석했다.
2026|전국||전국|smallbiz,2026,전국,,전국,원지표,smallbiz,소상공인,,N,"전국 소상공인 지표 합계는 17,983건이다. 상위 3개 지역은 울산·충남·인천이며, 이들 지역이 전체의 54.0%를 차지한다. 인구 1천 명당 값은 0.35건이다.",2026 파일의 주택·온실·소상공인 지표는 현재 제공 파일에 출처와 기준시점이 문서화되어 있지 않아 파일 내 상대 비교로만 해석했다.
2026|시도|서울|서울|overall,2026,시도,서울,서울,종합,overall,종합 인사이트,,N,"2026년 서울의 인구는 9,331,828명으로 17개 시도 중 2위다. 우심피해액은 629.6억 원(10위)이고, 1인당 피해액은 6,747원(14위)이며 피해비중은 인구비중의 0.09배다. 인구 규모 대비 피해 부담은 매우 낮게 나타난다. 주택 지표는 1위이고 인구 1천 명당 0.99건으로 시도 평균 0.76건과 비교해 높다.",2026 파일의 인구는 2024년 12월 기준이고 피해액은 2015~2024년 누계이므로 2026년 단년 관측치로 해석하면 안 된다. 2024와 2026 파일의 시도별 인구·피해액 값이 동일하므로 연도 변화로 해석하지 않았다. 2026 파일의 주택·온실·소상공인 지표는 현재 제공 파일에 출처와 기준시점이 문서화되어 있지 않아 파일 내 상대 비교로만 해석했다.
2026|시도|서울|서울|damage,2026,시도,서울,서울,원지표,damage,우심피해액,우심피해액(원),Y,"2026년 서울의 우심피해액은 629.6억 원으로, 17개 시도 중 10위이며 전국 합계의 1.64%다. 1인당 피해액은 6,747원(14위)이고, 피해비중/인구비중은 0.09배다.",2026 파일의 인구는 2024년 12월 기준이고 피해액은 2015~2024년 누계이므로 2026년 단년 관측치로 해석하면 안 된다. 2024와 2026 파일의 시도별 인구·피해액 값이 동일하므로 연도 변화로 해석하지 않았다.
2026|시도|서울|서울|population,2026,시도,서울,서울,원지표,population,인구수,인구수(건),Y,"2026년 서울의 인구는 9,331,828명으로 17개 시도 중 2위이며 전국의 18.22%를 차지한다. 시도 평균 인구의 3.10배다.",2026 파일의 인구는 2024년 12월 기준이고 피해액은 2015~2024년 누계이므로 2026년 단년 관측치로 해석하면 안 된다. 2024와 2026 파일의 시도별 인구·피해액 값이 동일하므로 연도 변화로 해석하지 않았다.
2026|시도|서울|서울|housing,2026,시도,서울,서울,원지표,housing,주택 지표,주택 보험 가입 현황(건),Y,"2026년 서울의 주택 지표는 9,200건으로 17개 시도 중 1위이며 전체의 25.67%다. 인구 1천 명당 0.99건으로 3위다. 원본 Z값은 +2.1473다.",2026 파일의 주택·온실·소상공인 지표는 현재 제공 파일에 출처와 기준시점이 문서화되어 있지 않아 파일 내 상대 비교로만 해석했다.
2026|시도|서울|서울|housingZ,2026,시도,서울,서울,원지표,housingZ,주택 지표 Z값,주택 보험 가입 현황(Z값),Y,"2026년 서울의 원본 주택 지표 Z값은 +2.1473이지만, 현재 파일의 17개 시도 값으로 재계산하면 +2.8189다. 원본 산식 기준이 불명확하므로 순위 참고 외의 표준편차 해석은 제외한다.",2026 파일의 주택·온실·소상공인 지표는 현재 제공 파일에 출처와 기준시점이 문서화되어 있지 않아 파일 내 상대 비교로만 해석했다. 원본 Z값이 현재 17개 시도 값으로 재계산한 Z값과 일치하지 않아 표준편차 해석은 보류해야 한다.
2026|시도|서울|서울|damagePerCapita,2026,시도,서울,서울,파생지표,damagePerCapita,1인당 우심피해액,,N,"2026년 서울의 1인당 우심피해액은 6,747원으로 17개 시도 중 14위다. 전국 전체 인구 기준 평균 1인당 피해액의 0.09배이며, 인구 규모 대비 피해 부담은 매우 낮게 나타난다.",2026 파일의 인구는 2024년 12월 기준이고 피해액은 2015~2024년 누계이므로 2026년 단년 관측치로 해석하면 안 된다. 2024와 2026 파일의 시도별 인구·피해액 값이 동일하므로 연도 변화로 해석하지 않았다.
2026|시도|서울|서울|housingPer1000,2026,시도,서울,서울,파생지표,housingPer1000,인구 1천 명당 주택 지표,,N,2026년 서울의 인구 1천 명당 주택 지표는 0.99건으로 17개 시도 중 3위다. 시도 평균의 1.31배다.,2026 파일의 주택·온실·소상공인 지표는 현재 제공 파일에 출처와 기준시점이 문서화되어 있지 않아 파일 내 상대 비교로만 해석했다.
2026|시도|서울|서울|damagePerHousing,2026,시도,서울,서울,파생지표,damagePerHousing,주택 지표 1건당 우심피해액,,N,"2026년 서울의 주택 지표 1건당 우심피해액 단순 비율은 6,843,211원으로 17개 시도 중 16위다. 시도 평균 단순 비율의 0.05배다.",2026 파일의 인구는 2024년 12월 기준이고 피해액은 2015~2024년 누계이므로 2026년 단년 관측치로 해석하면 안 된다. 2024와 2026 파일의 시도별 인구·피해액 값이 동일하므로 연도 변화로 해석하지 않았다. 2026 파일의 주택·온실·소상공인 지표는 현재 제공 파일에 출처와 기준시점이 문서화되어 있지 않아 파일 내 상대 비교로만 해석했다. 피해액과 주택 지표의 기준기간·정의가 다를 수 있어 공식 손해율이나 보험보장공백률이 아닌 탐색적 비율이다.
2026|시도|서울|서울|greenhouse,2026,시도,서울,서울,원지표,greenhouse,온실 면적,,N,2026년 서울의 온실 면적은 900㎡로 17개 시도 중 1위이며 전체의 12.30%다. 인구 1명당 0.00㎡다. 원본 Z값은 +2.5190다.,2026 파일의 주택·온실·소상공인 지표는 현재 제공 파일에 출처와 기준시점이 문서화되어 있지 않아 파일 내 상대 비교로만 해석했다.
2026|시도|서울|서울|greenhouseZ,2026,시도,서울,서울,원지표,greenhouseZ,온실 면적 Z값,,N,"2026년 서울의 원본 온실 면적 Z값은 +2.5190이지만, 현재 파일의 17개 시도 값으로 재계산하면 +2.2673다. 원본 산식 기준이 불명확하므로 순위 참고 외의 표준편차 해석은 제외한다.",2026 파일의 주택·온실·소상공인 지표는 현재 제공 파일에 출처와 기준시점이 문서화되어 있지 않아 파일 내 상대 비교로만 해석했다. 원본 Z값이 현재 17개 시도 값으로 재계산한 Z값과 일치하지 않아 표준편차 해석은 보류해야 한다.
2026|시도|서울|서울|smallbiz,2026,시도,서울,서울,원지표,smallbiz,소상공인,,N,"2026년 서울의 소상공인 지표는 1,210건으로 17개 시도 중 7위이며 전체의 6.73%다. 인구 1천 명당 0.13건으로 11위다.",2026 파일의 주택·온실·소상공인 지표는 현재 제공 파일에 출처와 기준시점이 문서화되어 있지 않아 파일 내 상대 비교로만 해석했다.
2026|시도|부산|부산|overall,2026,시도,부산,부산,종합,overall,종합 인사이트,,N,"2026년 부산의 인구는 3,266,598명으로 17개 시도 중 3위다. 우심피해액은 384.1억 원(12위)이고, 1인당 피해액은 11,758원(13위)이며 피해비중은 인구비중의 0.16배다. 인구 규모 대비 피해 부담은 매우 낮게 나타난다. 주택 지표는 6위이고 인구 1천 명당 0.40건으로 시도 평균 0.76건과 비교해 낮다.",2026 파일의 인구는 2024년 12월 기준이고 피해액은 2015~2024년 누계이므로 2026년 단년 관측치로 해석하면 안 된다. 2024와 2026 파일의 시도별 인구·피해액 값이 동일하므로 연도 변화로 해석하지 않았다. 2026 파일의 주택·온실·소상공인 지표는 현재 제공 파일에 출처와 기준시점이 문서화되어 있지 않아 파일 내 상대 비교로만 해석했다.
2026|시도|부산|부산|damage,2026,시도,부산,부산,원지표,damage,우심피해액,우심피해액(원),Y,"2026년 부산의 우심피해액은 384.1억 원으로, 17개 시도 중 12위이며 전국 합계의 1.00%다. 1인당 피해액은 11,758원(13위)이고, 피해비중/인구비중은 0.16배다.",2026 파일의 인구는 2024년 12월 기준이고 피해액은 2015~2024년 누계이므로 2026년 단년 관측치로 해석하면 안 된다. 2024와 2026 파일의 시도별 인구·피해액 값이 동일하므로 연도 변화로 해석하지 않았다.
2026|시도|부산|부산|population,2026,시도,부산,부산,원지표,population,인구수,인구수(건),Y,"2026년 부산의 인구는 3,266,598명으로 17개 시도 중 3위이며 전국의 6.38%를 차지한다. 시도 평균 인구의 1.08배다.",2026 파일의 인구는 2024년 12월 기준이고 피해액은 2015~2024년 누계이므로 2026년 단년 관측치로 해석하면 안 된다. 2024와 2026 파일의 시도별 인구·피해액 값이 동일하므로 연도 변화로 해석하지 않았다.
2026|시도|부산|부산|housing,2026,시도,부산,부산,원지표,housing,주택 지표,주택 보험 가입 현황(건),Y,"2026년 부산의 주택 지표는 1,320건으로 17개 시도 중 6위이며 전체의 3.68%다. 인구 1천 명당 0.40건으로 15위다. 원본 Z값은 -0.3750다.",2026 파일의 주택·온실·소상공인 지표는 현재 제공 파일에 출처와 기준시점이 문서화되어 있지 않아 파일 내 상대 비교로만 해석했다.
2026|시도|부산|부산|housingZ,2026,시도,부산,부산,원지표,housingZ,주택 지표 Z값,주택 보험 가입 현황(Z값),Y,"2026년 부산의 원본 주택 지표 Z값은 -0.3750이지만, 현재 파일의 17개 시도 값으로 재계산하면 -0.3131다. 원본 산식 기준이 불명확하므로 순위 참고 외의 표준편차 해석은 제외한다.",2026 파일의 주택·온실·소상공인 지표는 현재 제공 파일에 출처와 기준시점이 문서화되어 있지 않아 파일 내 상대 비교로만 해석했다. 원본 Z값이 현재 17개 시도 값으로 재계산한 Z값과 일치하지 않아 표준편차 해석은 보류해야 한다.
2026|시도|부산|부산|damagePerCapita,2026,시도,부산,부산,파생지표,damagePerCapita,1인당 우심피해액,,N,"2026년 부산의 1인당 우심피해액은 11,758원으로 17개 시도 중 13위다. 전국 전체 인구 기준 평균 1인당 피해액의 0.16배이며, 인구 규모 대비 피해 부담은 매우 낮게 나타난다.",2026 파일의 인구는 2024년 12월 기준이고 피해액은 2015~2024년 누계이므로 2026년 단년 관측치로 해석하면 안 된다. 2024와 2026 파일의 시도별 인구·피해액 값이 동일하므로 연도 변화로 해석하지 않았다.
2026|시도|부산|부산|housingPer1000,2026,시도,부산,부산,파생지표,housingPer1000,인구 1천 명당 주택 지표,,N,2026년 부산의 인구 1천 명당 주택 지표는 0.40건으로 17개 시도 중 15위다. 시도 평균의 0.54배다.,2026 파일의 주택·온실·소상공인 지표는 현재 제공 파일에 출처와 기준시점이 문서화되어 있지 않아 파일 내 상대 비교로만 해석했다.
2026|시도|부산|부산|damagePerHousing,2026,시도,부산,부산,파생지표,damagePerHousing,주택 지표 1건당 우심피해액,,N,"2026년 부산의 주택 지표 1건당 우심피해액 단순 비율은 29,096,273원으로 17개 시도 중 13위다. 시도 평균 단순 비율의 0.20배다.",2026 파일의 인구는 2024년 12월 기준이고 피해액은 2015~2024년 누계이므로 2026년 단년 관측치로 해석하면 안 된다. 2024와 2026 파일의 시도별 인구·피해액 값이 동일하므로 연도 변화로 해석하지 않았다. 2026 파일의 주택·온실·소상공인 지표는 현재 제공 파일에 출처와 기준시점이 문서화되어 있지 않아 파일 내 상대 비교로만 해석했다. 피해액과 주택 지표의 기준기간·정의가 다를 수 있어 공식 손해율이나 보험보장공백률이 아닌 탐색적 비율이다.
2026|시도|부산|부산|greenhouse,2026,시도,부산,부산,원지표,greenhouse,온실 면적,,N,2026년 부산의 온실 면적은 800㎡로 17개 시도 중 2위이며 전체의 10.93%다. 인구 1명당 0.00㎡다. 원본 Z값은 +1.9824다.,2026 파일의 주택·온실·소상공인 지표는 현재 제공 파일에 출처와 기준시점이 문서화되어 있지 않아 파일 내 상대 비교로만 해석했다.
2026|시도|부산|부산|greenhouseZ,2026,시도,부산,부산,원지표,greenhouseZ,온실 면적 Z값,,N,"2026년 부산의 원본 온실 면적 Z값은 +1.9824이지만, 현재 파일의 17개 시도 값으로 재계산하면 +1.7843다. 원본 산식 기준이 불명확하므로 순위 참고 외의 표준편차 해석은 제외한다.",2026 파일의 주택·온실·소상공인 지표는 현재 제공 파일에 출처와 기준시점이 문서화되어 있지 않아 파일 내 상대 비교로만 해석했다. 원본 Z값이 현재 17개 시도 값으로 재계산한 Z값과 일치하지 않아 표준편차 해석은 보류해야 한다.
2026|시도|부산|부산|smallbiz,2026,시도,부산,부산,원지표,smallbiz,소상공인,,N,"2026년 부산의 소상공인 지표는 1,110건으로 17개 시도 중 8위이며 전체의 6.17%다. 인구 1천 명당 0.34건으로 7위다.",2026 파일의 주택·온실·소상공인 지표는 현재 제공 파일에 출처와 기준시점이 문서화되어 있지 않아 파일 내 상대 비교로만 해석했다.
2026|시도|대구|대구|overall,2026,시도,대구,대구,종합,overall,종합 인사이트,,N,"2026년 대구의 인구는 2,363,629명으로 17개 시도 중 7위다. 우심피해액은 104.7억 원(15위)이고, 1인당 피해액은 4,428원(16위)이며 피해비중은 인구비중의 0.06배다. 인구 규모 대비 피해 부담은 매우 낮게 나타난다. 주택 지표는 16위이고 인구 1천 명당 0.29건으로 시도 평균 0.76건과 비교해 낮다.",2026 파일의 인구는 2024년 12월 기준이고 피해액은 2015~2024년 누계이므로 2026년 단년 관측치로 해석하면 안 된다. 2024와 2026 파일의 시도별 인구·피해액 값이 동일하므로 연도 변화로 해석하지 않았다. 2026 파일의 주택·온실·소상공인 지표는 현재 제공 파일에 출처와 기준시점이 문서화되어 있지 않아 파일 내 상대 비교로만 해석했다.
2026|시도|대구|대구|damage,2026,시도,대구,대구,원지표,damage,우심피해액,우심피해액(원),Y,"2026년 대구의 우심피해액은 104.7억 원으로, 17개 시도 중 15위이며 전국 합계의 0.27%다. 1인당 피해액은 4,428원(16위)이고, 피해비중/인구비중은 0.06배다.",2026 파일의 인구는 2024년 12월 기준이고 피해액은 2015~2024년 누계이므로 2026년 단년 관측치로 해석하면 안 된다. 2024와 2026 파일의 시도별 인구·피해액 값이 동일하므로 연도 변화로 해석하지 않았다.
2026|시도|대구|대구|population,2026,시도,대구,대구,원지표,population,인구수,인구수(건),Y,"2026년 대구의 인구는 2,363,629명으로 17개 시도 중 7위이며 전국의 4.61%를 차지한다. 시도 평균 인구의 0.78배다.",2026 파일의 인구는 2024년 12월 기준이고 피해액은 2015~2024년 누계이므로 2026년 단년 관측치로 해석하면 안 된다. 2024와 2026 파일의 시도별 인구·피해액 값이 동일하므로 연도 변화로 해석하지 않았다.
2026|시도|대구|대구|housing,2026,시도,대구,대구,원지표,housing,주택 지표,주택 보험 가입 현황(건),Y,2026년 대구의 주택 지표는 680건으로 17개 시도 중 16위이며 전체의 1.90%다. 인구 1천 명당 0.29건으로 16위다. 원본 Z값은 -0.5799다.,2026 파일의 주택·온실·소상공인 지표는 현재 제공 파일에 출처와 기준시점이 문서화되어 있지 않아 파일 내 상대 비교로만 해석했다.
2026|시도|대구|대구|housingZ,2026,시도,대구,대구,원지표,housingZ,주택 지표 Z값,주택 보험 가입 현황(Z값),Y,"2026년 대구의 원본 주택 지표 Z값은 -0.5799이지만, 현재 파일의 17개 시도 값으로 재계산하면 -0.5675다. 원본 산식 기준이 불명확하므로 순위 참고 외의 표준편차 해석은 제외한다.",2026 파일의 주택·온실·소상공인 지표는 현재 제공 파일에 출처와 기준시점이 문서화되어 있지 않아 파일 내 상대 비교로만 해석했다. 원본 Z값이 현재 17개 시도 값으로 재계산한 Z값과 일치하지 않아 표준편차 해석은 보류해야 한다.
2026|시도|대구|대구|damagePerCapita,2026,시도,대구,대구,파생지표,damagePerCapita,1인당 우심피해액,,N,"2026년 대구의 1인당 우심피해액은 4,428원으로 17개 시도 중 16위다. 전국 전체 인구 기준 평균 1인당 피해액의 0.06배이며, 인구 규모 대비 피해 부담은 매우 낮게 나타난다.",2026 파일의 인구는 2024년 12월 기준이고 피해액은 2015~2024년 누계이므로 2026년 단년 관측치로 해석하면 안 된다. 2024와 2026 파일의 시도별 인구·피해액 값이 동일하므로 연도 변화로 해석하지 않았다.
2026|시도|대구|대구|housingPer1000,2026,시도,대구,대구,파생지표,housingPer1000,인구 1천 명당 주택 지표,,N,2026년 대구의 인구 1천 명당 주택 지표는 0.29건으로 17개 시도 중 16위다. 시도 평균의 0.38배다.,2026 파일의 주택·온실·소상공인 지표는 현재 제공 파일에 출처와 기준시점이 문서화되어 있지 않아 파일 내 상대 비교로만 해석했다.
2026|시도|대구|대구|damagePerHousing,2026,시도,대구,대구,파생지표,damagePerHousing,주택 지표 1건당 우심피해액,,N,"2026년 대구의 주택 지표 1건당 우심피해액 단순 비율은 15,391,921원으로 17개 시도 중 14위다. 시도 평균 단순 비율의 0.11배다.",2026 파일의 인구는 2024년 12월 기준이고 피해액은 2015~2024년 누계이므로 2026년 단년 관측치로 해석하면 안 된다. 2024와 2026 파일의 시도별 인구·피해액 값이 동일하므로 연도 변화로 해석하지 않았다. 2026 파일의 주택·온실·소상공인 지표는 현재 제공 파일에 출처와 기준시점이 문서화되어 있지 않아 파일 내 상대 비교로만 해석했다. 피해액과 주택 지표의 기준기간·정의가 다를 수 있어 공식 손해율이나 보험보장공백률이 아닌 탐색적 비율이다.
2026|시도|대구|대구|greenhouse,2026,시도,대구,대구,원지표,greenhouse,온실 면적,,N,2026년 대구의 온실 면적은 700㎡로 17개 시도 중 3위이며 전체의 9.56%다. 인구 1명당 0.00㎡다. 원본 Z값은 +1.4458다.,2026 파일의 주택·온실·소상공인 지표는 현재 제공 파일에 출처와 기준시점이 문서화되어 있지 않아 파일 내 상대 비교로만 해석했다.
2026|시도|대구|대구|greenhouseZ,2026,시도,대구,대구,원지표,greenhouseZ,온실 면적 Z값,,N,"2026년 대구의 원본 온실 면적 Z값은 +1.4458이지만, 현재 파일의 17개 시도 값으로 재계산하면 +1.3013다. 원본 산식 기준이 불명확하므로 순위 참고 외의 표준편차 해석은 제외한다.",2026 파일의 주택·온실·소상공인 지표는 현재 제공 파일에 출처와 기준시점이 문서화되어 있지 않아 파일 내 상대 비교로만 해석했다. 원본 Z값이 현재 17개 시도 값으로 재계산한 Z값과 일치하지 않아 표준편차 해석은 보류해야 한다.
2026|시도|대구|대구|smallbiz,2026,시도,대구,대구,원지표,smallbiz,소상공인,,N,"2026년 대구의 소상공인 지표는 1,321건으로 17개 시도 중 공동 4위이며 전체의 7.35%다. 인구 1천 명당 0.56건으로 6위다.",2026 파일의 주택·온실·소상공인 지표는 현재 제공 파일에 출처와 기준시점이 문서화되어 있지 않아 파일 내 상대 비교로만 해석했다.
2026|시도|인천|인천|overall,2026,시도,인천,인천,종합,overall,종합 인사이트,,N,"2026년 인천의 인구는 3,021,010명으로 17개 시도 중 5위다. 우심피해액은 70.9억 원(17위(최하위))이고, 1인당 피해액은 2,348원(17위(최하위))이며 피해비중은 인구비중의 0.03배다. 인구 규모 대비 피해 부담은 매우 낮게 나타난다. 주택 지표는 15위이고 인구 1천 명당 0.23건으로 시도 평균 0.76건과 비교해 낮다.",2026 파일의 인구는 2024년 12월 기준이고 피해액은 2015~2024년 누계이므로 2026년 단년 관측치로 해석하면 안 된다. 2024와 2026 파일의 시도별 인구·피해액 값이 동일하므로 연도 변화로 해석하지 않았다. 2026 파일의 주택·온실·소상공인 지표는 현재 제공 파일에 출처와 기준시점이 문서화되어 있지 않아 파일 내 상대 비교로만 해석했다.
2026|시도|인천|인천|damage,2026,시도,인천,인천,원지표,damage,우심피해액,우심피해액(원),Y,"2026년 인천의 우심피해액은 70.9억 원으로, 17개 시도 중 17위(최하위)이며 전국 합계의 0.19%다. 1인당 피해액은 2,348원(17위(최하위))이고, 피해비중/인구비중은 0.03배다.",2026 파일의 인구는 2024년 12월 기준이고 피해액은 2015~2024년 누계이므로 2026년 단년 관측치로 해석하면 안 된다. 2024와 2026 파일의 시도별 인구·피해액 값이 동일하므로 연도 변화로 해석하지 않았다.
2026|시도|인천|인천|population,2026,시도,인천,인천,원지표,population,인구수,인구수(건),Y,"2026년 인천의 인구는 3,021,010명으로 17개 시도 중 5위이며 전국의 5.90%를 차지한다. 시도 평균 인구의 1.00배다.",2026 파일의 인구는 2024년 12월 기준이고 피해액은 2015~2024년 누계이므로 2026년 단년 관측치로 해석하면 안 된다. 2024와 2026 파일의 시도별 인구·피해액 값이 동일하므로 연도 변화로 해석하지 않았다.
2026|시도|인천|인천|housing,2026,시도,인천,인천,원지표,housing,주택 지표,주택 보험 가입 현황(건),Y,2026년 인천의 주택 지표는 700건으로 17개 시도 중 15위이며 전체의 1.95%다. 인구 1천 명당 0.23건으로 17위(최하위)다. 원본 Z값은 -0.5735다.,2026 파일의 주택·온실·소상공인 지표는 현재 제공 파일에 출처와 기준시점이 문서화되어 있지 않아 파일 내 상대 비교로만 해석했다.
2026|시도|인천|인천|housingZ,2026,시도,인천,인천,원지표,housingZ,주택 지표 Z값,주택 보험 가입 현황(Z값),Y,"2026년 인천의 원본 주택 지표 Z값은 -0.5735이지만, 현재 파일의 17개 시도 값으로 재계산하면 -0.5596다. 원본 산식 기준이 불명확하므로 순위 참고 외의 표준편차 해석은 제외한다.",2026 파일의 주택·온실·소상공인 지표는 현재 제공 파일에 출처와 기준시점이 문서화되어 있지 않아 파일 내 상대 비교로만 해석했다. 원본 Z값이 현재 17개 시도 값으로 재계산한 Z값과 일치하지 않아 표준편차 해석은 보류해야 한다.
2026|시도|인천|인천|damagePerCapita,2026,시도,인천,인천,파생지표,damagePerCapita,1인당 우심피해액,,N,"2026년 인천의 1인당 우심피해액은 2,348원으로 17개 시도 중 17위(최하위)다. 전국 전체 인구 기준 평균 1인당 피해액의 0.03배이며, 인구 규모 대비 피해 부담은 매우 낮게 나타난다.",2026 파일의 인구는 2024년 12월 기준이고 피해액은 2015~2024년 누계이므로 2026년 단년 관측치로 해석하면 안 된다. 2024와 2026 파일의 시도별 인구·피해액 값이 동일하므로 연도 변화로 해석하지 않았다.
2026|시도|인천|인천|housingPer1000,2026,시도,인천,인천,파생지표,housingPer1000,인구 1천 명당 주택 지표,,N,2026년 인천의 인구 1천 명당 주택 지표는 0.23건으로 17개 시도 중 17위(최하위)다. 시도 평균의 0.31배다.,2026 파일의 주택·온실·소상공인 지표는 현재 제공 파일에 출처와 기준시점이 문서화되어 있지 않아 파일 내 상대 비교로만 해석했다.
2026|시도|인천|인천|damagePerHousing,2026,시도,인천,인천,파생지표,damagePerHousing,주택 지표 1건당 우심피해액,,N,"2026년 인천의 주택 지표 1건당 우심피해액 단순 비율은 10,134,533원으로 17개 시도 중 15위다. 시도 평균 단순 비율의 0.07배다.",2026 파일의 인구는 2024년 12월 기준이고 피해액은 2015~2024년 누계이므로 2026년 단년 관측치로 해석하면 안 된다. 2024와 2026 파일의 시도별 인구·피해액 값이 동일하므로 연도 변화로 해석하지 않았다. 2026 파일의 주택·온실·소상공인 지표는 현재 제공 파일에 출처와 기준시점이 문서화되어 있지 않아 파일 내 상대 비교로만 해석했다. 피해액과 주택 지표의 기준기간·정의가 다를 수 있어 공식 손해율이나 보험보장공백률이 아닌 탐색적 비율이다.
2026|시도|인천|인천|greenhouse,2026,시도,인천,인천,원지표,greenhouse,온실 면적,,N,2026년 인천의 온실 면적은 600㎡로 17개 시도 중 4위이며 전체의 8.20%다. 인구 1명당 0.00㎡다. 원본 Z값은 +0.9091다.,2026 파일의 주택·온실·소상공인 지표는 현재 제공 파일에 출처와 기준시점이 문서화되어 있지 않아 파일 내 상대 비교로만 해석했다.
2026|시도|인천|인천|greenhouseZ,2026,시도,인천,인천,원지표,greenhouseZ,온실 면적 Z값,,N,"2026년 인천의 원본 온실 면적 Z값은 +0.9091이지만, 현재 파일의 17개 시도 값으로 재계산하면 +0.8183다. 원본 산식 기준이 불명확하므로 순위 참고 외의 표준편차 해석은 제외한다.",2026 파일의 주택·온실·소상공인 지표는 현재 제공 파일에 출처와 기준시점이 문서화되어 있지 않아 파일 내 상대 비교로만 해석했다. 원본 Z값이 현재 17개 시도 값으로 재계산한 Z값과 일치하지 않아 표준편차 해석은 보류해야 한다.
2026|시도|인천|인천|smallbiz,2026,시도,인천,인천,원지표,smallbiz,소상공인,,N,"2026년 인천의 소상공인 지표는 2,121건으로 17개 시도 중 3위이며 전체의 11.79%다. 인구 1천 명당 0.70건으로 5위다.",2026 파일의 주택·온실·소상공인 지표는 현재 제공 파일에 출처와 기준시점이 문서화되어 있지 않아 파일 내 상대 비교로만 해석했다.
2026|시도|광주|광주|overall,2026,시도,광주,광주,종합,overall,종합 인사이트,,N,"2026년 광주의 인구는 1,408,422명으로 17개 시도 중 14위다. 우심피해액은 393.9억 원(11위)이고, 1인당 피해액은 27,966원(12위)이며 피해비중은 인구비중의 0.37배다. 인구 규모 대비 피해 부담은 매우 낮게 나타난다. 주택 지표는 14위이고 인구 1천 명당 0.53건으로 시도 평균 0.76건과 비교해 낮다.",2026 파일의 인구는 2024년 12월 기준이고 피해액은 2015~2024년 누계이므로 2026년 단년 관측치로 해석하면 안 된다. 2024와 2026 파일의 시도별 인구·피해액 값이 동일하므로 연도 변화로 해석하지 않았다. 2026 파일의 주택·온실·소상공인 지표는 현재 제공 파일에 출처와 기준시점이 문서화되어 있지 않아 파일 내 상대 비교로만 해석했다.
2026|시도|광주|광주|damage,2026,시도,광주,광주,원지표,damage,우심피해액,우심피해액(원),Y,"2026년 광주의 우심피해액은 393.9억 원으로, 17개 시도 중 11위이며 전국 합계의 1.03%다. 1인당 피해액은 27,966원(12위)이고, 피해비중/인구비중은 0.37배다.",2026 파일의 인구는 2024년 12월 기준이고 피해액은 2015~2024년 누계이므로 2026년 단년 관측치로 해석하면 안 된다. 2024와 2026 파일의 시도별 인구·피해액 값이 동일하므로 연도 변화로 해석하지 않았다.
2026|시도|광주|광주|population,2026,시도,광주,광주,원지표,population,인구수,인구수(건),Y,"2026년 광주의 인구는 1,408,422명으로 17개 시도 중 14위이며 전국의 2.75%를 차지한다. 시도 평균 인구의 0.47배다.",2026 파일의 인구는 2024년 12월 기준이고 피해액은 2015~2024년 누계이므로 2026년 단년 관측치로 해석하면 안 된다. 2024와 2026 파일의 시도별 인구·피해액 값이 동일하므로 연도 변화로 해석하지 않았다.
2026|시도|광주|광주|housing,2026,시도,광주,광주,원지표,housing,주택 지표,주택 보험 가입 현황(건),Y,2026년 광주의 주택 지표는 750건으로 17개 시도 중 14위이며 전체의 2.09%다. 인구 1천 명당 0.53건으로 13위다. 원본 Z값은 -0.5575다.,2026 파일의 주택·온실·소상공인 지표는 현재 제공 파일에 출처와 기준시점이 문서화되어 있지 않아 파일 내 상대 비교로만 해석했다.
2026|시도|광주|광주|housingZ,2026,시도,광주,광주,원지표,housingZ,주택 지표 Z값,주택 보험 가입 현황(Z값),Y,"2026년 광주의 원본 주택 지표 Z값은 -0.5575이지만, 현재 파일의 17개 시도 값으로 재계산하면 -0.5397다. 원본 산식 기준이 불명확하므로 순위 참고 외의 표준편차 해석은 제외한다.",2026 파일의 주택·온실·소상공인 지표는 현재 제공 파일에 출처와 기준시점이 문서화되어 있지 않아 파일 내 상대 비교로만 해석했다. 원본 Z값이 현재 17개 시도 값으로 재계산한 Z값과 일치하지 않아 표준편차 해석은 보류해야 한다.
2026|시도|광주|광주|damagePerCapita,2026,시도,광주,광주,파생지표,damagePerCapita,1인당 우심피해액,,N,"2026년 광주의 1인당 우심피해액은 27,966원으로 17개 시도 중 12위다. 전국 전체 인구 기준 평균 1인당 피해액의 0.37배이며, 인구 규모 대비 피해 부담은 매우 낮게 나타난다.",2026 파일의 인구는 2024년 12월 기준이고 피해액은 2015~2024년 누계이므로 2026년 단년 관측치로 해석하면 안 된다. 2024와 2026 파일의 시도별 인구·피해액 값이 동일하므로 연도 변화로 해석하지 않았다.
2026|시도|광주|광주|housingPer1000,2026,시도,광주,광주,파생지표,housingPer1000,인구 1천 명당 주택 지표,,N,2026년 광주의 인구 1천 명당 주택 지표는 0.53건으로 17개 시도 중 13위다. 시도 평균의 0.71배다.,2026 파일의 주택·온실·소상공인 지표는 현재 제공 파일에 출처와 기준시점이 문서화되어 있지 않아 파일 내 상대 비교로만 해석했다.
2026|시도|광주|광주|damagePerHousing,2026,시도,광주,광주,파생지표,damagePerHousing,주택 지표 1건당 우심피해액,,N,"2026년 광주의 주택 지표 1건당 우심피해액 단순 비율은 52,517,416원으로 17개 시도 중 10위다. 시도 평균 단순 비율의 0.36배다.",2026 파일의 인구는 2024년 12월 기준이고 피해액은 2015~2024년 누계이므로 2026년 단년 관측치로 해석하면 안 된다. 2024와 2026 파일의 시도별 인구·피해액 값이 동일하므로 연도 변화로 해석하지 않았다. 2026 파일의 주택·온실·소상공인 지표는 현재 제공 파일에 출처와 기준시점이 문서화되어 있지 않아 파일 내 상대 비교로만 해석했다. 피해액과 주택 지표의 기준기간·정의가 다를 수 있어 공식 손해율이나 보험보장공백률이 아닌 탐색적 비율이다.
2026|시도|광주|광주|greenhouse,2026,시도,광주,광주,원지표,greenhouse,온실 면적,,N,2026년 광주의 온실 면적은 550㎡로 17개 시도 중 5위이며 전체의 7.51%다. 인구 1명당 0.00㎡다. 원본 Z값은 +0.6408다.,2026 파일의 주택·온실·소상공인 지표는 현재 제공 파일에 출처와 기준시점이 문서화되어 있지 않아 파일 내 상대 비교로만 해석했다.
2026|시도|광주|광주|greenhouseZ,2026,시도,광주,광주,원지표,greenhouseZ,온실 면적 Z값,,N,"2026년 광주의 원본 온실 면적 Z값은 +0.6408이지만, 현재 파일의 17개 시도 값으로 재계산하면 +0.5768다. 원본 산식 기준이 불명확하므로 순위 참고 외의 표준편차 해석은 제외한다.",2026 파일의 주택·온실·소상공인 지표는 현재 제공 파일에 출처와 기준시점이 문서화되어 있지 않아 파일 내 상대 비교로만 해석했다. 원본 Z값이 현재 17개 시도 값으로 재계산한 Z값과 일치하지 않아 표준편차 해석은 보류해야 한다.
2026|시도|광주|광주|smallbiz,2026,시도,광주,광주,원지표,smallbiz,소상공인,,N,"2026년 광주의 소상공인 지표는 1,215건으로 17개 시도 중 6위이며 전체의 6.76%다. 인구 1천 명당 0.86건으로 4위다.",2026 파일의 주택·온실·소상공인 지표는 현재 제공 파일에 출처와 기준시점이 문서화되어 있지 않아 파일 내 상대 비교로만 해석했다.
2026|시도|대전|대전|overall,2026,시도,대전,대전,종합,overall,종합 인사이트,,N,"2026년 대전의 인구는 1,439,157명으로 17개 시도 중 13위다. 우심피해액은 83.2억 원(16위)이고, 1인당 피해액은 5,779원(15위)이며 피해비중은 인구비중의 0.08배다. 인구 규모 대비 피해 부담은 매우 낮게 나타난다. 주택 지표는 5위이고 인구 1천 명당 0.92건으로 시도 평균 0.76건과 비교해 높다.",2026 파일의 인구는 2024년 12월 기준이고 피해액은 2015~2024년 누계이므로 2026년 단년 관측치로 해석하면 안 된다. 2024와 2026 파일의 시도별 인구·피해액 값이 동일하므로 연도 변화로 해석하지 않았다. 2026 파일의 주택·온실·소상공인 지표는 현재 제공 파일에 출처와 기준시점이 문서화되어 있지 않아 파일 내 상대 비교로만 해석했다.
2026|시도|대전|대전|damage,2026,시도,대전,대전,원지표,damage,우심피해액,우심피해액(원),Y,"2026년 대전의 우심피해액은 83.2억 원으로, 17개 시도 중 16위이며 전국 합계의 0.22%다. 1인당 피해액은 5,779원(15위)이고, 피해비중/인구비중은 0.08배다.",2026 파일의 인구는 2024년 12월 기준이고 피해액은 2015~2024년 누계이므로 2026년 단년 관측치로 해석하면 안 된다. 2024와 2026 파일의 시도별 인구·피해액 값이 동일하므로 연도 변화로 해석하지 않았다.
2026|시도|대전|대전|population,2026,시도,대전,대전,원지표,population,인구수,인구수(건),Y,"2026년 대전의 인구는 1,439,157명으로 17개 시도 중 13위이며 전국의 2.81%를 차지한다. 시도 평균 인구의 0.48배다.",2026 파일의 인구는 2024년 12월 기준이고 피해액은 2015~2024년 누계이므로 2026년 단년 관측치로 해석하면 안 된다. 2024와 2026 파일의 시도별 인구·피해액 값이 동일하므로 연도 변화로 해석하지 않았다.
2026|시도|대전|대전|housing,2026,시도,대전,대전,원지표,housing,주택 지표,주택 보험 가입 현황(건),Y,"2026년 대전의 주택 지표는 1,321건으로 17개 시도 중 5위이며 전체의 3.69%다. 인구 1천 명당 0.92건으로 6위다. 원본 Z값은 -0.3747다.",2026 파일의 주택·온실·소상공인 지표는 현재 제공 파일에 출처와 기준시점이 문서화되어 있지 않아 파일 내 상대 비교로만 해석했다.
2026|시도|대전|대전|housingZ,2026,시도,대전,대전,원지표,housingZ,주택 지표 Z값,주택 보험 가입 현황(Z값),Y,"2026년 대전의 원본 주택 지표 Z값은 -0.3747이지만, 현재 파일의 17개 시도 값으로 재계산하면 -0.3127다. 원본 산식 기준이 불명확하므로 순위 참고 외의 표준편차 해석은 제외한다.",2026 파일의 주택·온실·소상공인 지표는 현재 제공 파일에 출처와 기준시점이 문서화되어 있지 않아 파일 내 상대 비교로만 해석했다. 원본 Z값이 현재 17개 시도 값으로 재계산한 Z값과 일치하지 않아 표준편차 해석은 보류해야 한다.
2026|시도|대전|대전|damagePerCapita,2026,시도,대전,대전,파생지표,damagePerCapita,1인당 우심피해액,,N,"2026년 대전의 1인당 우심피해액은 5,779원으로 17개 시도 중 15위다. 전국 전체 인구 기준 평균 1인당 피해액의 0.08배이며, 인구 규모 대비 피해 부담은 매우 낮게 나타난다.",2026 파일의 인구는 2024년 12월 기준이고 피해액은 2015~2024년 누계이므로 2026년 단년 관측치로 해석하면 안 된다. 2024와 2026 파일의 시도별 인구·피해액 값이 동일하므로 연도 변화로 해석하지 않았다.
2026|시도|대전|대전|housingPer1000,2026,시도,대전,대전,파생지표,housingPer1000,인구 1천 명당 주택 지표,,N,2026년 대전의 인구 1천 명당 주택 지표는 0.92건으로 17개 시도 중 6위다. 시도 평균의 1.22배다.,2026 파일의 주택·온실·소상공인 지표는 현재 제공 파일에 출처와 기준시점이 문서화되어 있지 않아 파일 내 상대 비교로만 해석했다.
2026|시도|대전|대전|damagePerHousing,2026,시도,대전,대전,파생지표,damagePerHousing,주택 지표 1건당 우심피해액,,N,"2026년 대전의 주택 지표 1건당 우심피해액 단순 비율은 6,295,909원으로 17개 시도 중 17위(최하위)다. 시도 평균 단순 비율의 0.04배다.",2026 파일의 인구는 2024년 12월 기준이고 피해액은 2015~2024년 누계이므로 2026년 단년 관측치로 해석하면 안 된다. 2024와 2026 파일의 시도별 인구·피해액 값이 동일하므로 연도 변화로 해석하지 않았다. 2026 파일의 주택·온실·소상공인 지표는 현재 제공 파일에 출처와 기준시점이 문서화되어 있지 않아 파일 내 상대 비교로만 해석했다. 피해액과 주택 지표의 기준기간·정의가 다를 수 있어 공식 손해율이나 보험보장공백률이 아닌 탐색적 비율이다.
2026|시도|대전|대전|greenhouse,2026,시도,대전,대전,원지표,greenhouse,온실 면적,,N,2026년 대전의 온실 면적은 500㎡로 17개 시도 중 6위이며 전체의 6.83%다. 인구 1명당 0.00㎡다. 원본 Z값은 +0.3725다.,2026 파일의 주택·온실·소상공인 지표는 현재 제공 파일에 출처와 기준시점이 문서화되어 있지 않아 파일 내 상대 비교로만 해석했다.
2026|시도|대전|대전|greenhouseZ,2026,시도,대전,대전,원지표,greenhouseZ,온실 면적 Z값,,N,"2026년 대전의 원본 온실 면적 Z값은 +0.3725이지만, 현재 파일의 17개 시도 값으로 재계산하면 +0.3353다. 원본 산식 기준이 불명확하므로 순위 참고 외의 표준편차 해석은 제외한다.",2026 파일의 주택·온실·소상공인 지표는 현재 제공 파일에 출처와 기준시점이 문서화되어 있지 않아 파일 내 상대 비교로만 해석했다. 원본 Z값이 현재 17개 시도 값으로 재계산한 Z값과 일치하지 않아 표준편차 해석은 보류해야 한다.
2026|시도|대전|대전|smallbiz,2026,시도,대전,대전,원지표,smallbiz,소상공인,,N,"2026년 대전의 소상공인 지표는 1,321건으로 17개 시도 중 공동 4위이며 전체의 7.35%다. 인구 1천 명당 0.92건으로 3위다.",2026 파일의 주택·온실·소상공인 지표는 현재 제공 파일에 출처와 기준시점이 문서화되어 있지 않아 파일 내 상대 비교로만 해석했다.
2026|시도|울산|울산|overall,2026,시도,울산,울산,종합,overall,종합 인사이트,,N,"2026년 울산의 인구는 1,098,049명으로 17개 시도 중 15위다. 우심피해액은 637.7억 원(9위)이고, 1인당 피해액은 58,073원(9위)이며 피해비중은 인구비중의 0.78배다. 인구 규모 대비 피해 부담은 낮은 편이다. 주택 지표는 12위이고 인구 1천 명당 0.77건으로 시도 평균 0.76건과 비교해 비슷하다.",2026 파일의 인구는 2024년 12월 기준이고 피해액은 2015~2024년 누계이므로 2026년 단년 관측치로 해석하면 안 된다. 2024와 2026 파일의 시도별 인구·피해액 값이 동일하므로 연도 변화로 해석하지 않았다. 2026 파일의 주택·온실·소상공인 지표는 현재 제공 파일에 출처와 기준시점이 문서화되어 있지 않아 파일 내 상대 비교로만 해석했다.
2026|시도|울산|울산|damage,2026,시도,울산,울산,원지표,damage,우심피해액,우심피해액(원),Y,"2026년 울산의 우심피해액은 637.7억 원으로, 17개 시도 중 9위이며 전국 합계의 1.66%다. 1인당 피해액은 58,073원(9위)이고, 피해비중/인구비중은 0.78배다.",2026 파일의 인구는 2024년 12월 기준이고 피해액은 2015~2024년 누계이므로 2026년 단년 관측치로 해석하면 안 된다. 2024와 2026 파일의 시도별 인구·피해액 값이 동일하므로 연도 변화로 해석하지 않았다.
2026|시도|울산|울산|population,2026,시도,울산,울산,원지표,population,인구수,인구수(건),Y,"2026년 울산의 인구는 1,098,049명으로 17개 시도 중 15위이며 전국의 2.14%를 차지한다. 시도 평균 인구의 0.36배다.",2026 파일의 인구는 2024년 12월 기준이고 피해액은 2015~2024년 누계이므로 2026년 단년 관측치로 해석하면 안 된다. 2024와 2026 파일의 시도별 인구·피해액 값이 동일하므로 연도 변화로 해석하지 않았다.
2026|시도|울산|울산|housing,2026,시도,울산,울산,원지표,housing,주택 지표,주택 보험 가입 현황(건),Y,2026년 울산의 주택 지표는 844건으로 17개 시도 중 12위이며 전체의 2.36%다. 인구 1천 명당 0.77건으로 7위다. 원본 Z값은 -0.5274다.,2026 파일의 주택·온실·소상공인 지표는 현재 제공 파일에 출처와 기준시점이 문서화되어 있지 않아 파일 내 상대 비교로만 해석했다.
2026|시도|울산|울산|housingZ,2026,시도,울산,울산,원지표,housingZ,주택 지표 Z값,주택 보험 가입 현황(Z값),Y,"2026년 울산의 원본 주택 지표 Z값은 -0.5274이지만, 현재 파일의 17개 시도 값으로 재계산하면 -0.5023다. 원본 산식 기준이 불명확하므로 순위 참고 외의 표준편차 해석은 제외한다.",2026 파일의 주택·온실·소상공인 지표는 현재 제공 파일에 출처와 기준시점이 문서화되어 있지 않아 파일 내 상대 비교로만 해석했다. 원본 Z값이 현재 17개 시도 값으로 재계산한 Z값과 일치하지 않아 표준편차 해석은 보류해야 한다.
2026|시도|울산|울산|damagePerCapita,2026,시도,울산,울산,파생지표,damagePerCapita,1인당 우심피해액,,N,"2026년 울산의 1인당 우심피해액은 58,073원으로 17개 시도 중 9위다. 전국 전체 인구 기준 평균 1인당 피해액의 0.78배이며, 인구 규모 대비 피해 부담은 낮은 편이다.",2026 파일의 인구는 2024년 12월 기준이고 피해액은 2015~2024년 누계이므로 2026년 단년 관측치로 해석하면 안 된다. 2024와 2026 파일의 시도별 인구·피해액 값이 동일하므로 연도 변화로 해석하지 않았다.
2026|시도|울산|울산|housingPer1000,2026,시도,울산,울산,파생지표,housingPer1000,인구 1천 명당 주택 지표,,N,2026년 울산의 인구 1천 명당 주택 지표는 0.77건으로 17개 시도 중 7위다. 시도 평균의 1.02배다.,2026 파일의 주택·온실·소상공인 지표는 현재 제공 파일에 출처와 기준시점이 문서화되어 있지 않아 파일 내 상대 비교로만 해석했다.
2026|시도|울산|울산|damagePerHousing,2026,시도,울산,울산,파생지표,damagePerHousing,주택 지표 1건당 우심피해액,,N,"2026년 울산의 주택 지표 1건당 우심피해액 단순 비율은 75,552,819원으로 17개 시도 중 7위다. 시도 평균 단순 비율의 0.52배다.",2026 파일의 인구는 2024년 12월 기준이고 피해액은 2015~2024년 누계이므로 2026년 단년 관측치로 해석하면 안 된다. 2024와 2026 파일의 시도별 인구·피해액 값이 동일하므로 연도 변화로 해석하지 않았다. 2026 파일의 주택·온실·소상공인 지표는 현재 제공 파일에 출처와 기준시점이 문서화되어 있지 않아 파일 내 상대 비교로만 해석했다. 피해액과 주택 지표의 기준기간·정의가 다를 수 있어 공식 손해율이나 보험보장공백률이 아닌 탐색적 비율이다.
2026|시도|울산|울산|greenhouse,2026,시도,울산,울산,원지표,greenhouse,온실 면적,,N,2026년 울산의 온실 면적은 450㎡로 17개 시도 중 7위이며 전체의 6.15%다. 인구 1명당 0.00㎡다. 원본 Z값은 +0.1042다.,2026 파일의 주택·온실·소상공인 지표는 현재 제공 파일에 출처와 기준시점이 문서화되어 있지 않아 파일 내 상대 비교로만 해석했다.
2026|시도|울산|울산|greenhouseZ,2026,시도,울산,울산,원지표,greenhouseZ,온실 면적 Z값,,N,"2026년 울산의 원본 온실 면적 Z값은 +0.1042이지만, 현재 파일의 17개 시도 값으로 재계산하면 +0.0938다. 원본 산식 기준이 불명확하므로 순위 참고 외의 표준편차 해석은 제외한다.",2026 파일의 주택·온실·소상공인 지표는 현재 제공 파일에 출처와 기준시점이 문서화되어 있지 않아 파일 내 상대 비교로만 해석했다. 원본 Z값이 현재 17개 시도 값으로 재계산한 Z값과 일치하지 않아 표준편차 해석은 보류해야 한다.
2026|시도|울산|울산|smallbiz,2026,시도,울산,울산,원지표,smallbiz,소상공인,,N,"2026년 울산의 소상공인 지표는 5,454건으로 17개 시도 중 1위이며 전체의 30.33%다. 인구 1천 명당 4.97건으로 1위다.",2026 파일의 주택·온실·소상공인 지표는 현재 제공 파일에 출처와 기준시점이 문서화되어 있지 않아 파일 내 상대 비교로만 해석했다.
2026|시도|세종|세종|overall,2026,시도,세종,세종,종합,overall,종합 인사이트,,N,"2026년 세종의 인구는 390,685명으로 17개 시도 중 17위(최하위)다. 우심피해액은 242.1억 원(14위)이고, 1인당 피해액은 61,979원(8위)이며 피해비중은 인구비중의 0.83배다. 인구 비중과 피해 비중이 대체로 비슷한 수준이다. 주택 지표는 13위이고 인구 1천 명당 1.96건으로 시도 평균 0.76건과 비교해 높다.",2026 파일의 인구는 2024년 12월 기준이고 피해액은 2015~2024년 누계이므로 2026년 단년 관측치로 해석하면 안 된다. 2024와 2026 파일의 시도별 인구·피해액 값이 동일하므로 연도 변화로 해석하지 않았다. 2026 파일의 주택·온실·소상공인 지표는 현재 제공 파일에 출처와 기준시점이 문서화되어 있지 않아 파일 내 상대 비교로만 해석했다.
2026|시도|세종|세종|damage,2026,시도,세종,세종,원지표,damage,우심피해액,우심피해액(원),Y,"2026년 세종의 우심피해액은 242.1억 원으로, 17개 시도 중 14위이며 전국 합계의 0.63%다. 1인당 피해액은 61,979원(8위)이고, 피해비중/인구비중은 0.83배다.",2026 파일의 인구는 2024년 12월 기준이고 피해액은 2015~2024년 누계이므로 2026년 단년 관측치로 해석하면 안 된다. 2024와 2026 파일의 시도별 인구·피해액 값이 동일하므로 연도 변화로 해석하지 않았다.
2026|시도|세종|세종|population,2026,시도,세종,세종,원지표,population,인구수,인구수(건),Y,"2026년 세종의 인구는 390,685명으로 17개 시도 중 17위(최하위)이며 전국의 0.76%를 차지한다. 시도 평균 인구의 0.13배다.",2026 파일의 인구는 2024년 12월 기준이고 피해액은 2015~2024년 누계이므로 2026년 단년 관측치로 해석하면 안 된다. 2024와 2026 파일의 시도별 인구·피해액 값이 동일하므로 연도 변화로 해석하지 않았다.
2026|시도|세종|세종|housing,2026,시도,세종,세종,원지표,housing,주택 지표,주택 보험 가입 현황(건),Y,2026년 세종의 주택 지표는 765건으로 17개 시도 중 13위이며 전체의 2.13%다. 인구 1천 명당 1.96건으로 1위다. 원본 Z값은 -0.5527다.,2026 파일의 주택·온실·소상공인 지표는 현재 제공 파일에 출처와 기준시점이 문서화되어 있지 않아 파일 내 상대 비교로만 해석했다.
2026|시도|세종|세종|housingZ,2026,시도,세종,세종,원지표,housingZ,주택 지표 Z값,주택 보험 가입 현황(Z값),Y,"2026년 세종의 원본 주택 지표 Z값은 -0.5527이지만, 현재 파일의 17개 시도 값으로 재계산하면 -0.5337다. 원본 산식 기준이 불명확하므로 순위 참고 외의 표준편차 해석은 제외한다.",2026 파일의 주택·온실·소상공인 지표는 현재 제공 파일에 출처와 기준시점이 문서화되어 있지 않아 파일 내 상대 비교로만 해석했다. 원본 Z값이 현재 17개 시도 값으로 재계산한 Z값과 일치하지 않아 표준편차 해석은 보류해야 한다.
2026|시도|세종|세종|damagePerCapita,2026,시도,세종,세종,파생지표,damagePerCapita,1인당 우심피해액,,N,"2026년 세종의 1인당 우심피해액은 61,979원으로 17개 시도 중 8위다. 전국 전체 인구 기준 평균 1인당 피해액의 0.83배이며, 인구 비중과 피해 비중이 대체로 비슷한 수준이다.",2026 파일의 인구는 2024년 12월 기준이고 피해액은 2015~2024년 누계이므로 2026년 단년 관측치로 해석하면 안 된다. 2024와 2026 파일의 시도별 인구·피해액 값이 동일하므로 연도 변화로 해석하지 않았다.
2026|시도|세종|세종|housingPer1000,2026,시도,세종,세종,파생지표,housingPer1000,인구 1천 명당 주택 지표,,N,2026년 세종의 인구 1천 명당 주택 지표는 1.96건으로 17개 시도 중 1위다. 시도 평균의 2.59배다.,2026 파일의 주택·온실·소상공인 지표는 현재 제공 파일에 출처와 기준시점이 문서화되어 있지 않아 파일 내 상대 비교로만 해석했다.
2026|시도|세종|세종|damagePerHousing,2026,시도,세종,세종,파생지표,damagePerHousing,주택 지표 1건당 우심피해액,,N,"2026년 세종의 주택 지표 1건당 우심피해액 단순 비율은 31,652,608원으로 17개 시도 중 12위다. 시도 평균 단순 비율의 0.22배다.",2026 파일의 인구는 2024년 12월 기준이고 피해액은 2015~2024년 누계이므로 2026년 단년 관측치로 해석하면 안 된다. 2024와 2026 파일의 시도별 인구·피해액 값이 동일하므로 연도 변화로 해석하지 않았다. 2026 파일의 주택·온실·소상공인 지표는 현재 제공 파일에 출처와 기준시점이 문서화되어 있지 않아 파일 내 상대 비교로만 해석했다. 피해액과 주택 지표의 기준기간·정의가 다를 수 있어 공식 손해율이나 보험보장공백률이 아닌 탐색적 비율이다.
2026|시도|세종|세종|greenhouse,2026,시도,세종,세종,원지표,greenhouse,온실 면적,,N,2026년 세종의 온실 면적은 400㎡로 17개 시도 중 8위이며 전체의 5.46%다. 인구 1명당 0.00㎡다. 원본 Z값은 -0.1641다.,2026 파일의 주택·온실·소상공인 지표는 현재 제공 파일에 출처와 기준시점이 문서화되어 있지 않아 파일 내 상대 비교로만 해석했다.
2026|시도|세종|세종|greenhouseZ,2026,시도,세종,세종,원지표,greenhouseZ,온실 면적 Z값,,N,"2026년 세종의 원본 온실 면적 Z값은 -0.1641이지만, 현재 파일의 17개 시도 값으로 재계산하면 -0.1477다. 원본 산식 기준이 불명확하므로 순위 참고 외의 표준편차 해석은 제외한다.",2026 파일의 주택·온실·소상공인 지표는 현재 제공 파일에 출처와 기준시점이 문서화되어 있지 않아 파일 내 상대 비교로만 해석했다. 원본 Z값이 현재 17개 시도 값으로 재계산한 Z값과 일치하지 않아 표준편차 해석은 보류해야 한다.
2026|시도|세종|세종|smallbiz,2026,시도,세종,세종,원지표,smallbiz,소상공인,,N,2026년 세종의 소상공인 지표는 44건으로 17개 시도 중 17위(최하위)이며 전체의 0.24%다. 인구 1천 명당 0.11건으로 14위다.,2026 파일의 주택·온실·소상공인 지표는 현재 제공 파일에 출처와 기준시점이 문서화되어 있지 않아 파일 내 상대 비교로만 해석했다.
2026|시도|경기|경기|overall,2026,시도,경기,경기,종합,overall,종합 인사이트,,N,"2026년 경기의 인구는 13,694,685명으로 17개 시도 중 1위다. 우심피해액은 6,064.8억 원(2위)이고, 1인당 피해액은 44,286원(11위)이며 피해비중은 인구비중의 0.59배다. 인구 규모 대비 피해 부담은 낮은 편이다. 주택 지표는 2위이고 인구 1천 명당 0.60건으로 시도 평균 0.76건과 비교해 낮다.",2026 파일의 인구는 2024년 12월 기준이고 피해액은 2015~2024년 누계이므로 2026년 단년 관측치로 해석하면 안 된다. 2024와 2026 파일의 시도별 인구·피해액 값이 동일하므로 연도 변화로 해석하지 않았다. 2026 파일의 주택·온실·소상공인 지표는 현재 제공 파일에 출처와 기준시점이 문서화되어 있지 않아 파일 내 상대 비교로만 해석했다.
2026|시도|경기|경기|damage,2026,시도,경기,경기,원지표,damage,우심피해액,우심피해액(원),Y,"2026년 경기의 우심피해액은 6,064.8억 원으로, 17개 시도 중 2위이며 전국 합계의 15.82%다. 1인당 피해액은 44,286원(11위)이고, 피해비중/인구비중은 0.59배다.",2026 파일의 인구는 2024년 12월 기준이고 피해액은 2015~2024년 누계이므로 2026년 단년 관측치로 해석하면 안 된다. 2024와 2026 파일의 시도별 인구·피해액 값이 동일하므로 연도 변화로 해석하지 않았다.
2026|시도|경기|경기|population,2026,시도,경기,경기,원지표,population,인구수,인구수(건),Y,"2026년 경기의 인구는 13,694,685명으로 17개 시도 중 1위이며 전국의 26.74%를 차지한다. 시도 평균 인구의 4.55배다.",2026 파일의 인구는 2024년 12월 기준이고 피해액은 2015~2024년 누계이므로 2026년 단년 관측치로 해석하면 안 된다. 2024와 2026 파일의 시도별 인구·피해액 값이 동일하므로 연도 변화로 해석하지 않았다.
2026|시도|경기|경기|housing,2026,시도,경기,경기,원지표,housing,주택 지표,주택 보험 가입 현황(건),Y,"2026년 경기의 주택 지표는 8,215건으로 17개 시도 중 2위이며 전체의 22.93%다. 인구 1천 명당 0.60건으로 11위다. 원본 Z값은 +1.8320다.",2026 파일의 주택·온실·소상공인 지표는 현재 제공 파일에 출처와 기준시점이 문서화되어 있지 않아 파일 내 상대 비교로만 해석했다.
2026|시도|경기|경기|housingZ,2026,시도,경기,경기,원지표,housingZ,주택 지표 Z값,주택 보험 가입 현황(Z값),Y,"2026년 경기의 원본 주택 지표 Z값은 +1.8320이지만, 현재 파일의 17개 시도 값으로 재계산하면 +2.4274다. 원본 산식 기준이 불명확하므로 순위 참고 외의 표준편차 해석은 제외한다.",2026 파일의 주택·온실·소상공인 지표는 현재 제공 파일에 출처와 기준시점이 문서화되어 있지 않아 파일 내 상대 비교로만 해석했다. 원본 Z값이 현재 17개 시도 값으로 재계산한 Z값과 일치하지 않아 표준편차 해석은 보류해야 한다.
2026|시도|경기|경기|damagePerCapita,2026,시도,경기,경기,파생지표,damagePerCapita,1인당 우심피해액,,N,"2026년 경기의 1인당 우심피해액은 44,286원으로 17개 시도 중 11위다. 전국 전체 인구 기준 평균 1인당 피해액의 0.59배이며, 인구 규모 대비 피해 부담은 낮은 편이다.",2026 파일의 인구는 2024년 12월 기준이고 피해액은 2015~2024년 누계이므로 2026년 단년 관측치로 해석하면 안 된다. 2024와 2026 파일의 시도별 인구·피해액 값이 동일하므로 연도 변화로 해석하지 않았다.
2026|시도|경기|경기|housingPer1000,2026,시도,경기,경기,파생지표,housingPer1000,인구 1천 명당 주택 지표,,N,2026년 경기의 인구 1천 명당 주택 지표는 0.60건으로 17개 시도 중 11위다. 시도 평균의 0.79배다.,2026 파일의 주택·온실·소상공인 지표는 현재 제공 파일에 출처와 기준시점이 문서화되어 있지 않아 파일 내 상대 비교로만 해석했다.
2026|시도|경기|경기|damagePerHousing,2026,시도,경기,경기,파생지표,damagePerHousing,주택 지표 1건당 우심피해액,,N,"2026년 경기의 주택 지표 1건당 우심피해액 단순 비율은 73,825,968원으로 17개 시도 중 8위다. 시도 평균 단순 비율의 0.51배다.",2026 파일의 인구는 2024년 12월 기준이고 피해액은 2015~2024년 누계이므로 2026년 단년 관측치로 해석하면 안 된다. 2024와 2026 파일의 시도별 인구·피해액 값이 동일하므로 연도 변화로 해석하지 않았다. 2026 파일의 주택·온실·소상공인 지표는 현재 제공 파일에 출처와 기준시점이 문서화되어 있지 않아 파일 내 상대 비교로만 해석했다. 피해액과 주택 지표의 기준기간·정의가 다를 수 있어 공식 손해율이나 보험보장공백률이 아닌 탐색적 비율이다.
2026|시도|경기|경기|greenhouse,2026,시도,경기,경기,원지표,greenhouse,온실 면적,,N,2026년 경기의 온실 면적은 350㎡로 17개 시도 중 9위이며 전체의 4.78%다. 인구 1명당 0.00㎡다. 원본 Z값은 -0.4325다.,2026 파일의 주택·온실·소상공인 지표는 현재 제공 파일에 출처와 기준시점이 문서화되어 있지 않아 파일 내 상대 비교로만 해석했다.
2026|시도|경기|경기|greenhouseZ,2026,시도,경기,경기,원지표,greenhouseZ,온실 면적 Z값,,N,"2026년 경기의 원본 온실 면적 Z값은 -0.4325이지만, 현재 파일의 17개 시도 값으로 재계산하면 -0.3892다. 원본 산식 기준이 불명확하므로 순위 참고 외의 표준편차 해석은 제외한다.",2026 파일의 주택·온실·소상공인 지표는 현재 제공 파일에 출처와 기준시점이 문서화되어 있지 않아 파일 내 상대 비교로만 해석했다. 원본 Z값이 현재 17개 시도 값으로 재계산한 Z값과 일치하지 않아 표준편차 해석은 보류해야 한다.
2026|시도|경기|경기|smallbiz,2026,시도,경기,경기,원지표,smallbiz,소상공인,,N,2026년 경기의 소상공인 지표는 554건으로 17개 시도 중 9위이며 전체의 3.08%다. 인구 1천 명당 0.04건으로 17위(최하위)다.,2026 파일의 주택·온실·소상공인 지표는 현재 제공 파일에 출처와 기준시점이 문서화되어 있지 않아 파일 내 상대 비교로만 해석했다.
2026|시도|강원|강원|overall,2026,시도,강원,강원,종합,overall,종합 인사이트,,N,"2026년 강원의 인구는 1,517,766명으로 17개 시도 중 12위다. 우심피해액은 2,570.2억 원(6위)이고, 1인당 피해액은 169,341원(4위)이며 피해비중은 인구비중의 2.26배다. 인구 규모보다 피해 부담이 뚜렷하게 높은 편이다. 주택 지표는 8위이고 인구 1천 명당 0.74건으로 시도 평균 0.76건과 비교해 비슷하다.",2026 파일의 인구는 2024년 12월 기준이고 피해액은 2015~2024년 누계이므로 2026년 단년 관측치로 해석하면 안 된다. 2024와 2026 파일의 시도별 인구·피해액 값이 동일하므로 연도 변화로 해석하지 않았다. 2026 파일의 주택·온실·소상공인 지표는 현재 제공 파일에 출처와 기준시점이 문서화되어 있지 않아 파일 내 상대 비교로만 해석했다.
2026|시도|강원|강원|damage,2026,시도,강원,강원,원지표,damage,우심피해액,우심피해액(원),Y,"2026년 강원의 우심피해액은 2,570.2억 원으로, 17개 시도 중 6위이며 전국 합계의 6.71%다. 1인당 피해액은 169,341원(4위)이고, 피해비중/인구비중은 2.26배다.",2026 파일의 인구는 2024년 12월 기준이고 피해액은 2015~2024년 누계이므로 2026년 단년 관측치로 해석하면 안 된다. 2024와 2026 파일의 시도별 인구·피해액 값이 동일하므로 연도 변화로 해석하지 않았다.
2026|시도|강원|강원|population,2026,시도,강원,강원,원지표,population,인구수,인구수(건),Y,"2026년 강원의 인구는 1,517,766명으로 17개 시도 중 12위이며 전국의 2.96%를 차지한다. 시도 평균 인구의 0.50배다.",2026 파일의 인구는 2024년 12월 기준이고 피해액은 2015~2024년 누계이므로 2026년 단년 관측치로 해석하면 안 된다. 2024와 2026 파일의 시도별 인구·피해액 값이 동일하므로 연도 변화로 해석하지 않았다.
2026|시도|강원|강원|housing,2026,시도,강원,강원,원지표,housing,주택 지표,주택 보험 가입 현황(건),Y,"2026년 강원의 주택 지표는 1,121건으로 17개 시도 중 8위이며 전체의 3.13%다. 인구 1천 명당 0.74건으로 8위다. 원본 Z값은 -0.4387다.",2026 파일의 주택·온실·소상공인 지표는 현재 제공 파일에 출처와 기준시점이 문서화되어 있지 않아 파일 내 상대 비교로만 해석했다.
2026|시도|강원|강원|housingZ,2026,시도,강원,강원,원지표,housingZ,주택 지표 Z값,주택 보험 가입 현황(Z값),Y,"2026년 강원의 원본 주택 지표 Z값은 -0.4387이지만, 현재 파일의 17개 시도 값으로 재계산하면 -0.3922다. 원본 산식 기준이 불명확하므로 순위 참고 외의 표준편차 해석은 제외한다.",2026 파일의 주택·온실·소상공인 지표는 현재 제공 파일에 출처와 기준시점이 문서화되어 있지 않아 파일 내 상대 비교로만 해석했다. 원본 Z값이 현재 17개 시도 값으로 재계산한 Z값과 일치하지 않아 표준편차 해석은 보류해야 한다.
2026|시도|강원|강원|damagePerCapita,2026,시도,강원,강원,파생지표,damagePerCapita,1인당 우심피해액,,N,"2026년 강원의 1인당 우심피해액은 169,341원으로 17개 시도 중 4위다. 전국 전체 인구 기준 평균 1인당 피해액의 2.26배이며, 인구 규모보다 피해 부담이 뚜렷하게 높은 편이다.",2026 파일의 인구는 2024년 12월 기준이고 피해액은 2015~2024년 누계이므로 2026년 단년 관측치로 해석하면 안 된다. 2024와 2026 파일의 시도별 인구·피해액 값이 동일하므로 연도 변화로 해석하지 않았다.
2026|시도|강원|강원|housingPer1000,2026,시도,강원,강원,파생지표,housingPer1000,인구 1천 명당 주택 지표,,N,2026년 강원의 인구 1천 명당 주택 지표는 0.74건으로 17개 시도 중 8위다. 시도 평균의 0.98배다.,2026 파일의 주택·온실·소상공인 지표는 현재 제공 파일에 출처와 기준시점이 문서화되어 있지 않아 파일 내 상대 비교로만 해석했다.
2026|시도|강원|강원|damagePerHousing,2026,시도,강원,강원,파생지표,damagePerHousing,주택 지표 1건당 우심피해액,,N,"2026년 강원의 주택 지표 1건당 우심피해액 단순 비율은 229,276,864원으로 17개 시도 중 6위다. 시도 평균 단순 비율의 1.59배다.",2026 파일의 인구는 2024년 12월 기준이고 피해액은 2015~2024년 누계이므로 2026년 단년 관측치로 해석하면 안 된다. 2024와 2026 파일의 시도별 인구·피해액 값이 동일하므로 연도 변화로 해석하지 않았다. 2026 파일의 주택·온실·소상공인 지표는 현재 제공 파일에 출처와 기준시점이 문서화되어 있지 않아 파일 내 상대 비교로만 해석했다. 피해액과 주택 지표의 기준기간·정의가 다를 수 있어 공식 손해율이나 보험보장공백률이 아닌 탐색적 비율이다.
2026|시도|강원|강원|greenhouse,2026,시도,강원,강원,원지표,greenhouse,온실 면적,,N,2026년 강원의 온실 면적은 300㎡로 17개 시도 중 10위이며 전체의 4.10%다. 인구 1명당 0.00㎡다. 원본 Z값은 -0.7008다.,2026 파일의 주택·온실·소상공인 지표는 현재 제공 파일에 출처와 기준시점이 문서화되어 있지 않아 파일 내 상대 비교로만 해석했다.
2026|시도|강원|강원|greenhouseZ,2026,시도,강원,강원,원지표,greenhouseZ,온실 면적 Z값,,N,"2026년 강원의 원본 온실 면적 Z값은 -0.7008이지만, 현재 파일의 17개 시도 값으로 재계산하면 -0.6307다. 원본 산식 기준이 불명확하므로 순위 참고 외의 표준편차 해석은 제외한다.",2026 파일의 주택·온실·소상공인 지표는 현재 제공 파일에 출처와 기준시점이 문서화되어 있지 않아 파일 내 상대 비교로만 해석했다. 원본 Z값이 현재 17개 시도 값으로 재계산한 Z값과 일치하지 않아 표준편차 해석은 보류해야 한다.
2026|시도|강원|강원|smallbiz,2026,시도,강원,강원,원지표,smallbiz,소상공인,,N,2026년 강원의 소상공인 지표는 215건으로 17개 시도 중 공동 10위이며 전체의 1.20%다. 인구 1천 명당 0.14건으로 9위다.,2026 파일의 주택·온실·소상공인 지표는 현재 제공 파일에 출처와 기준시점이 문서화되어 있지 않아 파일 내 상대 비교로만 해석했다.
2026|시도|충북|충북|overall,2026,시도,충북,충북,종합,overall,종합 인사이트,,N,"2026년 충북의 인구는 1,591,177명으로 17개 시도 중 11위다. 우심피해액은 4,891.8억 원(4위)이고, 1인당 피해액은 307,432원(2위)이며 피해비중은 인구비중의 4.11배다. 인구 규모에 비해 피해가 매우 크게 집중된 지역이다. 주택 지표는 10위이고 인구 1천 명당 0.64건으로 시도 평균 0.76건과 비교해 낮다.",2026 파일의 인구는 2024년 12월 기준이고 피해액은 2015~2024년 누계이므로 2026년 단년 관측치로 해석하면 안 된다. 2024와 2026 파일의 시도별 인구·피해액 값이 동일하므로 연도 변화로 해석하지 않았다. 2026 파일의 주택·온실·소상공인 지표는 현재 제공 파일에 출처와 기준시점이 문서화되어 있지 않아 파일 내 상대 비교로만 해석했다.
2026|시도|충북|충북|damage,2026,시도,충북,충북,원지표,damage,우심피해액,우심피해액(원),Y,"2026년 충북의 우심피해액은 4,891.8억 원으로, 17개 시도 중 4위이며 전국 합계의 12.76%다. 1인당 피해액은 307,432원(2위)이고, 피해비중/인구비중은 4.11배다.",2026 파일의 인구는 2024년 12월 기준이고 피해액은 2015~2024년 누계이므로 2026년 단년 관측치로 해석하면 안 된다. 2024와 2026 파일의 시도별 인구·피해액 값이 동일하므로 연도 변화로 해석하지 않았다.
2026|시도|충북|충북|population,2026,시도,충북,충북,원지표,population,인구수,인구수(건),Y,"2026년 충북의 인구는 1,591,177명으로 17개 시도 중 11위이며 전국의 3.11%를 차지한다. 시도 평균 인구의 0.53배다.",2026 파일의 인구는 2024년 12월 기준이고 피해액은 2015~2024년 누계이므로 2026년 단년 관측치로 해석하면 안 된다. 2024와 2026 파일의 시도별 인구·피해액 값이 동일하므로 연도 변화로 해석하지 않았다.
2026|시도|충북|충북|housing,2026,시도,충북,충북,원지표,housing,주택 지표,주택 보험 가입 현황(건),Y,"2026년 충북의 주택 지표는 1,012건으로 17개 시도 중 10위이며 전체의 2.82%다. 인구 1천 명당 0.64건으로 10위다. 원본 Z값은 -0.4736다.",2026 파일의 주택·온실·소상공인 지표는 현재 제공 파일에 출처와 기준시점이 문서화되어 있지 않아 파일 내 상대 비교로만 해석했다.
2026|시도|충북|충북|housingZ,2026,시도,충북,충북,원지표,housingZ,주택 지표 Z값,주택 보험 가입 현황(Z값),Y,"2026년 충북의 원본 주택 지표 Z값은 -0.4736이지만, 현재 파일의 17개 시도 값으로 재계산하면 -0.4356다. 원본 산식 기준이 불명확하므로 순위 참고 외의 표준편차 해석은 제외한다.",2026 파일의 주택·온실·소상공인 지표는 현재 제공 파일에 출처와 기준시점이 문서화되어 있지 않아 파일 내 상대 비교로만 해석했다. 원본 Z값이 현재 17개 시도 값으로 재계산한 Z값과 일치하지 않아 표준편차 해석은 보류해야 한다.
2026|시도|충북|충북|damagePerCapita,2026,시도,충북,충북,파생지표,damagePerCapita,1인당 우심피해액,,N,"2026년 충북의 1인당 우심피해액은 307,432원으로 17개 시도 중 2위다. 전국 전체 인구 기준 평균 1인당 피해액의 4.11배이며, 인구 규모에 비해 피해가 매우 크게 집중된 지역이다.",2026 파일의 인구는 2024년 12월 기준이고 피해액은 2015~2024년 누계이므로 2026년 단년 관측치로 해석하면 안 된다. 2024와 2026 파일의 시도별 인구·피해액 값이 동일하므로 연도 변화로 해석하지 않았다.
2026|시도|충북|충북|housingPer1000,2026,시도,충북,충북,파생지표,housingPer1000,인구 1천 명당 주택 지표,,N,2026년 충북의 인구 1천 명당 주택 지표는 0.64건으로 17개 시도 중 10위다. 시도 평균의 0.84배다.,2026 파일의 주택·온실·소상공인 지표는 현재 제공 파일에 출처와 기준시점이 문서화되어 있지 않아 파일 내 상대 비교로만 해석했다.
2026|시도|충북|충북|damagePerHousing,2026,시도,충북,충북,파생지표,damagePerHousing,주택 지표 1건당 우심피해액,,N,"2026년 충북의 주택 지표 1건당 우심피해액 단순 비율은 483,377,543원으로 17개 시도 중 1위다. 시도 평균 단순 비율의 3.35배다.",2026 파일의 인구는 2024년 12월 기준이고 피해액은 2015~2024년 누계이므로 2026년 단년 관측치로 해석하면 안 된다. 2024와 2026 파일의 시도별 인구·피해액 값이 동일하므로 연도 변화로 해석하지 않았다. 2026 파일의 주택·온실·소상공인 지표는 현재 제공 파일에 출처와 기준시점이 문서화되어 있지 않아 파일 내 상대 비교로만 해석했다. 피해액과 주택 지표의 기준기간·정의가 다를 수 있어 공식 손해율이나 보험보장공백률이 아닌 탐색적 비율이다.
2026|시도|충북|충북|greenhouse,2026,시도,충북,충북,원지표,greenhouse,온실 면적,,N,2026년 충북의 온실 면적은 290㎡로 17개 시도 중 11위이며 전체의 3.96%다. 인구 1명당 0.00㎡다. 원본 Z값은 -0.7544다.,2026 파일의 주택·온실·소상공인 지표는 현재 제공 파일에 출처와 기준시점이 문서화되어 있지 않아 파일 내 상대 비교로만 해석했다.
2026|시도|충북|충북|greenhouseZ,2026,시도,충북,충북,원지표,greenhouseZ,온실 면적 Z값,,N,"2026년 충북의 원본 온실 면적 Z값은 -0.7544이지만, 현재 파일의 17개 시도 값으로 재계산하면 -0.6790다. 원본 산식 기준이 불명확하므로 순위 참고 외의 표준편차 해석은 제외한다.",2026 파일의 주택·온실·소상공인 지표는 현재 제공 파일에 출처와 기준시점이 문서화되어 있지 않아 파일 내 상대 비교로만 해석했다. 원본 Z값이 현재 17개 시도 값으로 재계산한 Z값과 일치하지 않아 표준편차 해석은 보류해야 한다.
2026|시도|충북|충북|smallbiz,2026,시도,충북,충북,원지표,smallbiz,소상공인,,N,2026년 충북의 소상공인 지표는 213건으로 17개 시도 중 공동 15위이며 전체의 1.18%다. 인구 1천 명당 0.13건으로 10위다.,2026 파일의 주택·온실·소상공인 지표는 현재 제공 파일에 출처와 기준시점이 문서화되어 있지 않아 파일 내 상대 비교로만 해석했다.
2026|시도|충남|충남|overall,2026,시도,충남,충남,종합,overall,종합 인사이트,,N,"2026년 충남의 인구는 2,136,574명으로 17개 시도 중 8위다. 우심피해액은 4,903.8억 원(3위)이고, 1인당 피해액은 229,516원(3위)이며 피해비중은 인구비중의 3.07배다. 인구 규모에 비해 피해가 매우 크게 집중된 지역이다. 주택 지표는 9위이고 인구 1천 명당 0.50건으로 시도 평균 0.76건과 비교해 낮다.",2026 파일의 인구는 2024년 12월 기준이고 피해액은 2015~2024년 누계이므로 2026년 단년 관측치로 해석하면 안 된다. 2024와 2026 파일의 시도별 인구·피해액 값이 동일하므로 연도 변화로 해석하지 않았다. 2026 파일의 주택·온실·소상공인 지표는 현재 제공 파일에 출처와 기준시점이 문서화되어 있지 않아 파일 내 상대 비교로만 해석했다.
2026|시도|충남|충남|damage,2026,시도,충남,충남,원지표,damage,우심피해액,우심피해액(원),Y,"2026년 충남의 우심피해액은 4,903.8억 원으로, 17개 시도 중 3위이며 전국 합계의 12.80%다. 1인당 피해액은 229,516원(3위)이고, 피해비중/인구비중은 3.07배다.",2026 파일의 인구는 2024년 12월 기준이고 피해액은 2015~2024년 누계이므로 2026년 단년 관측치로 해석하면 안 된다. 2024와 2026 파일의 시도별 인구·피해액 값이 동일하므로 연도 변화로 해석하지 않았다.
2026|시도|충남|충남|population,2026,시도,충남,충남,원지표,population,인구수,인구수(건),Y,"2026년 충남의 인구는 2,136,574명으로 17개 시도 중 8위이며 전국의 4.17%를 차지한다. 시도 평균 인구의 0.71배다.",2026 파일의 인구는 2024년 12월 기준이고 피해액은 2015~2024년 누계이므로 2026년 단년 관측치로 해석하면 안 된다. 2024와 2026 파일의 시도별 인구·피해액 값이 동일하므로 연도 변화로 해석하지 않았다.
2026|시도|충남|충남|housing,2026,시도,충남,충남,원지표,housing,주택 지표,주택 보험 가입 현황(건),Y,"2026년 충남의 주택 지표는 1,065건으로 17개 시도 중 9위이며 전체의 2.97%다. 인구 1천 명당 0.50건으로 14위다. 원본 Z값은 -0.4566다.",2026 파일의 주택·온실·소상공인 지표는 현재 제공 파일에 출처와 기준시점이 문서화되어 있지 않아 파일 내 상대 비교로만 해석했다.
2026|시도|충남|충남|housingZ,2026,시도,충남,충남,원지표,housingZ,주택 지표 Z값,주택 보험 가입 현황(Z값),Y,"2026년 충남의 원본 주택 지표 Z값은 -0.4566이지만, 현재 파일의 17개 시도 값으로 재계산하면 -0.4145다. 원본 산식 기준이 불명확하므로 순위 참고 외의 표준편차 해석은 제외한다.",2026 파일의 주택·온실·소상공인 지표는 현재 제공 파일에 출처와 기준시점이 문서화되어 있지 않아 파일 내 상대 비교로만 해석했다. 원본 Z값이 현재 17개 시도 값으로 재계산한 Z값과 일치하지 않아 표준편차 해석은 보류해야 한다.
2026|시도|충남|충남|damagePerCapita,2026,시도,충남,충남,파생지표,damagePerCapita,1인당 우심피해액,,N,"2026년 충남의 1인당 우심피해액은 229,516원으로 17개 시도 중 3위다. 전국 전체 인구 기준 평균 1인당 피해액의 3.07배이며, 인구 규모에 비해 피해가 매우 크게 집중된 지역이다.",2026 파일의 인구는 2024년 12월 기준이고 피해액은 2015~2024년 누계이므로 2026년 단년 관측치로 해석하면 안 된다. 2024와 2026 파일의 시도별 인구·피해액 값이 동일하므로 연도 변화로 해석하지 않았다.
2026|시도|충남|충남|housingPer1000,2026,시도,충남,충남,파생지표,housingPer1000,인구 1천 명당 주택 지표,,N,2026년 충남의 인구 1천 명당 주택 지표는 0.50건으로 17개 시도 중 14위다. 시도 평균의 0.66배다.,2026 파일의 주택·온실·소상공인 지표는 현재 제공 파일에 출처와 기준시점이 문서화되어 있지 않아 파일 내 상대 비교로만 해석했다.
2026|시도|충남|충남|damagePerHousing,2026,시도,충남,충남,파생지표,damagePerHousing,주택 지표 1건당 우심피해액,,N,"2026년 충남의 주택 지표 1건당 우심피해액 단순 비율은 460,449,153원으로 17개 시도 중 2위다. 시도 평균 단순 비율의 3.19배다.",2026 파일의 인구는 2024년 12월 기준이고 피해액은 2015~2024년 누계이므로 2026년 단년 관측치로 해석하면 안 된다. 2024와 2026 파일의 시도별 인구·피해액 값이 동일하므로 연도 변화로 해석하지 않았다. 2026 파일의 주택·온실·소상공인 지표는 현재 제공 파일에 출처와 기준시점이 문서화되어 있지 않아 파일 내 상대 비교로만 해석했다. 피해액과 주택 지표의 기준기간·정의가 다를 수 있어 공식 손해율이나 보험보장공백률이 아닌 탐색적 비율이다.
2026|시도|충남|충남|greenhouse,2026,시도,충남,충남,원지표,greenhouse,온실 면적,,N,2026년 충남의 온실 면적은 280㎡로 17개 시도 중 12위이며 전체의 3.83%다. 인구 1명당 0.00㎡다. 원본 Z값은 -0.8081다.,2026 파일의 주택·온실·소상공인 지표는 현재 제공 파일에 출처와 기준시점이 문서화되어 있지 않아 파일 내 상대 비교로만 해석했다.
2026|시도|충남|충남|greenhouseZ,2026,시도,충남,충남,원지표,greenhouseZ,온실 면적 Z값,,N,"2026년 충남의 원본 온실 면적 Z값은 -0.8081이지만, 현재 파일의 17개 시도 값으로 재계산하면 -0.7273다. 원본 산식 기준이 불명확하므로 순위 참고 외의 표준편차 해석은 제외한다.",2026 파일의 주택·온실·소상공인 지표는 현재 제공 파일에 출처와 기준시점이 문서화되어 있지 않아 파일 내 상대 비교로만 해석했다. 원본 Z값이 현재 17개 시도 값으로 재계산한 Z값과 일치하지 않아 표준편차 해석은 보류해야 한다.
2026|시도|충남|충남|smallbiz,2026,시도,충남,충남,원지표,smallbiz,소상공인,,N,"2026년 충남의 소상공인 지표는 2,132건으로 17개 시도 중 2위이며 전체의 11.86%다. 인구 1천 명당 1.00건으로 2위다.",2026 파일의 주택·온실·소상공인 지표는 현재 제공 파일에 출처와 기준시점이 문서화되어 있지 않아 파일 내 상대 비교로만 해석했다.
2026|시도|전북|전북|overall,2026,시도,전북,전북,종합,overall,종합 인사이트,,N,"2026년 전북의 인구는 1,738,690명으로 17개 시도 중 10위다. 우심피해액은 2,538.5억 원(7위)이고, 1인당 피해액은 146,002원(6위)이며 피해비중은 인구비중의 1.95배다. 인구 규모보다 피해 부담이 뚜렷하게 높은 편이다. 주택 지표는 11위이고 인구 1천 명당 0.57건으로 시도 평균 0.76건과 비교해 낮다.",2026 파일의 인구는 2024년 12월 기준이고 피해액은 2015~2024년 누계이므로 2026년 단년 관측치로 해석하면 안 된다. 2024와 2026 파일의 시도별 인구·피해액 값이 동일하므로 연도 변화로 해석하지 않았다. 2026 파일의 주택·온실·소상공인 지표는 현재 제공 파일에 출처와 기준시점이 문서화되어 있지 않아 파일 내 상대 비교로만 해석했다.
2026|시도|전북|전북|damage,2026,시도,전북,전북,원지표,damage,우심피해액,우심피해액(원),Y,"2026년 전북의 우심피해액은 2,538.5억 원으로, 17개 시도 중 7위이며 전국 합계의 6.62%다. 1인당 피해액은 146,002원(6위)이고, 피해비중/인구비중은 1.95배다.",2026 파일의 인구는 2024년 12월 기준이고 피해액은 2015~2024년 누계이므로 2026년 단년 관측치로 해석하면 안 된다. 2024와 2026 파일의 시도별 인구·피해액 값이 동일하므로 연도 변화로 해석하지 않았다.
2026|시도|전북|전북|population,2026,시도,전북,전북,원지표,population,인구수,인구수(건),Y,"2026년 전북의 인구는 1,738,690명으로 17개 시도 중 10위이며 전국의 3.39%를 차지한다. 시도 평균 인구의 0.58배다.",2026 파일의 인구는 2024년 12월 기준이고 피해액은 2015~2024년 누계이므로 2026년 단년 관측치로 해석하면 안 된다. 2024와 2026 파일의 시도별 인구·피해액 값이 동일하므로 연도 변화로 해석하지 않았다.
2026|시도|전북|전북|housing,2026,시도,전북,전북,원지표,housing,주택 지표,주택 보험 가입 현황(건),Y,2026년 전북의 주택 지표는 985건으로 17개 시도 중 11위이며 전체의 2.75%다. 인구 1천 명당 0.57건으로 12위다. 원본 Z값은 -0.4822다.,2026 파일의 주택·온실·소상공인 지표는 현재 제공 파일에 출처와 기준시점이 문서화되어 있지 않아 파일 내 상대 비교로만 해석했다.
2026|시도|전북|전북|housingZ,2026,시도,전북,전북,원지표,housingZ,주택 지표 Z값,주택 보험 가입 현황(Z값),Y,"2026년 전북의 원본 주택 지표 Z값은 -0.4822이지만, 현재 파일의 17개 시도 값으로 재계산하면 -0.4463다. 원본 산식 기준이 불명확하므로 순위 참고 외의 표준편차 해석은 제외한다.",2026 파일의 주택·온실·소상공인 지표는 현재 제공 파일에 출처와 기준시점이 문서화되어 있지 않아 파일 내 상대 비교로만 해석했다. 원본 Z값이 현재 17개 시도 값으로 재계산한 Z값과 일치하지 않아 표준편차 해석은 보류해야 한다.
2026|시도|전북|전북|damagePerCapita,2026,시도,전북,전북,파생지표,damagePerCapita,1인당 우심피해액,,N,"2026년 전북의 1인당 우심피해액은 146,002원으로 17개 시도 중 6위다. 전국 전체 인구 기준 평균 1인당 피해액의 1.95배이며, 인구 규모보다 피해 부담이 뚜렷하게 높은 편이다.",2026 파일의 인구는 2024년 12월 기준이고 피해액은 2015~2024년 누계이므로 2026년 단년 관측치로 해석하면 안 된다. 2024와 2026 파일의 시도별 인구·피해액 값이 동일하므로 연도 변화로 해석하지 않았다.
2026|시도|전북|전북|housingPer1000,2026,시도,전북,전북,파생지표,housingPer1000,인구 1천 명당 주택 지표,,N,2026년 전북의 인구 1천 명당 주택 지표는 0.57건으로 17개 시도 중 12위다. 시도 평균의 0.75배다.,2026 파일의 주택·온실·소상공인 지표는 현재 제공 파일에 출처와 기준시점이 문서화되어 있지 않아 파일 내 상대 비교로만 해석했다.
2026|시도|전북|전북|damagePerHousing,2026,시도,전북,전북,파생지표,damagePerHousing,주택 지표 1건당 우심피해액,,N,"2026년 전북의 주택 지표 1건당 우심피해액 단순 비율은 257,718,197원으로 17개 시도 중 4위다. 시도 평균 단순 비율의 1.78배다.",2026 파일의 인구는 2024년 12월 기준이고 피해액은 2015~2024년 누계이므로 2026년 단년 관측치로 해석하면 안 된다. 2024와 2026 파일의 시도별 인구·피해액 값이 동일하므로 연도 변화로 해석하지 않았다. 2026 파일의 주택·온실·소상공인 지표는 현재 제공 파일에 출처와 기준시점이 문서화되어 있지 않아 파일 내 상대 비교로만 해석했다. 피해액과 주택 지표의 기준기간·정의가 다를 수 있어 공식 손해율이나 보험보장공백률이 아닌 탐색적 비율이다.
2026|시도|전북|전북|greenhouse,2026,시도,전북,전북,원지표,greenhouse,온실 면적,,N,2026년 전북의 온실 면적은 270㎡로 17개 시도 중 13위이며 전체의 3.69%다. 인구 1명당 0.00㎡다. 원본 Z값은 -0.8618다.,2026 파일의 주택·온실·소상공인 지표는 현재 제공 파일에 출처와 기준시점이 문서화되어 있지 않아 파일 내 상대 비교로만 해석했다.
2026|시도|전북|전북|greenhouseZ,2026,시도,전북,전북,원지표,greenhouseZ,온실 면적 Z값,,N,"2026년 전북의 원본 온실 면적 Z값은 -0.8618이지만, 현재 파일의 17개 시도 값으로 재계산하면 -0.7756다. 원본 산식 기준이 불명확하므로 순위 참고 외의 표준편차 해석은 제외한다.",2026 파일의 주택·온실·소상공인 지표는 현재 제공 파일에 출처와 기준시점이 문서화되어 있지 않아 파일 내 상대 비교로만 해석했다. 원본 Z값이 현재 17개 시도 값으로 재계산한 Z값과 일치하지 않아 표준편차 해석은 보류해야 한다.
2026|시도|전북|전북|smallbiz,2026,시도,전북,전북,원지표,smallbiz,소상공인,,N,2026년 전북의 소상공인 지표는 215건으로 17개 시도 중 공동 10위이며 전체의 1.20%다. 인구 1천 명당 0.12건으로 12위다.,2026 파일의 주택·온실·소상공인 지표는 현재 제공 파일에 출처와 기준시점이 문서화되어 있지 않아 파일 내 상대 비교로만 해석했다.
2026|시도|전남|전남|overall,2026,시도,전남,전남,종합,overall,종합 인사이트,,N,"2026년 전남의 인구는 1,788,819명으로 17개 시도 중 9위다. 우심피해액은 2,900.0억 원(5위)이고, 1인당 피해액은 162,119원(5위)이며 피해비중은 인구비중의 2.17배다. 인구 규모보다 피해 부담이 뚜렷하게 높은 편이다. 주택 지표는 7위이고 인구 1천 명당 0.70건으로 시도 평균 0.76건과 비교해 낮다.",2026 파일의 인구는 2024년 12월 기준이고 피해액은 2015~2024년 누계이므로 2026년 단년 관측치로 해석하면 안 된다. 2024와 2026 파일의 시도별 인구·피해액 값이 동일하므로 연도 변화로 해석하지 않았다. 2026 파일의 주택·온실·소상공인 지표는 현재 제공 파일에 출처와 기준시점이 문서화되어 있지 않아 파일 내 상대 비교로만 해석했다.
2026|시도|전남|전남|damage,2026,시도,전남,전남,원지표,damage,우심피해액,우심피해액(원),Y,"2026년 전남의 우심피해액은 2,900.0억 원으로, 17개 시도 중 5위이며 전국 합계의 7.57%다. 1인당 피해액은 162,119원(5위)이고, 피해비중/인구비중은 2.17배다.",2026 파일의 인구는 2024년 12월 기준이고 피해액은 2015~2024년 누계이므로 2026년 단년 관측치로 해석하면 안 된다. 2024와 2026 파일의 시도별 인구·피해액 값이 동일하므로 연도 변화로 해석하지 않았다.
2026|시도|전남|전남|population,2026,시도,전남,전남,원지표,population,인구수,인구수(건),Y,"2026년 전남의 인구는 1,788,819명으로 17개 시도 중 9위이며 전국의 3.49%를 차지한다. 시도 평균 인구의 0.59배다.",2026 파일의 인구는 2024년 12월 기준이고 피해액은 2015~2024년 누계이므로 2026년 단년 관측치로 해석하면 안 된다. 2024와 2026 파일의 시도별 인구·피해액 값이 동일하므로 연도 변화로 해석하지 않았다.
2026|시도|전남|전남|housing,2026,시도,전남,전남,원지표,housing,주택 지표,주택 보험 가입 현황(건),Y,"2026년 전남의 주택 지표는 1,245건으로 17개 시도 중 7위이며 전체의 3.47%다. 인구 1천 명당 0.70건으로 9위다. 원본 Z값은 -0.3990다.",2026 파일의 주택·온실·소상공인 지표는 현재 제공 파일에 출처와 기준시점이 문서화되어 있지 않아 파일 내 상대 비교로만 해석했다.
2026|시도|전남|전남|housingZ,2026,시도,전남,전남,원지표,housingZ,주택 지표 Z값,주택 보험 가입 현황(Z값),Y,"2026년 전남의 원본 주택 지표 Z값은 -0.3990이지만, 현재 파일의 17개 시도 값으로 재계산하면 -0.3429다. 원본 산식 기준이 불명확하므로 순위 참고 외의 표준편차 해석은 제외한다.",2026 파일의 주택·온실·소상공인 지표는 현재 제공 파일에 출처와 기준시점이 문서화되어 있지 않아 파일 내 상대 비교로만 해석했다. 원본 Z값이 현재 17개 시도 값으로 재계산한 Z값과 일치하지 않아 표준편차 해석은 보류해야 한다.
2026|시도|전남|전남|damagePerCapita,2026,시도,전남,전남,파생지표,damagePerCapita,1인당 우심피해액,,N,"2026년 전남의 1인당 우심피해액은 162,119원으로 17개 시도 중 5위다. 전국 전체 인구 기준 평균 1인당 피해액의 2.17배이며, 인구 규모보다 피해 부담이 뚜렷하게 높은 편이다.",2026 파일의 인구는 2024년 12월 기준이고 피해액은 2015~2024년 누계이므로 2026년 단년 관측치로 해석하면 안 된다. 2024와 2026 파일의 시도별 인구·피해액 값이 동일하므로 연도 변화로 해석하지 않았다.
2026|시도|전남|전남|housingPer1000,2026,시도,전남,전남,파생지표,housingPer1000,인구 1천 명당 주택 지표,,N,2026년 전남의 인구 1천 명당 주택 지표는 0.70건으로 17개 시도 중 9위다. 시도 평균의 0.92배다.,2026 파일의 주택·온실·소상공인 지표는 현재 제공 파일에 출처와 기준시점이 문서화되어 있지 않아 파일 내 상대 비교로만 해석했다.
2026|시도|전남|전남|damagePerHousing,2026,시도,전남,전남,파생지표,damagePerHousing,주택 지표 1건당 우심피해액,,N,"2026년 전남의 주택 지표 1건당 우심피해액 단순 비율은 232,933,680원으로 17개 시도 중 5위다. 시도 평균 단순 비율의 1.61배다.",2026 파일의 인구는 2024년 12월 기준이고 피해액은 2015~2024년 누계이므로 2026년 단년 관측치로 해석하면 안 된다. 2024와 2026 파일의 시도별 인구·피해액 값이 동일하므로 연도 변화로 해석하지 않았다. 2026 파일의 주택·온실·소상공인 지표는 현재 제공 파일에 출처와 기준시점이 문서화되어 있지 않아 파일 내 상대 비교로만 해석했다. 피해액과 주택 지표의 기준기간·정의가 다를 수 있어 공식 손해율이나 보험보장공백률이 아닌 탐색적 비율이다.
2026|시도|전남|전남|greenhouse,2026,시도,전남,전남,원지표,greenhouse,온실 면적,,N,2026년 전남의 온실 면적은 260㎡로 17개 시도 중 14위이며 전체의 3.55%다. 인구 1명당 0.00㎡다. 원본 Z값은 -0.9154다.,2026 파일의 주택·온실·소상공인 지표는 현재 제공 파일에 출처와 기준시점이 문서화되어 있지 않아 파일 내 상대 비교로만 해석했다.
2026|시도|전남|전남|greenhouseZ,2026,시도,전남,전남,원지표,greenhouseZ,온실 면적 Z값,,N,"2026년 전남의 원본 온실 면적 Z값은 -0.9154이지만, 현재 파일의 17개 시도 값으로 재계산하면 -0.8240다. 원본 산식 기준이 불명확하므로 순위 참고 외의 표준편차 해석은 제외한다.",2026 파일의 주택·온실·소상공인 지표는 현재 제공 파일에 출처와 기준시점이 문서화되어 있지 않아 파일 내 상대 비교로만 해석했다. 원본 Z값이 현재 17개 시도 값으로 재계산한 Z값과 일치하지 않아 표준편차 해석은 보류해야 한다.
2026|시도|전남|전남|smallbiz,2026,시도,전남,전남,원지표,smallbiz,소상공인,,N,2026년 전남의 소상공인 지표는 215건으로 17개 시도 중 공동 10위이며 전체의 1.20%다. 인구 1천 명당 0.12건으로 13위다.,2026 파일의 주택·온실·소상공인 지표는 현재 제공 파일에 출처와 기준시점이 문서화되어 있지 않아 파일 내 상대 비교로만 해석했다.
2026|시도|경북|경북|overall,2026,시도,경북,경북,종합,overall,종합 인사이트,,N,"2026년 경북의 인구는 2,531,384명으로 17개 시도 중 6위다. 우심피해액은 9,090.6억 원(1위)이고, 1인당 피해액은 359,117원(1위)이며 피해비중은 인구비중의 4.80배다. 인구 규모에 비해 피해가 매우 크게 집중된 지역이다. 주택 지표는 4위이고 인구 1천 명당 0.97건으로 시도 평균 0.76건과 비교해 높다.",2026 파일의 인구는 2024년 12월 기준이고 피해액은 2015~2024년 누계이므로 2026년 단년 관측치로 해석하면 안 된다. 2024와 2026 파일의 시도별 인구·피해액 값이 동일하므로 연도 변화로 해석하지 않았다. 2026 파일의 주택·온실·소상공인 지표는 현재 제공 파일에 출처와 기준시점이 문서화되어 있지 않아 파일 내 상대 비교로만 해석했다.
2026|시도|경북|경북|damage,2026,시도,경북,경북,원지표,damage,우심피해액,우심피해액(원),Y,"2026년 경북의 우심피해액은 9,090.6억 원으로, 17개 시도 중 1위이며 전국 합계의 23.72%다. 1인당 피해액은 359,117원(1위)이고, 피해비중/인구비중은 4.80배다.",2026 파일의 인구는 2024년 12월 기준이고 피해액은 2015~2024년 누계이므로 2026년 단년 관측치로 해석하면 안 된다. 2024와 2026 파일의 시도별 인구·피해액 값이 동일하므로 연도 변화로 해석하지 않았다.
2026|시도|경북|경북|population,2026,시도,경북,경북,원지표,population,인구수,인구수(건),Y,"2026년 경북의 인구는 2,531,384명으로 17개 시도 중 6위이며 전국의 4.94%를 차지한다. 시도 평균 인구의 0.84배다.",2026 파일의 인구는 2024년 12월 기준이고 피해액은 2015~2024년 누계이므로 2026년 단년 관측치로 해석하면 안 된다. 2024와 2026 파일의 시도별 인구·피해액 값이 동일하므로 연도 변화로 해석하지 않았다.
2026|시도|경북|경북|housing,2026,시도,경북,경북,원지표,housing,주택 지표,주택 보험 가입 현황(건),Y,"2026년 경북의 주택 지표는 2,456건으로 17개 시도 중 4위이며 전체의 6.85%다. 인구 1천 명당 0.97건으로 4위다. 원본 Z값은 -0.0114다.",2026 파일의 주택·온실·소상공인 지표는 현재 제공 파일에 출처와 기준시점이 문서화되어 있지 않아 파일 내 상대 비교로만 해석했다.
2026|시도|경북|경북|housingZ,2026,시도,경북,경북,원지표,housingZ,주택 지표 Z값,주택 보험 가입 현황(Z값),Y,"2026년 경북의 원본 주택 지표 Z값은 -0.0114이지만, 현재 파일의 17개 시도 값으로 재계산하면 +0.1384다. 원본 산식 기준이 불명확하므로 순위 참고 외의 표준편차 해석은 제외한다.",2026 파일의 주택·온실·소상공인 지표는 현재 제공 파일에 출처와 기준시점이 문서화되어 있지 않아 파일 내 상대 비교로만 해석했다. 원본 Z값이 현재 17개 시도 값으로 재계산한 Z값과 일치하지 않아 표준편차 해석은 보류해야 한다.
2026|시도|경북|경북|damagePerCapita,2026,시도,경북,경북,파생지표,damagePerCapita,1인당 우심피해액,,N,"2026년 경북의 1인당 우심피해액은 359,117원으로 17개 시도 중 1위다. 전국 전체 인구 기준 평균 1인당 피해액의 4.80배이며, 인구 규모에 비해 피해가 매우 크게 집중된 지역이다.",2026 파일의 인구는 2024년 12월 기준이고 피해액은 2015~2024년 누계이므로 2026년 단년 관측치로 해석하면 안 된다. 2024와 2026 파일의 시도별 인구·피해액 값이 동일하므로 연도 변화로 해석하지 않았다.
2026|시도|경북|경북|housingPer1000,2026,시도,경북,경북,파생지표,housingPer1000,인구 1천 명당 주택 지표,,N,2026년 경북의 인구 1천 명당 주택 지표는 0.97건으로 17개 시도 중 4위다. 시도 평균의 1.28배다.,2026 파일의 주택·온실·소상공인 지표는 현재 제공 파일에 출처와 기준시점이 문서화되어 있지 않아 파일 내 상대 비교로만 해석했다.
2026|시도|경북|경북|damagePerHousing,2026,시도,경북,경북,파생지표,damagePerHousing,주택 지표 1건당 우심피해액,,N,"2026년 경북의 주택 지표 1건당 우심피해액 단순 비율은 370,139,918원으로 17개 시도 중 3위다. 시도 평균 단순 비율의 2.56배다.",2026 파일의 인구는 2024년 12월 기준이고 피해액은 2015~2024년 누계이므로 2026년 단년 관측치로 해석하면 안 된다. 2024와 2026 파일의 시도별 인구·피해액 값이 동일하므로 연도 변화로 해석하지 않았다. 2026 파일의 주택·온실·소상공인 지표는 현재 제공 파일에 출처와 기준시점이 문서화되어 있지 않아 파일 내 상대 비교로만 해석했다. 피해액과 주택 지표의 기준기간·정의가 다를 수 있어 공식 손해율이나 보험보장공백률이 아닌 탐색적 비율이다.
2026|시도|경북|경북|greenhouse,2026,시도,경북,경북,원지표,greenhouse,온실 면적,,N,2026년 경북의 온실 면적은 240㎡로 17개 시도 중 15위이며 전체의 3.28%다. 인구 1명당 0.00㎡다. 원본 Z값은 -1.0228다.,2026 파일의 주택·온실·소상공인 지표는 현재 제공 파일에 출처와 기준시점이 문서화되어 있지 않아 파일 내 상대 비교로만 해석했다.
2026|시도|경북|경북|greenhouseZ,2026,시도,경북,경북,원지표,greenhouseZ,온실 면적 Z값,,N,"2026년 경북의 원본 온실 면적 Z값은 -1.0228이지만, 현재 파일의 17개 시도 값으로 재계산하면 -0.9206다. 원본 산식 기준이 불명확하므로 순위 참고 외의 표준편차 해석은 제외한다.",2026 파일의 주택·온실·소상공인 지표는 현재 제공 파일에 출처와 기준시점이 문서화되어 있지 않아 파일 내 상대 비교로만 해석했다. 원본 Z값이 현재 17개 시도 값으로 재계산한 Z값과 일치하지 않아 표준편차 해석은 보류해야 한다.
2026|시도|경북|경북|smallbiz,2026,시도,경북,경북,원지표,smallbiz,소상공인,,N,2026년 경북의 소상공인 지표는 215건으로 17개 시도 중 공동 10위이며 전체의 1.20%다. 인구 1천 명당 0.08건으로 15위다.,2026 파일의 주택·온실·소상공인 지표는 현재 제공 파일에 출처와 기준시점이 문서화되어 있지 않아 파일 내 상대 비교로만 해석했다.
2026|시도|경남|경남|overall,2026,시도,경남,경남,종합,overall,종합 인사이트,,N,"2026년 경남의 인구는 3,228,380명으로 17개 시도 중 4위다. 우심피해액은 2,499.6억 원(8위)이고, 1인당 피해액은 77,427원(7위)이며 피해비중은 인구비중의 1.03배다. 인구 비중과 피해 비중이 대체로 비슷한 수준이다. 주택 지표는 3위이고 인구 1천 명당 1.09건으로 시도 평균 0.76건과 비교해 높다.",2026 파일의 인구는 2024년 12월 기준이고 피해액은 2015~2024년 누계이므로 2026년 단년 관측치로 해석하면 안 된다. 2024와 2026 파일의 시도별 인구·피해액 값이 동일하므로 연도 변화로 해석하지 않았다. 2026 파일의 주택·온실·소상공인 지표는 현재 제공 파일에 출처와 기준시점이 문서화되어 있지 않아 파일 내 상대 비교로만 해석했다.
2026|시도|경남|경남|damage,2026,시도,경남,경남,원지표,damage,우심피해액,우심피해액(원),Y,"2026년 경남의 우심피해액은 2,499.6억 원으로, 17개 시도 중 8위이며 전국 합계의 6.52%다. 1인당 피해액은 77,427원(7위)이고, 피해비중/인구비중은 1.03배다.",2026 파일의 인구는 2024년 12월 기준이고 피해액은 2015~2024년 누계이므로 2026년 단년 관측치로 해석하면 안 된다. 2024와 2026 파일의 시도별 인구·피해액 값이 동일하므로 연도 변화로 해석하지 않았다.
2026|시도|경남|경남|population,2026,시도,경남,경남,원지표,population,인구수,인구수(건),Y,"2026년 경남의 인구는 3,228,380명으로 17개 시도 중 4위이며 전국의 6.30%를 차지한다. 시도 평균 인구의 1.07배다.",2026 파일의 인구는 2024년 12월 기준이고 피해액은 2015~2024년 누계이므로 2026년 단년 관측치로 해석하면 안 된다. 2024와 2026 파일의 시도별 인구·피해액 값이 동일하므로 연도 변화로 해석하지 않았다.
2026|시도|경남|경남|housing,2026,시도,경남,경남,원지표,housing,주택 지표,주택 보험 가입 현황(건),Y,"2026년 경남의 주택 지표는 3,512건으로 17개 시도 중 3위이며 전체의 9.80%다. 인구 1천 명당 1.09건으로 2위다. 원본 Z값은 +0.3266다.",2026 파일의 주택·온실·소상공인 지표는 현재 제공 파일에 출처와 기준시점이 문서화되어 있지 않아 파일 내 상대 비교로만 해석했다.
2026|시도|경남|경남|housingZ,2026,시도,경남,경남,원지표,housingZ,주택 지표 Z값,주택 보험 가입 현황(Z값),Y,"2026년 경남의 원본 주택 지표 Z값은 +0.3266이지만, 현재 파일의 17개 시도 값으로 재계산하면 +0.5581다. 원본 산식 기준이 불명확하므로 순위 참고 외의 표준편차 해석은 제외한다.",2026 파일의 주택·온실·소상공인 지표는 현재 제공 파일에 출처와 기준시점이 문서화되어 있지 않아 파일 내 상대 비교로만 해석했다. 원본 Z값이 현재 17개 시도 값으로 재계산한 Z값과 일치하지 않아 표준편차 해석은 보류해야 한다.
2026|시도|경남|경남|damagePerCapita,2026,시도,경남,경남,파생지표,damagePerCapita,1인당 우심피해액,,N,"2026년 경남의 1인당 우심피해액은 77,427원으로 17개 시도 중 7위다. 전국 전체 인구 기준 평균 1인당 피해액의 1.03배이며, 인구 비중과 피해 비중이 대체로 비슷한 수준이다.",2026 파일의 인구는 2024년 12월 기준이고 피해액은 2015~2024년 누계이므로 2026년 단년 관측치로 해석하면 안 된다. 2024와 2026 파일의 시도별 인구·피해액 값이 동일하므로 연도 변화로 해석하지 않았다.
2026|시도|경남|경남|housingPer1000,2026,시도,경남,경남,파생지표,housingPer1000,인구 1천 명당 주택 지표,,N,2026년 경남의 인구 1천 명당 주택 지표는 1.09건으로 17개 시도 중 2위다. 시도 평균의 1.44배다.,2026 파일의 주택·온실·소상공인 지표는 현재 제공 파일에 출처와 기준시점이 문서화되어 있지 않아 파일 내 상대 비교로만 해석했다.
2026|시도|경남|경남|damagePerHousing,2026,시도,경남,경남,파생지표,damagePerHousing,주택 지표 1건당 우심피해액,,N,"2026년 경남의 주택 지표 1건당 우심피해액 단순 비율은 71,174,157원으로 17개 시도 중 9위다. 시도 평균 단순 비율의 0.49배다.",2026 파일의 인구는 2024년 12월 기준이고 피해액은 2015~2024년 누계이므로 2026년 단년 관측치로 해석하면 안 된다. 2024와 2026 파일의 시도별 인구·피해액 값이 동일하므로 연도 변화로 해석하지 않았다. 2026 파일의 주택·온실·소상공인 지표는 현재 제공 파일에 출처와 기준시점이 문서화되어 있지 않아 파일 내 상대 비교로만 해석했다. 피해액과 주택 지표의 기준기간·정의가 다를 수 있어 공식 손해율이나 보험보장공백률이 아닌 탐색적 비율이다.
2026|시도|경남|경남|greenhouse,2026,시도,경남,경남,원지표,greenhouse,온실 면적,,N,2026년 경남의 온실 면적은 220㎡로 17개 시도 중 16위이며 전체의 3.01%다. 인구 1명당 0.00㎡다. 원본 Z값은 -1.1301다.,2026 파일의 주택·온실·소상공인 지표는 현재 제공 파일에 출처와 기준시점이 문서화되어 있지 않아 파일 내 상대 비교로만 해석했다.
2026|시도|경남|경남|greenhouseZ,2026,시도,경남,경남,원지표,greenhouseZ,온실 면적 Z값,,N,"2026년 경남의 원본 온실 면적 Z값은 -1.1301이지만, 현재 파일의 17개 시도 값으로 재계산하면 -1.0172다. 원본 산식 기준이 불명확하므로 순위 참고 외의 표준편차 해석은 제외한다.",2026 파일의 주택·온실·소상공인 지표는 현재 제공 파일에 출처와 기준시점이 문서화되어 있지 않아 파일 내 상대 비교로만 해석했다. 원본 Z값이 현재 17개 시도 값으로 재계산한 Z값과 일치하지 않아 표준편차 해석은 보류해야 한다.
2026|시도|경남|경남|smallbiz,2026,시도,경남,경남,원지표,smallbiz,소상공인,,N,2026년 경남의 소상공인 지표는 213건으로 17개 시도 중 공동 15위이며 전체의 1.18%다. 인구 1천 명당 0.07건으로 16위다.,2026 파일의 주택·온실·소상공인 지표는 현재 제공 파일에 출처와 기준시점이 문서화되어 있지 않아 파일 내 상대 비교로만 해석했다.
2026|시도|제주|제주|overall,2026,시도,제주,제주,종합,overall,종합 인사이트,,N,"2026년 제주의 인구는 670,368명으로 17개 시도 중 16위다. 우심피해액은 320.2억 원(13위)이고, 1인당 피해액은 47,772원(10위)이며 피해비중은 인구비중의 0.64배다. 인구 규모 대비 피해 부담은 낮은 편이다. 주택 지표는 17위(최하위)이고 인구 1천 명당 0.96건으로 시도 평균 0.76건과 비교해 높다.",2026 파일의 인구는 2024년 12월 기준이고 피해액은 2015~2024년 누계이므로 2026년 단년 관측치로 해석하면 안 된다. 2024와 2026 파일의 시도별 인구·피해액 값이 동일하므로 연도 변화로 해석하지 않았다. 2026 파일의 주택·온실·소상공인 지표는 현재 제공 파일에 출처와 기준시점이 문서화되어 있지 않아 파일 내 상대 비교로만 해석했다.
2026|시도|제주|제주|damage,2026,시도,제주,제주,원지표,damage,우심피해액,우심피해액(원),Y,"2026년 제주의 우심피해액은 320.2억 원으로, 17개 시도 중 13위이며 전국 합계의 0.84%다. 1인당 피해액은 47,772원(10위)이고, 피해비중/인구비중은 0.64배다.",2026 파일의 인구는 2024년 12월 기준이고 피해액은 2015~2024년 누계이므로 2026년 단년 관측치로 해석하면 안 된다. 2024와 2026 파일의 시도별 인구·피해액 값이 동일하므로 연도 변화로 해석하지 않았다.
2026|시도|제주|제주|population,2026,시도,제주,제주,원지표,population,인구수,인구수(건),Y,"2026년 제주의 인구는 670,368명으로 17개 시도 중 16위이며 전국의 1.31%를 차지한다. 시도 평균 인구의 0.22배다.",2026 파일의 인구는 2024년 12월 기준이고 피해액은 2015~2024년 누계이므로 2026년 단년 관측치로 해석하면 안 된다. 2024와 2026 파일의 시도별 인구·피해액 값이 동일하므로 연도 변화로 해석하지 않았다.
2026|시도|제주|제주|housing,2026,시도,제주,제주,원지표,housing,주택 지표,주택 보험 가입 현황(건),Y,2026년 제주의 주택 지표는 642건으로 17개 시도 중 17위(최하위)이며 전체의 1.79%다. 인구 1천 명당 0.96건으로 5위다. 원본 Z값은 -0.5920다.,2026 파일의 주택·온실·소상공인 지표는 현재 제공 파일에 출처와 기준시점이 문서화되어 있지 않아 파일 내 상대 비교로만 해석했다.
2026|시도|제주|제주|housingZ,2026,시도,제주,제주,원지표,housingZ,주택 지표 Z값,주택 보험 가입 현황(Z값),Y,"2026년 제주의 원본 주택 지표 Z값은 -0.5920이지만, 현재 파일의 17개 시도 값으로 재계산하면 -0.5826다. 원본 산식 기준이 불명확하므로 순위 참고 외의 표준편차 해석은 제외한다.",2026 파일의 주택·온실·소상공인 지표는 현재 제공 파일에 출처와 기준시점이 문서화되어 있지 않아 파일 내 상대 비교로만 해석했다. 원본 Z값이 현재 17개 시도 값으로 재계산한 Z값과 일치하지 않아 표준편차 해석은 보류해야 한다.
2026|시도|제주|제주|damagePerCapita,2026,시도,제주,제주,파생지표,damagePerCapita,1인당 우심피해액,,N,"2026년 제주의 1인당 우심피해액은 47,772원으로 17개 시도 중 10위다. 전국 전체 인구 기준 평균 1인당 피해액의 0.64배이며, 인구 규모 대비 피해 부담은 낮은 편이다.",2026 파일의 인구는 2024년 12월 기준이고 피해액은 2015~2024년 누계이므로 2026년 단년 관측치로 해석하면 안 된다. 2024와 2026 파일의 시도별 인구·피해액 값이 동일하므로 연도 변화로 해석하지 않았다.
2026|시도|제주|제주|housingPer1000,2026,시도,제주,제주,파생지표,housingPer1000,인구 1천 명당 주택 지표,,N,2026년 제주의 인구 1천 명당 주택 지표는 0.96건으로 17개 시도 중 5위다. 시도 평균의 1.27배다.,2026 파일의 주택·온실·소상공인 지표는 현재 제공 파일에 출처와 기준시점이 문서화되어 있지 않아 파일 내 상대 비교로만 해석했다.
2026|시도|제주|제주|damagePerHousing,2026,시도,제주,제주,파생지표,damagePerHousing,주택 지표 1건당 우심피해액,,N,"2026년 제주의 주택 지표 1건당 우심피해액 단순 비율은 49,882,706원으로 17개 시도 중 11위다. 시도 평균 단순 비율의 0.35배다.",2026 파일의 인구는 2024년 12월 기준이고 피해액은 2015~2024년 누계이므로 2026년 단년 관측치로 해석하면 안 된다. 2024와 2026 파일의 시도별 인구·피해액 값이 동일하므로 연도 변화로 해석하지 않았다. 2026 파일의 주택·온실·소상공인 지표는 현재 제공 파일에 출처와 기준시점이 문서화되어 있지 않아 파일 내 상대 비교로만 해석했다. 피해액과 주택 지표의 기준기간·정의가 다를 수 있어 공식 손해율이나 보험보장공백률이 아닌 탐색적 비율이다.
2026|시도|제주|제주|greenhouse,2026,시도,제주,제주,원지표,greenhouse,온실 면적,,N,2026년 제주의 온실 면적은 210㎡로 17개 시도 중 17위(최하위)이며 전체의 2.87%다. 인구 1명당 0.00㎡다. 원본 Z값은 -1.1838다.,2026 파일의 주택·온실·소상공인 지표는 현재 제공 파일에 출처와 기준시점이 문서화되어 있지 않아 파일 내 상대 비교로만 해석했다.
2026|시도|제주|제주|greenhouseZ,2026,시도,제주,제주,원지표,greenhouseZ,온실 면적 Z값,,N,"2026년 제주의 원본 온실 면적 Z값은 -1.1838이지만, 현재 파일의 17개 시도 값으로 재계산하면 -1.0655다. 원본 산식 기준이 불명확하므로 순위 참고 외의 표준편차 해석은 제외한다.",2026 파일의 주택·온실·소상공인 지표는 현재 제공 파일에 출처와 기준시점이 문서화되어 있지 않아 파일 내 상대 비교로만 해석했다. 원본 Z값이 현재 17개 시도 값으로 재계산한 Z값과 일치하지 않아 표준편차 해석은 보류해야 한다.
2026|시도|제주|제주|smallbiz,2026,시도,제주,제주,원지표,smallbiz,소상공인,,N,2026년 제주의 소상공인 지표는 215건으로 17개 시도 중 공동 10위이며 전체의 1.20%다. 인구 1천 명당 0.32건으로 8위다.,2026 파일의 주택·온실·소상공인 지표는 현재 제공 파일에 출처와 기준시점이 문서화되어 있지 않아 파일 내 상대 비교로만 해석했다.
2026|시군구|서울|강남구|overall,2026,시군구,서울,강남구,종합,overall,종합 인사이트,,N,"2026년 서울 강남구의 인구는 557,345명으로 서울 25개 시군구 중 2위다. 우심피해액은 57.0억 원(5위)이고, 1인당 피해액은 10,234원(6위)이며 피해비중은 인구비중의 1.52배다. 인구 규모보다 피해 부담이 뚜렷하게 높은 편이다.",2026 파일의 인구는 2024년 12월 기준이고 피해액은 2015~2024년 누계이므로 2026년 단년 관측치로 해석하면 안 된다. 2024와 2026 파일의 시도별 인구·피해액 값이 동일하므로 연도 변화로 해석하지 않았다. 시군구 파일에는 주택·Z값·온실·소상공인 데이터가 없어 해당 지표 인사이트를 생성하지 않았다.
2026|시군구|서울|강남구|damage,2026,시군구,서울,강남구,원지표,damage,우심피해액,우심피해액(원),Y,"2026년 서울 강남구의 우심피해액은 57.0억 원으로, 서울 25개 시군구 중 5위이며 서울 전체의 9.06%다. 1인당 피해액은 10,234원이고 피해비중/인구비중은 1.52배다.",2026 파일의 인구는 2024년 12월 기준이고 피해액은 2015~2024년 누계이므로 2026년 단년 관측치로 해석하면 안 된다. 2024와 2026 파일의 시도별 인구·피해액 값이 동일하므로 연도 변화로 해석하지 않았다. 시군구 파일에는 주택·Z값·온실·소상공인 데이터가 없어 해당 지표 인사이트를 생성하지 않았다.
2026|시군구|서울|강남구|population,2026,시군구,서울,강남구,원지표,population,인구수,인구수(건),Y,"2026년 서울 강남구의 인구는 557,345명으로 서울 25개 시군구 중 2위이며 서울 전체의 5.97%를 차지한다. 서울 25개 시군구 평균의 1.49배다.",2026 파일의 인구는 2024년 12월 기준이고 피해액은 2015~2024년 누계이므로 2026년 단년 관측치로 해석하면 안 된다. 2024와 2026 파일의 시도별 인구·피해액 값이 동일하므로 연도 변화로 해석하지 않았다. 시군구 파일에는 주택·Z값·온실·소상공인 데이터가 없어 해당 지표 인사이트를 생성하지 않았다.
2026|시군구|서울|강남구|damagePerCapita,2026,시군구,서울,강남구,파생지표,damagePerCapita,1인당 우심피해액,,N,"2026년 서울 강남구의 1인당 우심피해액은 10,234원으로 서울 25개 시군구 중 6위다. 서울 전체 인구 기준 평균 1인당 피해액의 1.52배이며, 인구 규모보다 피해 부담이 뚜렷하게 높은 편이다.",2026 파일의 인구는 2024년 12월 기준이고 피해액은 2015~2024년 누계이므로 2026년 단년 관측치로 해석하면 안 된다. 2024와 2026 파일의 시도별 인구·피해액 값이 동일하므로 연도 변화로 해석하지 않았다. 시군구 파일에는 주택·Z값·온실·소상공인 데이터가 없어 해당 지표 인사이트를 생성하지 않았다.
2026|시군구|서울|강동구|overall,2026,시군구,서울,강동구,종합,overall,종합 인사이트,,N,"2026년 서울 강동구의 인구는 476,942명으로 서울 25개 시군구 중 6위이며 서울 인구의 5.11%다. 원자료상 우심피해액은 0원으로 기록되어 있으며, 다른 시군구 대비 피해부담 순위는 최하위권이다.",2026 파일의 인구는 2024년 12월 기준이고 피해액은 2015~2024년 누계이므로 2026년 단년 관측치로 해석하면 안 된다. 2024와 2026 파일의 시도별 인구·피해액 값이 동일하므로 연도 변화로 해석하지 않았다. 시군구 파일에는 주택·Z값·온실·소상공인 데이터가 없어 해당 지표 인사이트를 생성하지 않았다.
2026|시군구|서울|강동구|damage,2026,시군구,서울,강동구,원지표,damage,우심피해액,우심피해액(원),Y,2026년 서울 강동구의 원자료상 우심피해액은 0원으로 서울 25개 시군구 내 공동 최하위다. 0원은 집계기간에 피해액이 기록되지 않았다는 의미이며 향후 재난위험이 없다는 뜻은 아니다.,2026 파일의 인구는 2024년 12월 기준이고 피해액은 2015~2024년 누계이므로 2026년 단년 관측치로 해석하면 안 된다. 2024와 2026 파일의 시도별 인구·피해액 값이 동일하므로 연도 변화로 해석하지 않았다. 시군구 파일에는 주택·Z값·온실·소상공인 데이터가 없어 해당 지표 인사이트를 생성하지 않았다.
2026|시군구|서울|강동구|population,2026,시군구,서울,강동구,원지표,population,인구수,인구수(건),Y,"2026년 서울 강동구의 인구는 476,942명으로 서울 25개 시군구 중 6위이며 서울 전체의 5.11%를 차지한다. 서울 25개 시군구 평균의 1.28배다.",2026 파일의 인구는 2024년 12월 기준이고 피해액은 2015~2024년 누계이므로 2026년 단년 관측치로 해석하면 안 된다. 2024와 2026 파일의 시도별 인구·피해액 값이 동일하므로 연도 변화로 해석하지 않았다. 시군구 파일에는 주택·Z값·온실·소상공인 데이터가 없어 해당 지표 인사이트를 생성하지 않았다.
2026|시군구|서울|강동구|damagePerCapita,2026,시군구,서울,강동구,파생지표,damagePerCapita,1인당 우심피해액,,N,"2026년 서울 강동구의 1인당 우심피해액은 0원으로 서울 25개 시군구 중 공동 최하위다. 서울 전체 인구 기준 평균 1인당 피해액의 0.00배이며, 원자료상 피해액은 0원으로 기록되어 있다.",2026 파일의 인구는 2024년 12월 기준이고 피해액은 2015~2024년 누계이므로 2026년 단년 관측치로 해석하면 안 된다. 2024와 2026 파일의 시도별 인구·피해액 값이 동일하므로 연도 변화로 해석하지 않았다. 시군구 파일에는 주택·Z값·온실·소상공인 데이터가 없어 해당 지표 인사이트를 생성하지 않았다.
2026|시군구|서울|강북구|overall,2026,시군구,서울,강북구,종합,overall,종합 인사이트,,N,"2026년 서울 강북구의 인구는 283,597명으로 서울 25개 시군구 중 20위이며 서울 인구의 3.04%다. 원자료상 우심피해액은 0원으로 기록되어 있으며, 다른 시군구 대비 피해부담 순위는 최하위권이다.",2026 파일의 인구는 2024년 12월 기준이고 피해액은 2015~2024년 누계이므로 2026년 단년 관측치로 해석하면 안 된다. 2024와 2026 파일의 시도별 인구·피해액 값이 동일하므로 연도 변화로 해석하지 않았다. 시군구 파일에는 주택·Z값·온실·소상공인 데이터가 없어 해당 지표 인사이트를 생성하지 않았다.
2026|시군구|서울|강북구|damage,2026,시군구,서울,강북구,원지표,damage,우심피해액,우심피해액(원),Y,2026년 서울 강북구의 원자료상 우심피해액은 0원으로 서울 25개 시군구 내 공동 최하위다. 0원은 집계기간에 피해액이 기록되지 않았다는 의미이며 향후 재난위험이 없다는 뜻은 아니다.,2026 파일의 인구는 2024년 12월 기준이고 피해액은 2015~2024년 누계이므로 2026년 단년 관측치로 해석하면 안 된다. 2024와 2026 파일의 시도별 인구·피해액 값이 동일하므로 연도 변화로 해석하지 않았다. 시군구 파일에는 주택·Z값·온실·소상공인 데이터가 없어 해당 지표 인사이트를 생성하지 않았다.
2026|시군구|서울|강북구|population,2026,시군구,서울,강북구,원지표,population,인구수,인구수(건),Y,"2026년 서울 강북구의 인구는 283,597명으로 서울 25개 시군구 중 20위이며 서울 전체의 3.04%를 차지한다. 서울 25개 시군구 평균의 0.76배다.",2026 파일의 인구는 2024년 12월 기준이고 피해액은 2015~2024년 누계이므로 2026년 단년 관측치로 해석하면 안 된다. 2024와 2026 파일의 시도별 인구·피해액 값이 동일하므로 연도 변화로 해석하지 않았다. 시군구 파일에는 주택·Z값·온실·소상공인 데이터가 없어 해당 지표 인사이트를 생성하지 않았다.
2026|시군구|서울|강북구|damagePerCapita,2026,시군구,서울,강북구,파생지표,damagePerCapita,1인당 우심피해액,,N,"2026년 서울 강북구의 1인당 우심피해액은 0원으로 서울 25개 시군구 중 공동 최하위다. 서울 전체 인구 기준 평균 1인당 피해액의 0.00배이며, 원자료상 피해액은 0원으로 기록되어 있다.",2026 파일의 인구는 2024년 12월 기준이고 피해액은 2015~2024년 누계이므로 2026년 단년 관측치로 해석하면 안 된다. 2024와 2026 파일의 시도별 인구·피해액 값이 동일하므로 연도 변화로 해석하지 않았다. 시군구 파일에는 주택·Z값·온실·소상공인 데이터가 없어 해당 지표 인사이트를 생성하지 않았다.
2026|시군구|서울|강서구|overall,2026,시군구,서울,강서구,종합,overall,종합 인사이트,,N,"2026년 서울 강서구의 인구는 556,171명으로 서울 25개 시군구 중 3위이며 서울 인구의 5.96%다. 원자료상 우심피해액은 0원으로 기록되어 있으며, 다른 시군구 대비 피해부담 순위는 최하위권이다.",2026 파일의 인구는 2024년 12월 기준이고 피해액은 2015~2024년 누계이므로 2026년 단년 관측치로 해석하면 안 된다. 2024와 2026 파일의 시도별 인구·피해액 값이 동일하므로 연도 변화로 해석하지 않았다. 시군구 파일에는 주택·Z값·온실·소상공인 데이터가 없어 해당 지표 인사이트를 생성하지 않았다.
2026|시군구|서울|강서구|damage,2026,시군구,서울,강서구,원지표,damage,우심피해액,우심피해액(원),Y,2026년 서울 강서구의 원자료상 우심피해액은 0원으로 서울 25개 시군구 내 공동 최하위다. 0원은 집계기간에 피해액이 기록되지 않았다는 의미이며 향후 재난위험이 없다는 뜻은 아니다.,2026 파일의 인구는 2024년 12월 기준이고 피해액은 2015~2024년 누계이므로 2026년 단년 관측치로 해석하면 안 된다. 2024와 2026 파일의 시도별 인구·피해액 값이 동일하므로 연도 변화로 해석하지 않았다. 시군구 파일에는 주택·Z값·온실·소상공인 데이터가 없어 해당 지표 인사이트를 생성하지 않았다.
2026|시군구|서울|강서구|population,2026,시군구,서울,강서구,원지표,population,인구수,인구수(건),Y,"2026년 서울 강서구의 인구는 556,171명으로 서울 25개 시군구 중 3위이며 서울 전체의 5.96%를 차지한다. 서울 25개 시군구 평균의 1.49배다.",2026 파일의 인구는 2024년 12월 기준이고 피해액은 2015~2024년 누계이므로 2026년 단년 관측치로 해석하면 안 된다. 2024와 2026 파일의 시도별 인구·피해액 값이 동일하므로 연도 변화로 해석하지 않았다. 시군구 파일에는 주택·Z값·온실·소상공인 데이터가 없어 해당 지표 인사이트를 생성하지 않았다.
2026|시군구|서울|강서구|damagePerCapita,2026,시군구,서울,강서구,파생지표,damagePerCapita,1인당 우심피해액,,N,"2026년 서울 강서구의 1인당 우심피해액은 0원으로 서울 25개 시군구 중 공동 최하위다. 서울 전체 인구 기준 평균 1인당 피해액의 0.00배이며, 원자료상 피해액은 0원으로 기록되어 있다.",2026 파일의 인구는 2024년 12월 기준이고 피해액은 2015~2024년 누계이므로 2026년 단년 관측치로 해석하면 안 된다. 2024와 2026 파일의 시도별 인구·피해액 값이 동일하므로 연도 변화로 해석하지 않았다. 시군구 파일에는 주택·Z값·온실·소상공인 데이터가 없어 해당 지표 인사이트를 생성하지 않았다.
2026|시군구|서울|관악구|overall,2026,시군구,서울,관악구,종합,overall,종합 인사이트,,N,"2026년 서울 관악구의 인구는 477,812명으로 서울 25개 시군구 중 5위다. 우심피해액은 119.0억 원(3위)이고, 1인당 피해액은 24,911원(4위)이며 피해비중은 인구비중의 3.69배다. 인구 규모에 비해 피해가 매우 크게 집중된 지역이다.",2026 파일의 인구는 2024년 12월 기준이고 피해액은 2015~2024년 누계이므로 2026년 단년 관측치로 해석하면 안 된다. 2024와 2026 파일의 시도별 인구·피해액 값이 동일하므로 연도 변화로 해석하지 않았다. 시군구 파일에는 주택·Z값·온실·소상공인 데이터가 없어 해당 지표 인사이트를 생성하지 않았다.
2026|시군구|서울|관악구|damage,2026,시군구,서울,관악구,원지표,damage,우심피해액,우심피해액(원),Y,"2026년 서울 관악구의 우심피해액은 119.0억 원으로, 서울 25개 시군구 중 3위이며 서울 전체의 18.91%다. 1인당 피해액은 24,911원이고 피해비중/인구비중은 3.69배다.",2026 파일의 인구는 2024년 12월 기준이고 피해액은 2015~2024년 누계이므로 2026년 단년 관측치로 해석하면 안 된다. 2024와 2026 파일의 시도별 인구·피해액 값이 동일하므로 연도 변화로 해석하지 않았다. 시군구 파일에는 주택·Z값·온실·소상공인 데이터가 없어 해당 지표 인사이트를 생성하지 않았다.
2026|시군구|서울|관악구|population,2026,시군구,서울,관악구,원지표,population,인구수,인구수(건),Y,"2026년 서울 관악구의 인구는 477,812명으로 서울 25개 시군구 중 5위이며 서울 전체의 5.12%를 차지한다. 서울 25개 시군구 평균의 1.28배다.",2026 파일의 인구는 2024년 12월 기준이고 피해액은 2015~2024년 누계이므로 2026년 단년 관측치로 해석하면 안 된다. 2024와 2026 파일의 시도별 인구·피해액 값이 동일하므로 연도 변화로 해석하지 않았다. 시군구 파일에는 주택·Z값·온실·소상공인 데이터가 없어 해당 지표 인사이트를 생성하지 않았다.
2026|시군구|서울|관악구|damagePerCapita,2026,시군구,서울,관악구,파생지표,damagePerCapita,1인당 우심피해액,,N,"2026년 서울 관악구의 1인당 우심피해액은 24,911원으로 서울 25개 시군구 중 4위다. 서울 전체 인구 기준 평균 1인당 피해액의 3.69배이며, 인구 규모에 비해 피해가 매우 크게 집중된 지역이다.",2026 파일의 인구는 2024년 12월 기준이고 피해액은 2015~2024년 누계이므로 2026년 단년 관측치로 해석하면 안 된다. 2024와 2026 파일의 시도별 인구·피해액 값이 동일하므로 연도 변화로 해석하지 않았다. 시군구 파일에는 주택·Z값·온실·소상공인 데이터가 없어 해당 지표 인사이트를 생성하지 않았다.
2026|시군구|서울|광진구|overall,2026,시군구,서울,광진구,종합,overall,종합 인사이트,,N,"2026년 서울 광진구의 인구는 331,963명으로 서울 25개 시군구 중 17위이며 서울 인구의 3.56%다. 원자료상 우심피해액은 0원으로 기록되어 있으며, 다른 시군구 대비 피해부담 순위는 최하위권이다.",2026 파일의 인구는 2024년 12월 기준이고 피해액은 2015~2024년 누계이므로 2026년 단년 관측치로 해석하면 안 된다. 2024와 2026 파일의 시도별 인구·피해액 값이 동일하므로 연도 변화로 해석하지 않았다. 시군구 파일에는 주택·Z값·온실·소상공인 데이터가 없어 해당 지표 인사이트를 생성하지 않았다.
2026|시군구|서울|광진구|damage,2026,시군구,서울,광진구,원지표,damage,우심피해액,우심피해액(원),Y,2026년 서울 광진구의 원자료상 우심피해액은 0원으로 서울 25개 시군구 내 공동 최하위다. 0원은 집계기간에 피해액이 기록되지 않았다는 의미이며 향후 재난위험이 없다는 뜻은 아니다.,2026 파일의 인구는 2024년 12월 기준이고 피해액은 2015~2024년 누계이므로 2026년 단년 관측치로 해석하면 안 된다. 2024와 2026 파일의 시도별 인구·피해액 값이 동일하므로 연도 변화로 해석하지 않았다. 시군구 파일에는 주택·Z값·온실·소상공인 데이터가 없어 해당 지표 인사이트를 생성하지 않았다.
2026|시군구|서울|광진구|population,2026,시군구,서울,광진구,원지표,population,인구수,인구수(건),Y,"2026년 서울 광진구의 인구는 331,963명으로 서울 25개 시군구 중 17위이며 서울 전체의 3.56%를 차지한다. 서울 25개 시군구 평균의 0.89배다.",2026 파일의 인구는 2024년 12월 기준이고 피해액은 2015~2024년 누계이므로 2026년 단년 관측치로 해석하면 안 된다. 2024와 2026 파일의 시도별 인구·피해액 값이 동일하므로 연도 변화로 해석하지 않았다. 시군구 파일에는 주택·Z값·온실·소상공인 데이터가 없어 해당 지표 인사이트를 생성하지 않았다.
2026|시군구|서울|광진구|damagePerCapita,2026,시군구,서울,광진구,파생지표,damagePerCapita,1인당 우심피해액,,N,"2026년 서울 광진구의 1인당 우심피해액은 0원으로 서울 25개 시군구 중 공동 최하위다. 서울 전체 인구 기준 평균 1인당 피해액의 0.00배이며, 원자료상 피해액은 0원으로 기록되어 있다.",2026 파일의 인구는 2024년 12월 기준이고 피해액은 2015~2024년 누계이므로 2026년 단년 관측치로 해석하면 안 된다. 2024와 2026 파일의 시도별 인구·피해액 값이 동일하므로 연도 변화로 해석하지 않았다. 시군구 파일에는 주택·Z값·온실·소상공인 데이터가 없어 해당 지표 인사이트를 생성하지 않았다.
2026|시군구|서울|구로구|overall,2026,시군구,서울,구로구,종합,overall,종합 인사이트,,N,"2026년 서울 구로구의 인구는 388,169명으로 서울 25개 시군구 중 11위다. 우심피해액은 54.6억 원(6위)이고, 1인당 피해액은 14,076원(5위)이며 피해비중은 인구비중의 2.09배다. 인구 규모보다 피해 부담이 뚜렷하게 높은 편이다.",2026 파일의 인구는 2024년 12월 기준이고 피해액은 2015~2024년 누계이므로 2026년 단년 관측치로 해석하면 안 된다. 2024와 2026 파일의 시도별 인구·피해액 값이 동일하므로 연도 변화로 해석하지 않았다. 시군구 파일에는 주택·Z값·온실·소상공인 데이터가 없어 해당 지표 인사이트를 생성하지 않았다.
2026|시군구|서울|구로구|damage,2026,시군구,서울,구로구,원지표,damage,우심피해액,우심피해액(원),Y,"2026년 서울 구로구의 우심피해액은 54.6억 원으로, 서울 25개 시군구 중 6위이며 서울 전체의 8.68%다. 1인당 피해액은 14,076원이고 피해비중/인구비중은 2.09배다.",2026 파일의 인구는 2024년 12월 기준이고 피해액은 2015~2024년 누계이므로 2026년 단년 관측치로 해석하면 안 된다. 2024와 2026 파일의 시도별 인구·피해액 값이 동일하므로 연도 변화로 해석하지 않았다. 시군구 파일에는 주택·Z값·온실·소상공인 데이터가 없어 해당 지표 인사이트를 생성하지 않았다.
2026|시군구|서울|구로구|population,2026,시군구,서울,구로구,원지표,population,인구수,인구수(건),Y,"2026년 서울 구로구의 인구는 388,169명으로 서울 25개 시군구 중 11위이며 서울 전체의 4.16%를 차지한다. 서울 25개 시군구 평균의 1.04배다.",2026 파일의 인구는 2024년 12월 기준이고 피해액은 2015~2024년 누계이므로 2026년 단년 관측치로 해석하면 안 된다. 2024와 2026 파일의 시도별 인구·피해액 값이 동일하므로 연도 변화로 해석하지 않았다. 시군구 파일에는 주택·Z값·온실·소상공인 데이터가 없어 해당 지표 인사이트를 생성하지 않았다.
2026|시군구|서울|구로구|damagePerCapita,2026,시군구,서울,구로구,파생지표,damagePerCapita,1인당 우심피해액,,N,"2026년 서울 구로구의 1인당 우심피해액은 14,076원으로 서울 25개 시군구 중 5위다. 서울 전체 인구 기준 평균 1인당 피해액의 2.09배이며, 인구 규모보다 피해 부담이 뚜렷하게 높은 편이다.",2026 파일의 인구는 2024년 12월 기준이고 피해액은 2015~2024년 누계이므로 2026년 단년 관측치로 해석하면 안 된다. 2024와 2026 파일의 시도별 인구·피해액 값이 동일하므로 연도 변화로 해석하지 않았다. 시군구 파일에는 주택·Z값·온실·소상공인 데이터가 없어 해당 지표 인사이트를 생성하지 않았다.
2026|시군구|서울|금천구|overall,2026,시군구,서울,금천구,종합,overall,종합 인사이트,,N,"2026년 서울 금천구의 인구는 225,159명으로 서울 25개 시군구 중 22위이며 서울 인구의 2.41%다. 원자료상 우심피해액은 0원으로 기록되어 있으며, 다른 시군구 대비 피해부담 순위는 최하위권이다.",2026 파일의 인구는 2024년 12월 기준이고 피해액은 2015~2024년 누계이므로 2026년 단년 관측치로 해석하면 안 된다. 2024와 2026 파일의 시도별 인구·피해액 값이 동일하므로 연도 변화로 해석하지 않았다. 시군구 파일에는 주택·Z값·온실·소상공인 데이터가 없어 해당 지표 인사이트를 생성하지 않았다.
2026|시군구|서울|금천구|damage,2026,시군구,서울,금천구,원지표,damage,우심피해액,우심피해액(원),Y,2026년 서울 금천구의 원자료상 우심피해액은 0원으로 서울 25개 시군구 내 공동 최하위다. 0원은 집계기간에 피해액이 기록되지 않았다는 의미이며 향후 재난위험이 없다는 뜻은 아니다.,2026 파일의 인구는 2024년 12월 기준이고 피해액은 2015~2024년 누계이므로 2026년 단년 관측치로 해석하면 안 된다. 2024와 2026 파일의 시도별 인구·피해액 값이 동일하므로 연도 변화로 해석하지 않았다. 시군구 파일에는 주택·Z값·온실·소상공인 데이터가 없어 해당 지표 인사이트를 생성하지 않았다.
2026|시군구|서울|금천구|population,2026,시군구,서울,금천구,원지표,population,인구수,인구수(건),Y,"2026년 서울 금천구의 인구는 225,159명으로 서울 25개 시군구 중 22위이며 서울 전체의 2.41%를 차지한다. 서울 25개 시군구 평균의 0.60배다.",2026 파일의 인구는 2024년 12월 기준이고 피해액은 2015~2024년 누계이므로 2026년 단년 관측치로 해석하면 안 된다. 2024와 2026 파일의 시도별 인구·피해액 값이 동일하므로 연도 변화로 해석하지 않았다. 시군구 파일에는 주택·Z값·온실·소상공인 데이터가 없어 해당 지표 인사이트를 생성하지 않았다.
2026|시군구|서울|금천구|damagePerCapita,2026,시군구,서울,금천구,파생지표,damagePerCapita,1인당 우심피해액,,N,"2026년 서울 금천구의 1인당 우심피해액은 0원으로 서울 25개 시군구 중 공동 최하위다. 서울 전체 인구 기준 평균 1인당 피해액의 0.00배이며, 원자료상 피해액은 0원으로 기록되어 있다.",2026 파일의 인구는 2024년 12월 기준이고 피해액은 2015~2024년 누계이므로 2026년 단년 관측치로 해석하면 안 된다. 2024와 2026 파일의 시도별 인구·피해액 값이 동일하므로 연도 변화로 해석하지 않았다. 시군구 파일에는 주택·Z값·온실·소상공인 데이터가 없어 해당 지표 인사이트를 생성하지 않았다.
2026|시군구|서울|노원구|overall,2026,시군구,서울,노원구,종합,overall,종합 인사이트,,N,"2026년 서울 노원구의 인구는 491,247명으로 서울 25개 시군구 중 4위이며 서울 인구의 5.26%다. 원자료상 우심피해액은 0원으로 기록되어 있으며, 다른 시군구 대비 피해부담 순위는 최하위권이다.",2026 파일의 인구는 2024년 12월 기준이고 피해액은 2015~2024년 누계이므로 2026년 단년 관측치로 해석하면 안 된다. 2024와 2026 파일의 시도별 인구·피해액 값이 동일하므로 연도 변화로 해석하지 않았다. 시군구 파일에는 주택·Z값·온실·소상공인 데이터가 없어 해당 지표 인사이트를 생성하지 않았다.
2026|시군구|서울|노원구|damage,2026,시군구,서울,노원구,원지표,damage,우심피해액,우심피해액(원),Y,2026년 서울 노원구의 원자료상 우심피해액은 0원으로 서울 25개 시군구 내 공동 최하위다. 0원은 집계기간에 피해액이 기록되지 않았다는 의미이며 향후 재난위험이 없다는 뜻은 아니다.,2026 파일의 인구는 2024년 12월 기준이고 피해액은 2015~2024년 누계이므로 2026년 단년 관측치로 해석하면 안 된다. 2024와 2026 파일의 시도별 인구·피해액 값이 동일하므로 연도 변화로 해석하지 않았다. 시군구 파일에는 주택·Z값·온실·소상공인 데이터가 없어 해당 지표 인사이트를 생성하지 않았다.
2026|시군구|서울|노원구|population,2026,시군구,서울,노원구,원지표,population,인구수,인구수(건),Y,"2026년 서울 노원구의 인구는 491,247명으로 서울 25개 시군구 중 4위이며 서울 전체의 5.26%를 차지한다. 서울 25개 시군구 평균의 1.32배다.",2026 파일의 인구는 2024년 12월 기준이고 피해액은 2015~2024년 누계이므로 2026년 단년 관측치로 해석하면 안 된다. 2024와 2026 파일의 시도별 인구·피해액 값이 동일하므로 연도 변화로 해석하지 않았다. 시군구 파일에는 주택·Z값·온실·소상공인 데이터가 없어 해당 지표 인사이트를 생성하지 않았다.
2026|시군구|서울|노원구|damagePerCapita,2026,시군구,서울,노원구,파생지표,damagePerCapita,1인당 우심피해액,,N,"2026년 서울 노원구의 1인당 우심피해액은 0원으로 서울 25개 시군구 중 공동 최하위다. 서울 전체 인구 기준 평균 1인당 피해액의 0.00배이며, 원자료상 피해액은 0원으로 기록되어 있다.",2026 파일의 인구는 2024년 12월 기준이고 피해액은 2015~2024년 누계이므로 2026년 단년 관측치로 해석하면 안 된다. 2024와 2026 파일의 시도별 인구·피해액 값이 동일하므로 연도 변화로 해석하지 않았다. 시군구 파일에는 주택·Z값·온실·소상공인 데이터가 없어 해당 지표 인사이트를 생성하지 않았다.
2026|시군구|서울|도봉구|overall,2026,시군구,서울,도봉구,종합,overall,종합 인사이트,,N,"2026년 서울 도봉구의 인구는 303,228명으로 서울 25개 시군구 중 18위이며 서울 인구의 3.25%다. 원자료상 우심피해액은 0원으로 기록되어 있으며, 다른 시군구 대비 피해부담 순위는 최하위권이다.",2026 파일의 인구는 2024년 12월 기준이고 피해액은 2015~2024년 누계이므로 2026년 단년 관측치로 해석하면 안 된다. 2024와 2026 파일의 시도별 인구·피해액 값이 동일하므로 연도 변화로 해석하지 않았다. 시군구 파일에는 주택·Z값·온실·소상공인 데이터가 없어 해당 지표 인사이트를 생성하지 않았다.
2026|시군구|서울|도봉구|damage,2026,시군구,서울,도봉구,원지표,damage,우심피해액,우심피해액(원),Y,2026년 서울 도봉구의 원자료상 우심피해액은 0원으로 서울 25개 시군구 내 공동 최하위다. 0원은 집계기간에 피해액이 기록되지 않았다는 의미이며 향후 재난위험이 없다는 뜻은 아니다.,2026 파일의 인구는 2024년 12월 기준이고 피해액은 2015~2024년 누계이므로 2026년 단년 관측치로 해석하면 안 된다. 2024와 2026 파일의 시도별 인구·피해액 값이 동일하므로 연도 변화로 해석하지 않았다. 시군구 파일에는 주택·Z값·온실·소상공인 데이터가 없어 해당 지표 인사이트를 생성하지 않았다.
2026|시군구|서울|도봉구|population,2026,시군구,서울,도봉구,원지표,population,인구수,인구수(건),Y,"2026년 서울 도봉구의 인구는 303,228명으로 서울 25개 시군구 중 18위이며 서울 전체의 3.25%를 차지한다. 서울 25개 시군구 평균의 0.81배다.",2026 파일의 인구는 2024년 12월 기준이고 피해액은 2015~2024년 누계이므로 2026년 단년 관측치로 해석하면 안 된다. 2024와 2026 파일의 시도별 인구·피해액 값이 동일하므로 연도 변화로 해석하지 않았다. 시군구 파일에는 주택·Z값·온실·소상공인 데이터가 없어 해당 지표 인사이트를 생성하지 않았다.
2026|시군구|서울|도봉구|damagePerCapita,2026,시군구,서울,도봉구,파생지표,damagePerCapita,1인당 우심피해액,,N,"2026년 서울 도봉구의 1인당 우심피해액은 0원으로 서울 25개 시군구 중 공동 최하위다. 서울 전체 인구 기준 평균 1인당 피해액의 0.00배이며, 원자료상 피해액은 0원으로 기록되어 있다.",2026 파일의 인구는 2024년 12월 기준이고 피해액은 2015~2024년 누계이므로 2026년 단년 관측치로 해석하면 안 된다. 2024와 2026 파일의 시도별 인구·피해액 값이 동일하므로 연도 변화로 해석하지 않았다. 시군구 파일에는 주택·Z값·온실·소상공인 데이터가 없어 해당 지표 인사이트를 생성하지 않았다.
2026|시군구|서울|동대문구|overall,2026,시군구,서울,동대문구,종합,overall,종합 인사이트,,N,"2026년 서울 동대문구의 인구는 338,735명으로 서울 25개 시군구 중 16위이며 서울 인구의 3.63%다. 원자료상 우심피해액은 0원으로 기록되어 있으며, 다른 시군구 대비 피해부담 순위는 최하위권이다.",2026 파일의 인구는 2024년 12월 기준이고 피해액은 2015~2024년 누계이므로 2026년 단년 관측치로 해석하면 안 된다. 2024와 2026 파일의 시도별 인구·피해액 값이 동일하므로 연도 변화로 해석하지 않았다. 시군구 파일에는 주택·Z값·온실·소상공인 데이터가 없어 해당 지표 인사이트를 생성하지 않았다.
2026|시군구|서울|동대문구|damage,2026,시군구,서울,동대문구,원지표,damage,우심피해액,우심피해액(원),Y,2026년 서울 동대문구의 원자료상 우심피해액은 0원으로 서울 25개 시군구 내 공동 최하위다. 0원은 집계기간에 피해액이 기록되지 않았다는 의미이며 향후 재난위험이 없다는 뜻은 아니다.,2026 파일의 인구는 2024년 12월 기준이고 피해액은 2015~2024년 누계이므로 2026년 단년 관측치로 해석하면 안 된다. 2024와 2026 파일의 시도별 인구·피해액 값이 동일하므로 연도 변화로 해석하지 않았다. 시군구 파일에는 주택·Z값·온실·소상공인 데이터가 없어 해당 지표 인사이트를 생성하지 않았다.
2026|시군구|서울|동대문구|population,2026,시군구,서울,동대문구,원지표,population,인구수,인구수(건),Y,"2026년 서울 동대문구의 인구는 338,735명으로 서울 25개 시군구 중 16위이며 서울 전체의 3.63%를 차지한다. 서울 25개 시군구 평균의 0.91배다.",2026 파일의 인구는 2024년 12월 기준이고 피해액은 2015~2024년 누계이므로 2026년 단년 관측치로 해석하면 안 된다. 2024와 2026 파일의 시도별 인구·피해액 값이 동일하므로 연도 변화로 해석하지 않았다. 시군구 파일에는 주택·Z값·온실·소상공인 데이터가 없어 해당 지표 인사이트를 생성하지 않았다.
2026|시군구|서울|동대문구|damagePerCapita,2026,시군구,서울,동대문구,파생지표,damagePerCapita,1인당 우심피해액,,N,"2026년 서울 동대문구의 1인당 우심피해액은 0원으로 서울 25개 시군구 중 공동 최하위다. 서울 전체 인구 기준 평균 1인당 피해액의 0.00배이며, 원자료상 피해액은 0원으로 기록되어 있다.",2026 파일의 인구는 2024년 12월 기준이고 피해액은 2015~2024년 누계이므로 2026년 단년 관측치로 해석하면 안 된다. 2024와 2026 파일의 시도별 인구·피해액 값이 동일하므로 연도 변화로 해석하지 않았다. 시군구 파일에는 주택·Z값·온실·소상공인 데이터가 없어 해당 지표 인사이트를 생성하지 않았다.
2026|시군구|서울|동작구|overall,2026,시군구,서울,동작구,종합,overall,종합 인사이트,,N,"2026년 서울 동작구의 인구는 375,799명으로 서울 25개 시군구 중 13위다. 우심피해액은 123.0억 원(2위)이고, 1인당 피해액은 32,722원(2위)이며 피해비중은 인구비중의 4.85배다. 인구 규모에 비해 피해가 매우 크게 집중된 지역이다.",2026 파일의 인구는 2024년 12월 기준이고 피해액은 2015~2024년 누계이므로 2026년 단년 관측치로 해석하면 안 된다. 2024와 2026 파일의 시도별 인구·피해액 값이 동일하므로 연도 변화로 해석하지 않았다. 시군구 파일에는 주택·Z값·온실·소상공인 데이터가 없어 해당 지표 인사이트를 생성하지 않았다.
2026|시군구|서울|동작구|damage,2026,시군구,서울,동작구,원지표,damage,우심피해액,우심피해액(원),Y,"2026년 서울 동작구의 우심피해액은 123.0억 원으로, 서울 25개 시군구 중 2위이며 서울 전체의 19.53%다. 1인당 피해액은 32,722원이고 피해비중/인구비중은 4.85배다.",2026 파일의 인구는 2024년 12월 기준이고 피해액은 2015~2024년 누계이므로 2026년 단년 관측치로 해석하면 안 된다. 2024와 2026 파일의 시도별 인구·피해액 값이 동일하므로 연도 변화로 해석하지 않았다. 시군구 파일에는 주택·Z값·온실·소상공인 데이터가 없어 해당 지표 인사이트를 생성하지 않았다.
2026|시군구|서울|동작구|population,2026,시군구,서울,동작구,원지표,population,인구수,인구수(건),Y,"2026년 서울 동작구의 인구는 375,799명으로 서울 25개 시군구 중 13위이며 서울 전체의 4.03%를 차지한다. 서울 25개 시군구 평균의 1.01배다.",2026 파일의 인구는 2024년 12월 기준이고 피해액은 2015~2024년 누계이므로 2026년 단년 관측치로 해석하면 안 된다. 2024와 2026 파일의 시도별 인구·피해액 값이 동일하므로 연도 변화로 해석하지 않았다. 시군구 파일에는 주택·Z값·온실·소상공인 데이터가 없어 해당 지표 인사이트를 생성하지 않았다.
2026|시군구|서울|동작구|damagePerCapita,2026,시군구,서울,동작구,파생지표,damagePerCapita,1인당 우심피해액,,N,"2026년 서울 동작구의 1인당 우심피해액은 32,722원으로 서울 25개 시군구 중 2위다. 서울 전체 인구 기준 평균 1인당 피해액의 4.85배이며, 인구 규모에 비해 피해가 매우 크게 집중된 지역이다.",2026 파일의 인구는 2024년 12월 기준이고 피해액은 2015~2024년 누계이므로 2026년 단년 관측치로 해석하면 안 된다. 2024와 2026 파일의 시도별 인구·피해액 값이 동일하므로 연도 변화로 해석하지 않았다. 시군구 파일에는 주택·Z값·온실·소상공인 데이터가 없어 해당 지표 인사이트를 생성하지 않았다.
2026|시군구|서울|마포구|overall,2026,시군구,서울,마포구,종합,overall,종합 인사이트,,N,"2026년 서울 마포구의 인구는 361,417명으로 서울 25개 시군구 중 15위이며 서울 인구의 3.87%다. 원자료상 우심피해액은 0원으로 기록되어 있으며, 다른 시군구 대비 피해부담 순위는 최하위권이다.",2026 파일의 인구는 2024년 12월 기준이고 피해액은 2015~2024년 누계이므로 2026년 단년 관측치로 해석하면 안 된다. 2024와 2026 파일의 시도별 인구·피해액 값이 동일하므로 연도 변화로 해석하지 않았다. 시군구 파일에는 주택·Z값·온실·소상공인 데이터가 없어 해당 지표 인사이트를 생성하지 않았다.
2026|시군구|서울|마포구|damage,2026,시군구,서울,마포구,원지표,damage,우심피해액,우심피해액(원),Y,2026년 서울 마포구의 원자료상 우심피해액은 0원으로 서울 25개 시군구 내 공동 최하위다. 0원은 집계기간에 피해액이 기록되지 않았다는 의미이며 향후 재난위험이 없다는 뜻은 아니다.,2026 파일의 인구는 2024년 12월 기준이고 피해액은 2015~2024년 누계이므로 2026년 단년 관측치로 해석하면 안 된다. 2024와 2026 파일의 시도별 인구·피해액 값이 동일하므로 연도 변화로 해석하지 않았다. 시군구 파일에는 주택·Z값·온실·소상공인 데이터가 없어 해당 지표 인사이트를 생성하지 않았다.
2026|시군구|서울|마포구|population,2026,시군구,서울,마포구,원지표,population,인구수,인구수(건),Y,"2026년 서울 마포구의 인구는 361,417명으로 서울 25개 시군구 중 15위이며 서울 전체의 3.87%를 차지한다. 서울 25개 시군구 평균의 0.97배다.",2026 파일의 인구는 2024년 12월 기준이고 피해액은 2015~2024년 누계이므로 2026년 단년 관측치로 해석하면 안 된다. 2024와 2026 파일의 시도별 인구·피해액 값이 동일하므로 연도 변화로 해석하지 않았다. 시군구 파일에는 주택·Z값·온실·소상공인 데이터가 없어 해당 지표 인사이트를 생성하지 않았다.
2026|시군구|서울|마포구|damagePerCapita,2026,시군구,서울,마포구,파생지표,damagePerCapita,1인당 우심피해액,,N,"2026년 서울 마포구의 1인당 우심피해액은 0원으로 서울 25개 시군구 중 공동 최하위다. 서울 전체 인구 기준 평균 1인당 피해액의 0.00배이며, 원자료상 피해액은 0원으로 기록되어 있다.",2026 파일의 인구는 2024년 12월 기준이고 피해액은 2015~2024년 누계이므로 2026년 단년 관측치로 해석하면 안 된다. 2024와 2026 파일의 시도별 인구·피해액 값이 동일하므로 연도 변화로 해석하지 않았다. 시군구 파일에는 주택·Z값·온실·소상공인 데이터가 없어 해당 지표 인사이트를 생성하지 않았다.
2026|시군구|서울|서대문구|overall,2026,시군구,서울,서대문구,종합,overall,종합 인사이트,,N,"2026년 서울 서대문구의 인구는 302,853명으로 서울 25개 시군구 중 19위이며 서울 인구의 3.25%다. 원자료상 우심피해액은 0원으로 기록되어 있으며, 다른 시군구 대비 피해부담 순위는 최하위권이다.",2026 파일의 인구는 2024년 12월 기준이고 피해액은 2015~2024년 누계이므로 2026년 단년 관측치로 해석하면 안 된다. 2024와 2026 파일의 시도별 인구·피해액 값이 동일하므로 연도 변화로 해석하지 않았다. 시군구 파일에는 주택·Z값·온실·소상공인 데이터가 없어 해당 지표 인사이트를 생성하지 않았다.
2026|시군구|서울|서대문구|damage,2026,시군구,서울,서대문구,원지표,damage,우심피해액,우심피해액(원),Y,2026년 서울 서대문구의 원자료상 우심피해액은 0원으로 서울 25개 시군구 내 공동 최하위다. 0원은 집계기간에 피해액이 기록되지 않았다는 의미이며 향후 재난위험이 없다는 뜻은 아니다.,2026 파일의 인구는 2024년 12월 기준이고 피해액은 2015~2024년 누계이므로 2026년 단년 관측치로 해석하면 안 된다. 2024와 2026 파일의 시도별 인구·피해액 값이 동일하므로 연도 변화로 해석하지 않았다. 시군구 파일에는 주택·Z값·온실·소상공인 데이터가 없어 해당 지표 인사이트를 생성하지 않았다.
2026|시군구|서울|서대문구|population,2026,시군구,서울,서대문구,원지표,population,인구수,인구수(건),Y,"2026년 서울 서대문구의 인구는 302,853명으로 서울 25개 시군구 중 19위이며 서울 전체의 3.25%를 차지한다. 서울 25개 시군구 평균의 0.81배다.",2026 파일의 인구는 2024년 12월 기준이고 피해액은 2015~2024년 누계이므로 2026년 단년 관측치로 해석하면 안 된다. 2024와 2026 파일의 시도별 인구·피해액 값이 동일하므로 연도 변화로 해석하지 않았다. 시군구 파일에는 주택·Z값·온실·소상공인 데이터가 없어 해당 지표 인사이트를 생성하지 않았다.
2026|시군구|서울|서대문구|damagePerCapita,2026,시군구,서울,서대문구,파생지표,damagePerCapita,1인당 우심피해액,,N,"2026년 서울 서대문구의 1인당 우심피해액은 0원으로 서울 25개 시군구 중 공동 최하위다. 서울 전체 인구 기준 평균 1인당 피해액의 0.00배이며, 원자료상 피해액은 0원으로 기록되어 있다.",2026 파일의 인구는 2024년 12월 기준이고 피해액은 2015~2024년 누계이므로 2026년 단년 관측치로 해석하면 안 된다. 2024와 2026 파일의 시도별 인구·피해액 값이 동일하므로 연도 변화로 해석하지 않았다. 시군구 파일에는 주택·Z값·온실·소상공인 데이터가 없어 해당 지표 인사이트를 생성하지 않았다.
2026|시군구|서울|서초구|overall,2026,시군구,서울,서초구,종합,overall,종합 인사이트,,N,"2026년 서울 서초구의 인구는 408,376명으로 서울 25개 시군구 중 10위다. 우심피해액은 164.5억 원(1위)이고, 1인당 피해액은 40,288원(1위)이며 피해비중은 인구비중의 5.97배다. 인구 규모에 비해 피해가 매우 크게 집중된 지역이다.",2026 파일의 인구는 2024년 12월 기준이고 피해액은 2015~2024년 누계이므로 2026년 단년 관측치로 해석하면 안 된다. 2024와 2026 파일의 시도별 인구·피해액 값이 동일하므로 연도 변화로 해석하지 않았다. 시군구 파일에는 주택·Z값·온실·소상공인 데이터가 없어 해당 지표 인사이트를 생성하지 않았다.
2026|시군구|서울|서초구|damage,2026,시군구,서울,서초구,원지표,damage,우심피해액,우심피해액(원),Y,"2026년 서울 서초구의 우심피해액은 164.5억 원으로, 서울 25개 시군구 중 1위이며 서울 전체의 26.13%다. 1인당 피해액은 40,288원이고 피해비중/인구비중은 5.97배다.",2026 파일의 인구는 2024년 12월 기준이고 피해액은 2015~2024년 누계이므로 2026년 단년 관측치로 해석하면 안 된다. 2024와 2026 파일의 시도별 인구·피해액 값이 동일하므로 연도 변화로 해석하지 않았다. 시군구 파일에는 주택·Z값·온실·소상공인 데이터가 없어 해당 지표 인사이트를 생성하지 않았다.
2026|시군구|서울|서초구|population,2026,시군구,서울,서초구,원지표,population,인구수,인구수(건),Y,"2026년 서울 서초구의 인구는 408,376명으로 서울 25개 시군구 중 10위이며 서울 전체의 4.38%를 차지한다. 서울 25개 시군구 평균의 1.09배다.",2026 파일의 인구는 2024년 12월 기준이고 피해액은 2015~2024년 누계이므로 2026년 단년 관측치로 해석하면 안 된다. 2024와 2026 파일의 시도별 인구·피해액 값이 동일하므로 연도 변화로 해석하지 않았다. 시군구 파일에는 주택·Z값·온실·소상공인 데이터가 없어 해당 지표 인사이트를 생성하지 않았다.
2026|시군구|서울|서초구|damagePerCapita,2026,시군구,서울,서초구,파생지표,damagePerCapita,1인당 우심피해액,,N,"2026년 서울 서초구의 1인당 우심피해액은 40,288원으로 서울 25개 시군구 중 1위다. 서울 전체 인구 기준 평균 1인당 피해액의 5.97배이며, 인구 규모에 비해 피해가 매우 크게 집중된 지역이다.",2026 파일의 인구는 2024년 12월 기준이고 피해액은 2015~2024년 누계이므로 2026년 단년 관측치로 해석하면 안 된다. 2024와 2026 파일의 시도별 인구·피해액 값이 동일하므로 연도 변화로 해석하지 않았다. 시군구 파일에는 주택·Z값·온실·소상공인 데이터가 없어 해당 지표 인사이트를 생성하지 않았다.
2026|시군구|서울|성동구|overall,2026,시군구,서울,성동구,종합,overall,종합 인사이트,,N,"2026년 서울 성동구의 인구는 273,669명으로 서울 25개 시군구 중 21위이며 서울 인구의 2.93%다. 원자료상 우심피해액은 0원으로 기록되어 있으며, 다른 시군구 대비 피해부담 순위는 최하위권이다.",2026 파일의 인구는 2024년 12월 기준이고 피해액은 2015~2024년 누계이므로 2026년 단년 관측치로 해석하면 안 된다. 2024와 2026 파일의 시도별 인구·피해액 값이 동일하므로 연도 변화로 해석하지 않았다. 시군구 파일에는 주택·Z값·온실·소상공인 데이터가 없어 해당 지표 인사이트를 생성하지 않았다.
2026|시군구|서울|성동구|damage,2026,시군구,서울,성동구,원지표,damage,우심피해액,우심피해액(원),Y,2026년 서울 성동구의 원자료상 우심피해액은 0원으로 서울 25개 시군구 내 공동 최하위다. 0원은 집계기간에 피해액이 기록되지 않았다는 의미이며 향후 재난위험이 없다는 뜻은 아니다.,2026 파일의 인구는 2024년 12월 기준이고 피해액은 2015~2024년 누계이므로 2026년 단년 관측치로 해석하면 안 된다. 2024와 2026 파일의 시도별 인구·피해액 값이 동일하므로 연도 변화로 해석하지 않았다. 시군구 파일에는 주택·Z값·온실·소상공인 데이터가 없어 해당 지표 인사이트를 생성하지 않았다.
2026|시군구|서울|성동구|population,2026,시군구,서울,성동구,원지표,population,인구수,인구수(건),Y,"2026년 서울 성동구의 인구는 273,669명으로 서울 25개 시군구 중 21위이며 서울 전체의 2.93%를 차지한다. 서울 25개 시군구 평균의 0.73배다.",2026 파일의 인구는 2024년 12월 기준이고 피해액은 2015~2024년 누계이므로 2026년 단년 관측치로 해석하면 안 된다. 2024와 2026 파일의 시도별 인구·피해액 값이 동일하므로 연도 변화로 해석하지 않았다. 시군구 파일에는 주택·Z값·온실·소상공인 데이터가 없어 해당 지표 인사이트를 생성하지 않았다.
2026|시군구|서울|성동구|damagePerCapita,2026,시군구,서울,성동구,파생지표,damagePerCapita,1인당 우심피해액,,N,"2026년 서울 성동구의 1인당 우심피해액은 0원으로 서울 25개 시군구 중 공동 최하위다. 서울 전체 인구 기준 평균 1인당 피해액의 0.00배이며, 원자료상 피해액은 0원으로 기록되어 있다.",2026 파일의 인구는 2024년 12월 기준이고 피해액은 2015~2024년 누계이므로 2026년 단년 관측치로 해석하면 안 된다. 2024와 2026 파일의 시도별 인구·피해액 값이 동일하므로 연도 변화로 해석하지 않았다. 시군구 파일에는 주택·Z값·온실·소상공인 데이터가 없어 해당 지표 인사이트를 생성하지 않았다.
2026|시군구|서울|성북구|overall,2026,시군구,서울,성북구,종합,overall,종합 인사이트,,N,"2026년 서울 성북구의 인구는 421,560명으로 서울 25개 시군구 중 9위이며 서울 인구의 4.52%다. 원자료상 우심피해액은 0원으로 기록되어 있으며, 다른 시군구 대비 피해부담 순위는 최하위권이다.",2026 파일의 인구는 2024년 12월 기준이고 피해액은 2015~2024년 누계이므로 2026년 단년 관측치로 해석하면 안 된다. 2024와 2026 파일의 시도별 인구·피해액 값이 동일하므로 연도 변화로 해석하지 않았다. 시군구 파일에는 주택·Z값·온실·소상공인 데이터가 없어 해당 지표 인사이트를 생성하지 않았다.
2026|시군구|서울|성북구|damage,2026,시군구,서울,성북구,원지표,damage,우심피해액,우심피해액(원),Y,2026년 서울 성북구의 원자료상 우심피해액은 0원으로 서울 25개 시군구 내 공동 최하위다. 0원은 집계기간에 피해액이 기록되지 않았다는 의미이며 향후 재난위험이 없다는 뜻은 아니다.,2026 파일의 인구는 2024년 12월 기준이고 피해액은 2015~2024년 누계이므로 2026년 단년 관측치로 해석하면 안 된다. 2024와 2026 파일의 시도별 인구·피해액 값이 동일하므로 연도 변화로 해석하지 않았다. 시군구 파일에는 주택·Z값·온실·소상공인 데이터가 없어 해당 지표 인사이트를 생성하지 않았다.
2026|시군구|서울|성북구|population,2026,시군구,서울,성북구,원지표,population,인구수,인구수(건),Y,"2026년 서울 성북구의 인구는 421,560명으로 서울 25개 시군구 중 9위이며 서울 전체의 4.52%를 차지한다. 서울 25개 시군구 평균의 1.13배다.",2026 파일의 인구는 2024년 12월 기준이고 피해액은 2015~2024년 누계이므로 2026년 단년 관측치로 해석하면 안 된다. 2024와 2026 파일의 시도별 인구·피해액 값이 동일하므로 연도 변화로 해석하지 않았다. 시군구 파일에는 주택·Z값·온실·소상공인 데이터가 없어 해당 지표 인사이트를 생성하지 않았다.
2026|시군구|서울|성북구|damagePerCapita,2026,시군구,서울,성북구,파생지표,damagePerCapita,1인당 우심피해액,,N,"2026년 서울 성북구의 1인당 우심피해액은 0원으로 서울 25개 시군구 중 공동 최하위다. 서울 전체 인구 기준 평균 1인당 피해액의 0.00배이며, 원자료상 피해액은 0원으로 기록되어 있다.",2026 파일의 인구는 2024년 12월 기준이고 피해액은 2015~2024년 누계이므로 2026년 단년 관측치로 해석하면 안 된다. 2024와 2026 파일의 시도별 인구·피해액 값이 동일하므로 연도 변화로 해석하지 않았다. 시군구 파일에는 주택·Z값·온실·소상공인 데이터가 없어 해당 지표 인사이트를 생성하지 않았다.
2026|시군구|서울|송파구|overall,2026,시군구,서울,송파구,종합,overall,종합 인사이트,,N,"2026년 서울 송파구의 인구는 650,110명으로 서울 25개 시군구 중 1위이며 서울 인구의 6.97%다. 원자료상 우심피해액은 0원으로 기록되어 있으며, 다른 시군구 대비 피해부담 순위는 최하위권이다.",2026 파일의 인구는 2024년 12월 기준이고 피해액은 2015~2024년 누계이므로 2026년 단년 관측치로 해석하면 안 된다. 2024와 2026 파일의 시도별 인구·피해액 값이 동일하므로 연도 변화로 해석하지 않았다. 시군구 파일에는 주택·Z값·온실·소상공인 데이터가 없어 해당 지표 인사이트를 생성하지 않았다.
2026|시군구|서울|송파구|damage,2026,시군구,서울,송파구,원지표,damage,우심피해액,우심피해액(원),Y,2026년 서울 송파구의 원자료상 우심피해액은 0원으로 서울 25개 시군구 내 공동 최하위다. 0원은 집계기간에 피해액이 기록되지 않았다는 의미이며 향후 재난위험이 없다는 뜻은 아니다.,2026 파일의 인구는 2024년 12월 기준이고 피해액은 2015~2024년 누계이므로 2026년 단년 관측치로 해석하면 안 된다. 2024와 2026 파일의 시도별 인구·피해액 값이 동일하므로 연도 변화로 해석하지 않았다. 시군구 파일에는 주택·Z값·온실·소상공인 데이터가 없어 해당 지표 인사이트를 생성하지 않았다.
2026|시군구|서울|송파구|population,2026,시군구,서울,송파구,원지표,population,인구수,인구수(건),Y,"2026년 서울 송파구의 인구는 650,110명으로 서울 25개 시군구 중 1위이며 서울 전체의 6.97%를 차지한다. 서울 25개 시군구 평균의 1.74배다.",2026 파일의 인구는 2024년 12월 기준이고 피해액은 2015~2024년 누계이므로 2026년 단년 관측치로 해석하면 안 된다. 2024와 2026 파일의 시도별 인구·피해액 값이 동일하므로 연도 변화로 해석하지 않았다. 시군구 파일에는 주택·Z값·온실·소상공인 데이터가 없어 해당 지표 인사이트를 생성하지 않았다.
2026|시군구|서울|송파구|damagePerCapita,2026,시군구,서울,송파구,파생지표,damagePerCapita,1인당 우심피해액,,N,"2026년 서울 송파구의 1인당 우심피해액은 0원으로 서울 25개 시군구 중 공동 최하위다. 서울 전체 인구 기준 평균 1인당 피해액의 0.00배이며, 원자료상 피해액은 0원으로 기록되어 있다.",2026 파일의 인구는 2024년 12월 기준이고 피해액은 2015~2024년 누계이므로 2026년 단년 관측치로 해석하면 안 된다. 2024와 2026 파일의 시도별 인구·피해액 값이 동일하므로 연도 변화로 해석하지 않았다. 시군구 파일에는 주택·Z값·온실·소상공인 데이터가 없어 해당 지표 인사이트를 생성하지 않았다.
2026|시군구|서울|양천구|overall,2026,시군구,서울,양천구,종합,overall,종합 인사이트,,N,"2026년 서울 양천구의 인구는 430,976명으로 서울 25개 시군구 중 8위이며 서울 인구의 4.62%다. 원자료상 우심피해액은 0원으로 기록되어 있으며, 다른 시군구 대비 피해부담 순위는 최하위권이다.",2026 파일의 인구는 2024년 12월 기준이고 피해액은 2015~2024년 누계이므로 2026년 단년 관측치로 해석하면 안 된다. 2024와 2026 파일의 시도별 인구·피해액 값이 동일하므로 연도 변화로 해석하지 않았다. 시군구 파일에는 주택·Z값·온실·소상공인 데이터가 없어 해당 지표 인사이트를 생성하지 않았다.
2026|시군구|서울|양천구|damage,2026,시군구,서울,양천구,원지표,damage,우심피해액,우심피해액(원),Y,2026년 서울 양천구의 원자료상 우심피해액은 0원으로 서울 25개 시군구 내 공동 최하위다. 0원은 집계기간에 피해액이 기록되지 않았다는 의미이며 향후 재난위험이 없다는 뜻은 아니다.,2026 파일의 인구는 2024년 12월 기준이고 피해액은 2015~2024년 누계이므로 2026년 단년 관측치로 해석하면 안 된다. 2024와 2026 파일의 시도별 인구·피해액 값이 동일하므로 연도 변화로 해석하지 않았다. 시군구 파일에는 주택·Z값·온실·소상공인 데이터가 없어 해당 지표 인사이트를 생성하지 않았다.
2026|시군구|서울|양천구|population,2026,시군구,서울,양천구,원지표,population,인구수,인구수(건),Y,"2026년 서울 양천구의 인구는 430,976명으로 서울 25개 시군구 중 8위이며 서울 전체의 4.62%를 차지한다. 서울 25개 시군구 평균의 1.15배다.",2026 파일의 인구는 2024년 12월 기준이고 피해액은 2015~2024년 누계이므로 2026년 단년 관측치로 해석하면 안 된다. 2024와 2026 파일의 시도별 인구·피해액 값이 동일하므로 연도 변화로 해석하지 않았다. 시군구 파일에는 주택·Z값·온실·소상공인 데이터가 없어 해당 지표 인사이트를 생성하지 않았다.
2026|시군구|서울|양천구|damagePerCapita,2026,시군구,서울,양천구,파생지표,damagePerCapita,1인당 우심피해액,,N,"2026년 서울 양천구의 1인당 우심피해액은 0원으로 서울 25개 시군구 중 공동 최하위다. 서울 전체 인구 기준 평균 1인당 피해액의 0.00배이며, 원자료상 피해액은 0원으로 기록되어 있다.",2026 파일의 인구는 2024년 12월 기준이고 피해액은 2015~2024년 누계이므로 2026년 단년 관측치로 해석하면 안 된다. 2024와 2026 파일의 시도별 인구·피해액 값이 동일하므로 연도 변화로 해석하지 않았다. 시군구 파일에는 주택·Z값·온실·소상공인 데이터가 없어 해당 지표 인사이트를 생성하지 않았다.
2026|시군구|서울|영등포구|overall,2026,시군구,서울,영등포구,종합,overall,종합 인사이트,,N,"2026년 서울 영등포구의 인구는 373,773명으로 서울 25개 시군구 중 14위다. 우심피해액은 111.4억 원(4위)이고, 1인당 피해액은 29,797원(3위)이며 피해비중은 인구비중의 4.42배다. 인구 규모에 비해 피해가 매우 크게 집중된 지역이다.",2026 파일의 인구는 2024년 12월 기준이고 피해액은 2015~2024년 누계이므로 2026년 단년 관측치로 해석하면 안 된다. 2024와 2026 파일의 시도별 인구·피해액 값이 동일하므로 연도 변화로 해석하지 않았다. 시군구 파일에는 주택·Z값·온실·소상공인 데이터가 없어 해당 지표 인사이트를 생성하지 않았다.
2026|시군구|서울|영등포구|damage,2026,시군구,서울,영등포구,원지표,damage,우심피해액,우심피해액(원),Y,"2026년 서울 영등포구의 우심피해액은 111.4억 원으로, 서울 25개 시군구 중 4위이며 서울 전체의 17.69%다. 1인당 피해액은 29,797원이고 피해비중/인구비중은 4.42배다.",2026 파일의 인구는 2024년 12월 기준이고 피해액은 2015~2024년 누계이므로 2026년 단년 관측치로 해석하면 안 된다. 2024와 2026 파일의 시도별 인구·피해액 값이 동일하므로 연도 변화로 해석하지 않았다. 시군구 파일에는 주택·Z값·온실·소상공인 데이터가 없어 해당 지표 인사이트를 생성하지 않았다.
2026|시군구|서울|영등포구|population,2026,시군구,서울,영등포구,원지표,population,인구수,인구수(건),Y,"2026년 서울 영등포구의 인구는 373,773명으로 서울 25개 시군구 중 14위이며 서울 전체의 4.01%를 차지한다. 서울 25개 시군구 평균의 1.00배다.",2026 파일의 인구는 2024년 12월 기준이고 피해액은 2015~2024년 누계이므로 2026년 단년 관측치로 해석하면 안 된다. 2024와 2026 파일의 시도별 인구·피해액 값이 동일하므로 연도 변화로 해석하지 않았다. 시군구 파일에는 주택·Z값·온실·소상공인 데이터가 없어 해당 지표 인사이트를 생성하지 않았다.
2026|시군구|서울|영등포구|damagePerCapita,2026,시군구,서울,영등포구,파생지표,damagePerCapita,1인당 우심피해액,,N,"2026년 서울 영등포구의 1인당 우심피해액은 29,797원으로 서울 25개 시군구 중 3위다. 서울 전체 인구 기준 평균 1인당 피해액의 4.42배이며, 인구 규모에 비해 피해가 매우 크게 집중된 지역이다.",2026 파일의 인구는 2024년 12월 기준이고 피해액은 2015~2024년 누계이므로 2026년 단년 관측치로 해석하면 안 된다. 2024와 2026 파일의 시도별 인구·피해액 값이 동일하므로 연도 변화로 해석하지 않았다. 시군구 파일에는 주택·Z값·온실·소상공인 데이터가 없어 해당 지표 인사이트를 생성하지 않았다.
2026|시군구|서울|용산구|overall,2026,시군구,서울,용산구,종합,overall,종합 인사이트,,N,"2026년 서울 용산구의 인구는 203,854명으로 서울 25개 시군구 중 23위이며 서울 인구의 2.18%다. 원자료상 우심피해액은 0원으로 기록되어 있으며, 다른 시군구 대비 피해부담 순위는 최하위권이다.",2026 파일의 인구는 2024년 12월 기준이고 피해액은 2015~2024년 누계이므로 2026년 단년 관측치로 해석하면 안 된다. 2024와 2026 파일의 시도별 인구·피해액 값이 동일하므로 연도 변화로 해석하지 않았다. 시군구 파일에는 주택·Z값·온실·소상공인 데이터가 없어 해당 지표 인사이트를 생성하지 않았다.
2026|시군구|서울|용산구|damage,2026,시군구,서울,용산구,원지표,damage,우심피해액,우심피해액(원),Y,2026년 서울 용산구의 원자료상 우심피해액은 0원으로 서울 25개 시군구 내 공동 최하위다. 0원은 집계기간에 피해액이 기록되지 않았다는 의미이며 향후 재난위험이 없다는 뜻은 아니다.,2026 파일의 인구는 2024년 12월 기준이고 피해액은 2015~2024년 누계이므로 2026년 단년 관측치로 해석하면 안 된다. 2024와 2026 파일의 시도별 인구·피해액 값이 동일하므로 연도 변화로 해석하지 않았다. 시군구 파일에는 주택·Z값·온실·소상공인 데이터가 없어 해당 지표 인사이트를 생성하지 않았다.
2026|시군구|서울|용산구|population,2026,시군구,서울,용산구,원지표,population,인구수,인구수(건),Y,"2026년 서울 용산구의 인구는 203,854명으로 서울 25개 시군구 중 23위이며 서울 전체의 2.18%를 차지한다. 서울 25개 시군구 평균의 0.55배다.",2026 파일의 인구는 2024년 12월 기준이고 피해액은 2015~2024년 누계이므로 2026년 단년 관측치로 해석하면 안 된다. 2024와 2026 파일의 시도별 인구·피해액 값이 동일하므로 연도 변화로 해석하지 않았다. 시군구 파일에는 주택·Z값·온실·소상공인 데이터가 없어 해당 지표 인사이트를 생성하지 않았다.
2026|시군구|서울|용산구|damagePerCapita,2026,시군구,서울,용산구,파생지표,damagePerCapita,1인당 우심피해액,,N,"2026년 서울 용산구의 1인당 우심피해액은 0원으로 서울 25개 시군구 중 공동 최하위다. 서울 전체 인구 기준 평균 1인당 피해액의 0.00배이며, 원자료상 피해액은 0원으로 기록되어 있다.",2026 파일의 인구는 2024년 12월 기준이고 피해액은 2015~2024년 누계이므로 2026년 단년 관측치로 해석하면 안 된다. 2024와 2026 파일의 시도별 인구·피해액 값이 동일하므로 연도 변화로 해석하지 않았다. 시군구 파일에는 주택·Z값·온실·소상공인 데이터가 없어 해당 지표 인사이트를 생성하지 않았다.
2026|시군구|서울|은평구|overall,2026,시군구,서울,은평구,종합,overall,종합 인사이트,,N,"2026년 서울 은평구의 인구는 460,919명으로 서울 25개 시군구 중 7위이며 서울 인구의 4.94%다. 원자료상 우심피해액은 0원으로 기록되어 있으며, 다른 시군구 대비 피해부담 순위는 최하위권이다.",2026 파일의 인구는 2024년 12월 기준이고 피해액은 2015~2024년 누계이므로 2026년 단년 관측치로 해석하면 안 된다. 2024와 2026 파일의 시도별 인구·피해액 값이 동일하므로 연도 변화로 해석하지 않았다. 시군구 파일에는 주택·Z값·온실·소상공인 데이터가 없어 해당 지표 인사이트를 생성하지 않았다.
2026|시군구|서울|은평구|damage,2026,시군구,서울,은평구,원지표,damage,우심피해액,우심피해액(원),Y,2026년 서울 은평구의 원자료상 우심피해액은 0원으로 서울 25개 시군구 내 공동 최하위다. 0원은 집계기간에 피해액이 기록되지 않았다는 의미이며 향후 재난위험이 없다는 뜻은 아니다.,2026 파일의 인구는 2024년 12월 기준이고 피해액은 2015~2024년 누계이므로 2026년 단년 관측치로 해석하면 안 된다. 2024와 2026 파일의 시도별 인구·피해액 값이 동일하므로 연도 변화로 해석하지 않았다. 시군구 파일에는 주택·Z값·온실·소상공인 데이터가 없어 해당 지표 인사이트를 생성하지 않았다.
2026|시군구|서울|은평구|population,2026,시군구,서울,은평구,원지표,population,인구수,인구수(건),Y,"2026년 서울 은평구의 인구는 460,919명으로 서울 25개 시군구 중 7위이며 서울 전체의 4.94%를 차지한다. 서울 25개 시군구 평균의 1.23배다.",2026 파일의 인구는 2024년 12월 기준이고 피해액은 2015~2024년 누계이므로 2026년 단년 관측치로 해석하면 안 된다. 2024와 2026 파일의 시도별 인구·피해액 값이 동일하므로 연도 변화로 해석하지 않았다. 시군구 파일에는 주택·Z값·온실·소상공인 데이터가 없어 해당 지표 인사이트를 생성하지 않았다.
2026|시군구|서울|은평구|damagePerCapita,2026,시군구,서울,은평구,파생지표,damagePerCapita,1인당 우심피해액,,N,"2026년 서울 은평구의 1인당 우심피해액은 0원으로 서울 25개 시군구 중 공동 최하위다. 서울 전체 인구 기준 평균 1인당 피해액의 0.00배이며, 원자료상 피해액은 0원으로 기록되어 있다.",2026 파일의 인구는 2024년 12월 기준이고 피해액은 2015~2024년 누계이므로 2026년 단년 관측치로 해석하면 안 된다. 2024와 2026 파일의 시도별 인구·피해액 값이 동일하므로 연도 변화로 해석하지 않았다. 시군구 파일에는 주택·Z값·온실·소상공인 데이터가 없어 해당 지표 인사이트를 생성하지 않았다.
2026|시군구|서울|종로구|overall,2026,시군구,서울,종로구,종합,overall,종합 인사이트,,N,"2026년 서울 종로구의 인구는 138,336명으로 서울 25개 시군구 중 24위이며 서울 인구의 1.48%다. 원자료상 우심피해액은 0원으로 기록되어 있으며, 다른 시군구 대비 피해부담 순위는 최하위권이다.",2026 파일의 인구는 2024년 12월 기준이고 피해액은 2015~2024년 누계이므로 2026년 단년 관측치로 해석하면 안 된다. 2024와 2026 파일의 시도별 인구·피해액 값이 동일하므로 연도 변화로 해석하지 않았다. 시군구 파일에는 주택·Z값·온실·소상공인 데이터가 없어 해당 지표 인사이트를 생성하지 않았다.
2026|시군구|서울|종로구|damage,2026,시군구,서울,종로구,원지표,damage,우심피해액,우심피해액(원),Y,2026년 서울 종로구의 원자료상 우심피해액은 0원으로 서울 25개 시군구 내 공동 최하위다. 0원은 집계기간에 피해액이 기록되지 않았다는 의미이며 향후 재난위험이 없다는 뜻은 아니다.,2026 파일의 인구는 2024년 12월 기준이고 피해액은 2015~2024년 누계이므로 2026년 단년 관측치로 해석하면 안 된다. 2024와 2026 파일의 시도별 인구·피해액 값이 동일하므로 연도 변화로 해석하지 않았다. 시군구 파일에는 주택·Z값·온실·소상공인 데이터가 없어 해당 지표 인사이트를 생성하지 않았다.
2026|시군구|서울|종로구|population,2026,시군구,서울,종로구,원지표,population,인구수,인구수(건),Y,"2026년 서울 종로구의 인구는 138,336명으로 서울 25개 시군구 중 24위이며 서울 전체의 1.48%를 차지한다. 서울 25개 시군구 평균의 0.37배다.",2026 파일의 인구는 2024년 12월 기준이고 피해액은 2015~2024년 누계이므로 2026년 단년 관측치로 해석하면 안 된다. 2024와 2026 파일의 시도별 인구·피해액 값이 동일하므로 연도 변화로 해석하지 않았다. 시군구 파일에는 주택·Z값·온실·소상공인 데이터가 없어 해당 지표 인사이트를 생성하지 않았다.
2026|시군구|서울|종로구|damagePerCapita,2026,시군구,서울,종로구,파생지표,damagePerCapita,1인당 우심피해액,,N,"2026년 서울 종로구의 1인당 우심피해액은 0원으로 서울 25개 시군구 중 공동 최하위다. 서울 전체 인구 기준 평균 1인당 피해액의 0.00배이며, 원자료상 피해액은 0원으로 기록되어 있다.",2026 파일의 인구는 2024년 12월 기준이고 피해액은 2015~2024년 누계이므로 2026년 단년 관측치로 해석하면 안 된다. 2024와 2026 파일의 시도별 인구·피해액 값이 동일하므로 연도 변화로 해석하지 않았다. 시군구 파일에는 주택·Z값·온실·소상공인 데이터가 없어 해당 지표 인사이트를 생성하지 않았다.
2026|시군구|서울|중구|overall,2026,시군구,서울,중구,종합,overall,종합 인사이트,,N,"2026년 서울 중구의 인구는 120,544명으로 서울 25개 시군구 중 25위(최하위)이며 서울 인구의 1.29%다. 원자료상 우심피해액은 0원으로 기록되어 있으며, 다른 시군구 대비 피해부담 순위는 최하위권이다.",2026 파일의 인구는 2024년 12월 기준이고 피해액은 2015~2024년 누계이므로 2026년 단년 관측치로 해석하면 안 된다. 2024와 2026 파일의 시도별 인구·피해액 값이 동일하므로 연도 변화로 해석하지 않았다. 시군구 파일에는 주택·Z값·온실·소상공인 데이터가 없어 해당 지표 인사이트를 생성하지 않았다.
2026|시군구|서울|중구|damage,2026,시군구,서울,중구,원지표,damage,우심피해액,우심피해액(원),Y,2026년 서울 중구의 원자료상 우심피해액은 0원으로 서울 25개 시군구 내 공동 최하위다. 0원은 집계기간에 피해액이 기록되지 않았다는 의미이며 향후 재난위험이 없다는 뜻은 아니다.,2026 파일의 인구는 2024년 12월 기준이고 피해액은 2015~2024년 누계이므로 2026년 단년 관측치로 해석하면 안 된다. 2024와 2026 파일의 시도별 인구·피해액 값이 동일하므로 연도 변화로 해석하지 않았다. 시군구 파일에는 주택·Z값·온실·소상공인 데이터가 없어 해당 지표 인사이트를 생성하지 않았다.
2026|시군구|서울|중구|population,2026,시군구,서울,중구,원지표,population,인구수,인구수(건),Y,"2026년 서울 중구의 인구는 120,544명으로 서울 25개 시군구 중 25위(최하위)이며 서울 전체의 1.29%를 차지한다. 서울 25개 시군구 평균의 0.32배다.",2026 파일의 인구는 2024년 12월 기준이고 피해액은 2015~2024년 누계이므로 2026년 단년 관측치로 해석하면 안 된다. 2024와 2026 파일의 시도별 인구·피해액 값이 동일하므로 연도 변화로 해석하지 않았다. 시군구 파일에는 주택·Z값·온실·소상공인 데이터가 없어 해당 지표 인사이트를 생성하지 않았다.
2026|시군구|서울|중구|damagePerCapita,2026,시군구,서울,중구,파생지표,damagePerCapita,1인당 우심피해액,,N,"2026년 서울 중구의 1인당 우심피해액은 0원으로 서울 25개 시군구 중 공동 최하위다. 서울 전체 인구 기준 평균 1인당 피해액의 0.00배이며, 원자료상 피해액은 0원으로 기록되어 있다.",2026 파일의 인구는 2024년 12월 기준이고 피해액은 2015~2024년 누계이므로 2026년 단년 관측치로 해석하면 안 된다. 2024와 2026 파일의 시도별 인구·피해액 값이 동일하므로 연도 변화로 해석하지 않았다. 시군구 파일에는 주택·Z값·온실·소상공인 데이터가 없어 해당 지표 인사이트를 생성하지 않았다.
2026|시군구|서울|중랑구|overall,2026,시군구,서울,중랑구,종합,overall,종합 인사이트,,N,"2026년 서울 중랑구의 인구는 379,274명으로 서울 25개 시군구 중 12위이며 서울 인구의 4.06%다. 원자료상 우심피해액은 0원으로 기록되어 있으며, 다른 시군구 대비 피해부담 순위는 최하위권이다.",2026 파일의 인구는 2024년 12월 기준이고 피해액은 2015~2024년 누계이므로 2026년 단년 관측치로 해석하면 안 된다. 2024와 2026 파일의 시도별 인구·피해액 값이 동일하므로 연도 변화로 해석하지 않았다. 시군구 파일에는 주택·Z값·온실·소상공인 데이터가 없어 해당 지표 인사이트를 생성하지 않았다.
2026|시군구|서울|중랑구|damage,2026,시군구,서울,중랑구,원지표,damage,우심피해액,우심피해액(원),Y,2026년 서울 중랑구의 원자료상 우심피해액은 0원으로 서울 25개 시군구 내 공동 최하위다. 0원은 집계기간에 피해액이 기록되지 않았다는 의미이며 향후 재난위험이 없다는 뜻은 아니다.,2026 파일의 인구는 2024년 12월 기준이고 피해액은 2015~2024년 누계이므로 2026년 단년 관측치로 해석하면 안 된다. 2024와 2026 파일의 시도별 인구·피해액 값이 동일하므로 연도 변화로 해석하지 않았다. 시군구 파일에는 주택·Z값·온실·소상공인 데이터가 없어 해당 지표 인사이트를 생성하지 않았다.
2026|시군구|서울|중랑구|population,2026,시군구,서울,중랑구,원지표,population,인구수,인구수(건),Y,"2026년 서울 중랑구의 인구는 379,274명으로 서울 25개 시군구 중 12위이며 서울 전체의 4.06%를 차지한다. 서울 25개 시군구 평균의 1.02배다.",2026 파일의 인구는 2024년 12월 기준이고 피해액은 2015~2024년 누계이므로 2026년 단년 관측치로 해석하면 안 된다. 2024와 2026 파일의 시도별 인구·피해액 값이 동일하므로 연도 변화로 해석하지 않았다. 시군구 파일에는 주택·Z값·온실·소상공인 데이터가 없어 해당 지표 인사이트를 생성하지 않았다.
2026|시군구|서울|중랑구|damagePerCapita,2026,시군구,서울,중랑구,파생지표,damagePerCapita,1인당 우심피해액,,N,"2026년 서울 중랑구의 1인당 우심피해액은 0원으로 서울 25개 시군구 중 공동 최하위다. 서울 전체 인구 기준 평균 1인당 피해액의 0.00배이며, 원자료상 피해액은 0원으로 기록되어 있다.",2026 파일의 인구는 2024년 12월 기준이고 피해액은 2015~2024년 누계이므로 2026년 단년 관측치로 해석하면 안 된다. 2024와 2026 파일의 시도별 인구·피해액 값이 동일하므로 연도 변화로 해석하지 않았다. 시군구 파일에는 주택·Z값·온실·소상공인 데이터가 없어 해당 지표 인사이트를 생성하지 않았다.
2026|시군구|부산|강서구|overall,2026,시군구,부산,강서구,종합,overall,종합 인사이트,,N,"2026년 부산 강서구의 인구는 142,789명으로 부산 16개 시군구 중 12위이며 부산 인구의 4.37%다. 원자료상 우심피해액은 0원으로 기록되어 있으며, 다른 시군구 대비 피해부담 순위는 최하위권이다.",2026 파일의 인구는 2024년 12월 기준이고 피해액은 2015~2024년 누계이므로 2026년 단년 관측치로 해석하면 안 된다. 2024와 2026 파일의 시도별 인구·피해액 값이 동일하므로 연도 변화로 해석하지 않았다. 시군구 파일에는 주택·Z값·온실·소상공인 데이터가 없어 해당 지표 인사이트를 생성하지 않았다.
2026|시군구|부산|강서구|damage,2026,시군구,부산,강서구,원지표,damage,우심피해액,우심피해액(원),Y,2026년 부산 강서구의 원자료상 우심피해액은 0원으로 부산 16개 시군구 내 공동 최하위다. 0원은 집계기간에 피해액이 기록되지 않았다는 의미이며 향후 재난위험이 없다는 뜻은 아니다.,2026 파일의 인구는 2024년 12월 기준이고 피해액은 2015~2024년 누계이므로 2026년 단년 관측치로 해석하면 안 된다. 2024와 2026 파일의 시도별 인구·피해액 값이 동일하므로 연도 변화로 해석하지 않았다. 시군구 파일에는 주택·Z값·온실·소상공인 데이터가 없어 해당 지표 인사이트를 생성하지 않았다.
2026|시군구|부산|강서구|population,2026,시군구,부산,강서구,원지표,population,인구수,인구수(건),Y,"2026년 부산 강서구의 인구는 142,789명으로 부산 16개 시군구 중 12위이며 부산 전체의 4.37%를 차지한다. 부산 16개 시군구 평균의 0.70배다.",2026 파일의 인구는 2024년 12월 기준이고 피해액은 2015~2024년 누계이므로 2026년 단년 관측치로 해석하면 안 된다. 2024와 2026 파일의 시도별 인구·피해액 값이 동일하므로 연도 변화로 해석하지 않았다. 시군구 파일에는 주택·Z값·온실·소상공인 데이터가 없어 해당 지표 인사이트를 생성하지 않았다.
2026|시군구|부산|강서구|damagePerCapita,2026,시군구,부산,강서구,파생지표,damagePerCapita,1인당 우심피해액,,N,"2026년 부산 강서구의 1인당 우심피해액은 0원으로 부산 16개 시군구 중 공동 최하위다. 부산 전체 인구 기준 평균 1인당 피해액의 0.00배이며, 원자료상 피해액은 0원으로 기록되어 있다.",2026 파일의 인구는 2024년 12월 기준이고 피해액은 2015~2024년 누계이므로 2026년 단년 관측치로 해석하면 안 된다. 2024와 2026 파일의 시도별 인구·피해액 값이 동일하므로 연도 변화로 해석하지 않았다. 시군구 파일에는 주택·Z값·온실·소상공인 데이터가 없어 해당 지표 인사이트를 생성하지 않았다.
2026|시군구|부산|금정구|overall,2026,시군구,부산,금정구,종합,overall,종합 인사이트,,N,"2026년 부산 금정구의 인구는 209,932명으로 부산 16개 시군구 중 8위이며 부산 인구의 6.43%다. 원자료상 우심피해액은 0원으로 기록되어 있으며, 다른 시군구 대비 피해부담 순위는 최하위권이다.",2026 파일의 인구는 2024년 12월 기준이고 피해액은 2015~2024년 누계이므로 2026년 단년 관측치로 해석하면 안 된다. 2024와 2026 파일의 시도별 인구·피해액 값이 동일하므로 연도 변화로 해석하지 않았다. 시군구 파일에는 주택·Z값·온실·소상공인 데이터가 없어 해당 지표 인사이트를 생성하지 않았다.
2026|시군구|부산|금정구|damage,2026,시군구,부산,금정구,원지표,damage,우심피해액,우심피해액(원),Y,2026년 부산 금정구의 원자료상 우심피해액은 0원으로 부산 16개 시군구 내 공동 최하위다. 0원은 집계기간에 피해액이 기록되지 않았다는 의미이며 향후 재난위험이 없다는 뜻은 아니다.,2026 파일의 인구는 2024년 12월 기준이고 피해액은 2015~2024년 누계이므로 2026년 단년 관측치로 해석하면 안 된다. 2024와 2026 파일의 시도별 인구·피해액 값이 동일하므로 연도 변화로 해석하지 않았다. 시군구 파일에는 주택·Z값·온실·소상공인 데이터가 없어 해당 지표 인사이트를 생성하지 않았다.
2026|시군구|부산|금정구|population,2026,시군구,부산,금정구,원지표,population,인구수,인구수(건),Y,"2026년 부산 금정구의 인구는 209,932명으로 부산 16개 시군구 중 8위이며 부산 전체의 6.43%를 차지한다. 부산 16개 시군구 평균의 1.03배다.",2026 파일의 인구는 2024년 12월 기준이고 피해액은 2015~2024년 누계이므로 2026년 단년 관측치로 해석하면 안 된다. 2024와 2026 파일의 시도별 인구·피해액 값이 동일하므로 연도 변화로 해석하지 않았다. 시군구 파일에는 주택·Z값·온실·소상공인 데이터가 없어 해당 지표 인사이트를 생성하지 않았다.
2026|시군구|부산|금정구|damagePerCapita,2026,시군구,부산,금정구,파생지표,damagePerCapita,1인당 우심피해액,,N,"2026년 부산 금정구의 1인당 우심피해액은 0원으로 부산 16개 시군구 중 공동 최하위다. 부산 전체 인구 기준 평균 1인당 피해액의 0.00배이며, 원자료상 피해액은 0원으로 기록되어 있다.",2026 파일의 인구는 2024년 12월 기준이고 피해액은 2015~2024년 누계이므로 2026년 단년 관측치로 해석하면 안 된다. 2024와 2026 파일의 시도별 인구·피해액 값이 동일하므로 연도 변화로 해석하지 않았다. 시군구 파일에는 주택·Z값·온실·소상공인 데이터가 없어 해당 지표 인사이트를 생성하지 않았다.
2026|시군구|부산|기장군|overall,2026,시군구,부산,기장군,종합,overall,종합 인사이트,,N,"2026년 부산 기장군의 인구는 175,626명으로 부산 16개 시군구 중 10위다. 우심피해액은 71.2억 원(2위)이고, 1인당 피해액은 40,556원(3위)이며 피해비중은 인구비중의 3.45배다. 인구 규모에 비해 피해가 매우 크게 집중된 지역이다.",2026 파일의 인구는 2024년 12월 기준이고 피해액은 2015~2024년 누계이므로 2026년 단년 관측치로 해석하면 안 된다. 2024와 2026 파일의 시도별 인구·피해액 값이 동일하므로 연도 변화로 해석하지 않았다. 시군구 파일에는 주택·Z값·온실·소상공인 데이터가 없어 해당 지표 인사이트를 생성하지 않았다.
2026|시군구|부산|기장군|damage,2026,시군구,부산,기장군,원지표,damage,우심피해액,우심피해액(원),Y,"2026년 부산 기장군의 우심피해액은 71.2억 원으로, 부산 16개 시군구 중 2위이며 부산 전체의 18.55%다. 1인당 피해액은 40,556원이고 피해비중/인구비중은 3.45배다.",2026 파일의 인구는 2024년 12월 기준이고 피해액은 2015~2024년 누계이므로 2026년 단년 관측치로 해석하면 안 된다. 2024와 2026 파일의 시도별 인구·피해액 값이 동일하므로 연도 변화로 해석하지 않았다. 시군구 파일에는 주택·Z값·온실·소상공인 데이터가 없어 해당 지표 인사이트를 생성하지 않았다.
2026|시군구|부산|기장군|population,2026,시군구,부산,기장군,원지표,population,인구수,인구수(건),Y,"2026년 부산 기장군의 인구는 175,626명으로 부산 16개 시군구 중 10위이며 부산 전체의 5.38%를 차지한다. 부산 16개 시군구 평균의 0.86배다.",2026 파일의 인구는 2024년 12월 기준이고 피해액은 2015~2024년 누계이므로 2026년 단년 관측치로 해석하면 안 된다. 2024와 2026 파일의 시도별 인구·피해액 값이 동일하므로 연도 변화로 해석하지 않았다. 시군구 파일에는 주택·Z값·온실·소상공인 데이터가 없어 해당 지표 인사이트를 생성하지 않았다.
2026|시군구|부산|기장군|damagePerCapita,2026,시군구,부산,기장군,파생지표,damagePerCapita,1인당 우심피해액,,N,"2026년 부산 기장군의 1인당 우심피해액은 40,556원으로 부산 16개 시군구 중 3위다. 부산 전체 인구 기준 평균 1인당 피해액의 3.45배이며, 인구 규모에 비해 피해가 매우 크게 집중된 지역이다.",2026 파일의 인구는 2024년 12월 기준이고 피해액은 2015~2024년 누계이므로 2026년 단년 관측치로 해석하면 안 된다. 2024와 2026 파일의 시도별 인구·피해액 값이 동일하므로 연도 변화로 해석하지 않았다. 시군구 파일에는 주택·Z값·온실·소상공인 데이터가 없어 해당 지표 인사이트를 생성하지 않았다.
2026|시군구|부산|남구|overall,2026,시군구,부산,남구,종합,overall,종합 인사이트,,N,"2026년 부산 남구의 인구는 254,498명으로 부산 16개 시군구 중 6위이며 부산 인구의 7.79%다. 원자료상 우심피해액은 0원으로 기록되어 있으며, 다른 시군구 대비 피해부담 순위는 최하위권이다.",2026 파일의 인구는 2024년 12월 기준이고 피해액은 2015~2024년 누계이므로 2026년 단년 관측치로 해석하면 안 된다. 2024와 2026 파일의 시도별 인구·피해액 값이 동일하므로 연도 변화로 해석하지 않았다. 시군구 파일에는 주택·Z값·온실·소상공인 데이터가 없어 해당 지표 인사이트를 생성하지 않았다.
2026|시군구|부산|남구|damage,2026,시군구,부산,남구,원지표,damage,우심피해액,우심피해액(원),Y,2026년 부산 남구의 원자료상 우심피해액은 0원으로 부산 16개 시군구 내 공동 최하위다. 0원은 집계기간에 피해액이 기록되지 않았다는 의미이며 향후 재난위험이 없다는 뜻은 아니다.,2026 파일의 인구는 2024년 12월 기준이고 피해액은 2015~2024년 누계이므로 2026년 단년 관측치로 해석하면 안 된다. 2024와 2026 파일의 시도별 인구·피해액 값이 동일하므로 연도 변화로 해석하지 않았다. 시군구 파일에는 주택·Z값·온실·소상공인 데이터가 없어 해당 지표 인사이트를 생성하지 않았다.
2026|시군구|부산|남구|population,2026,시군구,부산,남구,원지표,population,인구수,인구수(건),Y,"2026년 부산 남구의 인구는 254,498명으로 부산 16개 시군구 중 6위이며 부산 전체의 7.79%를 차지한다. 부산 16개 시군구 평균의 1.25배다.",2026 파일의 인구는 2024년 12월 기준이고 피해액은 2015~2024년 누계이므로 2026년 단년 관측치로 해석하면 안 된다. 2024와 2026 파일의 시도별 인구·피해액 값이 동일하므로 연도 변화로 해석하지 않았다. 시군구 파일에는 주택·Z값·온실·소상공인 데이터가 없어 해당 지표 인사이트를 생성하지 않았다.
2026|시군구|부산|남구|damagePerCapita,2026,시군구,부산,남구,파생지표,damagePerCapita,1인당 우심피해액,,N,"2026년 부산 남구의 1인당 우심피해액은 0원으로 부산 16개 시군구 중 공동 최하위다. 부산 전체 인구 기준 평균 1인당 피해액의 0.00배이며, 원자료상 피해액은 0원으로 기록되어 있다.",2026 파일의 인구는 2024년 12월 기준이고 피해액은 2015~2024년 누계이므로 2026년 단년 관측치로 해석하면 안 된다. 2024와 2026 파일의 시도별 인구·피해액 값이 동일하므로 연도 변화로 해석하지 않았다. 시군구 파일에는 주택·Z값·온실·소상공인 데이터가 없어 해당 지표 인사이트를 생성하지 않았다.
2026|시군구|부산|동구|overall,2026,시군구,부산,동구,종합,overall,종합 인사이트,,N,"2026년 부산 동구의 인구는 85,911명으로 부산 16개 시군구 중 15위이며 부산 인구의 2.63%다. 원자료상 우심피해액은 0원으로 기록되어 있으며, 다른 시군구 대비 피해부담 순위는 최하위권이다.",2026 파일의 인구는 2024년 12월 기준이고 피해액은 2015~2024년 누계이므로 2026년 단년 관측치로 해석하면 안 된다. 2024와 2026 파일의 시도별 인구·피해액 값이 동일하므로 연도 변화로 해석하지 않았다. 시군구 파일에는 주택·Z값·온실·소상공인 데이터가 없어 해당 지표 인사이트를 생성하지 않았다.
2026|시군구|부산|동구|damage,2026,시군구,부산,동구,원지표,damage,우심피해액,우심피해액(원),Y,2026년 부산 동구의 원자료상 우심피해액은 0원으로 부산 16개 시군구 내 공동 최하위다. 0원은 집계기간에 피해액이 기록되지 않았다는 의미이며 향후 재난위험이 없다는 뜻은 아니다.,2026 파일의 인구는 2024년 12월 기준이고 피해액은 2015~2024년 누계이므로 2026년 단년 관측치로 해석하면 안 된다. 2024와 2026 파일의 시도별 인구·피해액 값이 동일하므로 연도 변화로 해석하지 않았다. 시군구 파일에는 주택·Z값·온실·소상공인 데이터가 없어 해당 지표 인사이트를 생성하지 않았다.
2026|시군구|부산|동구|population,2026,시군구,부산,동구,원지표,population,인구수,인구수(건),Y,"2026년 부산 동구의 인구는 85,911명으로 부산 16개 시군구 중 15위이며 부산 전체의 2.63%를 차지한다. 부산 16개 시군구 평균의 0.42배다.",2026 파일의 인구는 2024년 12월 기준이고 피해액은 2015~2024년 누계이므로 2026년 단년 관측치로 해석하면 안 된다. 2024와 2026 파일의 시도별 인구·피해액 값이 동일하므로 연도 변화로 해석하지 않았다. 시군구 파일에는 주택·Z값·온실·소상공인 데이터가 없어 해당 지표 인사이트를 생성하지 않았다.
2026|시군구|부산|동구|damagePerCapita,2026,시군구,부산,동구,파생지표,damagePerCapita,1인당 우심피해액,,N,"2026년 부산 동구의 1인당 우심피해액은 0원으로 부산 16개 시군구 중 공동 최하위다. 부산 전체 인구 기준 평균 1인당 피해액의 0.00배이며, 원자료상 피해액은 0원으로 기록되어 있다.",2026 파일의 인구는 2024년 12월 기준이고 피해액은 2015~2024년 누계이므로 2026년 단년 관측치로 해석하면 안 된다. 2024와 2026 파일의 시도별 인구·피해액 값이 동일하므로 연도 변화로 해석하지 않았다. 시군구 파일에는 주택·Z값·온실·소상공인 데이터가 없어 해당 지표 인사이트를 생성하지 않았다.
2026|시군구|부산|동래구|overall,2026,시군구,부산,동래구,종합,overall,종합 인사이트,,N,"2026년 부산 동래구의 인구는 274,370명으로 부산 16개 시군구 중 4위이며 부산 인구의 8.40%다. 원자료상 우심피해액은 0원으로 기록되어 있으며, 다른 시군구 대비 피해부담 순위는 최하위권이다.",2026 파일의 인구는 2024년 12월 기준이고 피해액은 2015~2024년 누계이므로 2026년 단년 관측치로 해석하면 안 된다. 2024와 2026 파일의 시도별 인구·피해액 값이 동일하므로 연도 변화로 해석하지 않았다. 시군구 파일에는 주택·Z값·온실·소상공인 데이터가 없어 해당 지표 인사이트를 생성하지 않았다.
2026|시군구|부산|동래구|damage,2026,시군구,부산,동래구,원지표,damage,우심피해액,우심피해액(원),Y,2026년 부산 동래구의 원자료상 우심피해액은 0원으로 부산 16개 시군구 내 공동 최하위다. 0원은 집계기간에 피해액이 기록되지 않았다는 의미이며 향후 재난위험이 없다는 뜻은 아니다.,2026 파일의 인구는 2024년 12월 기준이고 피해액은 2015~2024년 누계이므로 2026년 단년 관측치로 해석하면 안 된다. 2024와 2026 파일의 시도별 인구·피해액 값이 동일하므로 연도 변화로 해석하지 않았다. 시군구 파일에는 주택·Z값·온실·소상공인 데이터가 없어 해당 지표 인사이트를 생성하지 않았다.
2026|시군구|부산|동래구|population,2026,시군구,부산,동래구,원지표,population,인구수,인구수(건),Y,"2026년 부산 동래구의 인구는 274,370명으로 부산 16개 시군구 중 4위이며 부산 전체의 8.40%를 차지한다. 부산 16개 시군구 평균의 1.34배다.",2026 파일의 인구는 2024년 12월 기준이고 피해액은 2015~2024년 누계이므로 2026년 단년 관측치로 해석하면 안 된다. 2024와 2026 파일의 시도별 인구·피해액 값이 동일하므로 연도 변화로 해석하지 않았다. 시군구 파일에는 주택·Z값·온실·소상공인 데이터가 없어 해당 지표 인사이트를 생성하지 않았다.
2026|시군구|부산|동래구|damagePerCapita,2026,시군구,부산,동래구,파생지표,damagePerCapita,1인당 우심피해액,,N,"2026년 부산 동래구의 1인당 우심피해액은 0원으로 부산 16개 시군구 중 공동 최하위다. 부산 전체 인구 기준 평균 1인당 피해액의 0.00배이며, 원자료상 피해액은 0원으로 기록되어 있다.",2026 파일의 인구는 2024년 12월 기준이고 피해액은 2015~2024년 누계이므로 2026년 단년 관측치로 해석하면 안 된다. 2024와 2026 파일의 시도별 인구·피해액 값이 동일하므로 연도 변화로 해석하지 않았다. 시군구 파일에는 주택·Z값·온실·소상공인 데이터가 없어 해당 지표 인사이트를 생성하지 않았다.
2026|시군구|부산|부산진구|overall,2026,시군구,부산,부산진구,종합,overall,종합 인사이트,,N,"2026년 부산 부산진구의 인구는 359,281명으로 부산 16개 시군구 중 2위이며 부산 인구의 11.00%다. 원자료상 우심피해액은 0원으로 기록되어 있으며, 다른 시군구 대비 피해부담 순위는 최하위권이다.",2026 파일의 인구는 2024년 12월 기준이고 피해액은 2015~2024년 누계이므로 2026년 단년 관측치로 해석하면 안 된다. 2024와 2026 파일의 시도별 인구·피해액 값이 동일하므로 연도 변화로 해석하지 않았다. 시군구 파일에는 주택·Z값·온실·소상공인 데이터가 없어 해당 지표 인사이트를 생성하지 않았다.
2026|시군구|부산|부산진구|damage,2026,시군구,부산,부산진구,원지표,damage,우심피해액,우심피해액(원),Y,2026년 부산 부산진구의 원자료상 우심피해액은 0원으로 부산 16개 시군구 내 공동 최하위다. 0원은 집계기간에 피해액이 기록되지 않았다는 의미이며 향후 재난위험이 없다는 뜻은 아니다.,2026 파일의 인구는 2024년 12월 기준이고 피해액은 2015~2024년 누계이므로 2026년 단년 관측치로 해석하면 안 된다. 2024와 2026 파일의 시도별 인구·피해액 값이 동일하므로 연도 변화로 해석하지 않았다. 시군구 파일에는 주택·Z값·온실·소상공인 데이터가 없어 해당 지표 인사이트를 생성하지 않았다.
2026|시군구|부산|부산진구|population,2026,시군구,부산,부산진구,원지표,population,인구수,인구수(건),Y,"2026년 부산 부산진구의 인구는 359,281명으로 부산 16개 시군구 중 2위이며 부산 전체의 11.00%를 차지한다. 부산 16개 시군구 평균의 1.76배다.",2026 파일의 인구는 2024년 12월 기준이고 피해액은 2015~2024년 누계이므로 2026년 단년 관측치로 해석하면 안 된다. 2024와 2026 파일의 시도별 인구·피해액 값이 동일하므로 연도 변화로 해석하지 않았다. 시군구 파일에는 주택·Z값·온실·소상공인 데이터가 없어 해당 지표 인사이트를 생성하지 않았다.
2026|시군구|부산|부산진구|damagePerCapita,2026,시군구,부산,부산진구,파생지표,damagePerCapita,1인당 우심피해액,,N,"2026년 부산 부산진구의 1인당 우심피해액은 0원으로 부산 16개 시군구 중 공동 최하위다. 부산 전체 인구 기준 평균 1인당 피해액의 0.00배이며, 원자료상 피해액은 0원으로 기록되어 있다.",2026 파일의 인구는 2024년 12월 기준이고 피해액은 2015~2024년 누계이므로 2026년 단년 관측치로 해석하면 안 된다. 2024와 2026 파일의 시도별 인구·피해액 값이 동일하므로 연도 변화로 해석하지 않았다. 시군구 파일에는 주택·Z값·온실·소상공인 데이터가 없어 해당 지표 인사이트를 생성하지 않았다.
2026|시군구|부산|북구|overall,2026,시군구,부산,북구,종합,overall,종합 인사이트,,N,"2026년 부산 북구의 인구는 267,692명으로 부산 16개 시군구 중 5위이며 부산 인구의 8.19%다. 원자료상 우심피해액은 0원으로 기록되어 있으며, 다른 시군구 대비 피해부담 순위는 최하위권이다.",2026 파일의 인구는 2024년 12월 기준이고 피해액은 2015~2024년 누계이므로 2026년 단년 관측치로 해석하면 안 된다. 2024와 2026 파일의 시도별 인구·피해액 값이 동일하므로 연도 변화로 해석하지 않았다. 시군구 파일에는 주택·Z값·온실·소상공인 데이터가 없어 해당 지표 인사이트를 생성하지 않았다.
2026|시군구|부산|북구|damage,2026,시군구,부산,북구,원지표,damage,우심피해액,우심피해액(원),Y,2026년 부산 북구의 원자료상 우심피해액은 0원으로 부산 16개 시군구 내 공동 최하위다. 0원은 집계기간에 피해액이 기록되지 않았다는 의미이며 향후 재난위험이 없다는 뜻은 아니다.,2026 파일의 인구는 2024년 12월 기준이고 피해액은 2015~2024년 누계이므로 2026년 단년 관측치로 해석하면 안 된다. 2024와 2026 파일의 시도별 인구·피해액 값이 동일하므로 연도 변화로 해석하지 않았다. 시군구 파일에는 주택·Z값·온실·소상공인 데이터가 없어 해당 지표 인사이트를 생성하지 않았다.
2026|시군구|부산|북구|population,2026,시군구,부산,북구,원지표,population,인구수,인구수(건),Y,"2026년 부산 북구의 인구는 267,692명으로 부산 16개 시군구 중 5위이며 부산 전체의 8.19%를 차지한다. 부산 16개 시군구 평균의 1.31배다.",2026 파일의 인구는 2024년 12월 기준이고 피해액은 2015~2024년 누계이므로 2026년 단년 관측치로 해석하면 안 된다. 2024와 2026 파일의 시도별 인구·피해액 값이 동일하므로 연도 변화로 해석하지 않았다. 시군구 파일에는 주택·Z값·온실·소상공인 데이터가 없어 해당 지표 인사이트를 생성하지 않았다.
2026|시군구|부산|북구|damagePerCapita,2026,시군구,부산,북구,파생지표,damagePerCapita,1인당 우심피해액,,N,"2026년 부산 북구의 1인당 우심피해액은 0원으로 부산 16개 시군구 중 공동 최하위다. 부산 전체 인구 기준 평균 1인당 피해액의 0.00배이며, 원자료상 피해액은 0원으로 기록되어 있다.",2026 파일의 인구는 2024년 12월 기준이고 피해액은 2015~2024년 누계이므로 2026년 단년 관측치로 해석하면 안 된다. 2024와 2026 파일의 시도별 인구·피해액 값이 동일하므로 연도 변화로 해석하지 않았다. 시군구 파일에는 주택·Z값·온실·소상공인 데이터가 없어 해당 지표 인사이트를 생성하지 않았다.
2026|시군구|부산|사상구|overall,2026,시군구,부산,사상구,종합,overall,종합 인사이트,,N,"2026년 부산 사상구의 인구는 198,635명으로 부산 16개 시군구 중 9위이며 부산 인구의 6.08%다. 원자료상 우심피해액은 0원으로 기록되어 있으며, 다른 시군구 대비 피해부담 순위는 최하위권이다.",2026 파일의 인구는 2024년 12월 기준이고 피해액은 2015~2024년 누계이므로 2026년 단년 관측치로 해석하면 안 된다. 2024와 2026 파일의 시도별 인구·피해액 값이 동일하므로 연도 변화로 해석하지 않았다. 시군구 파일에는 주택·Z값·온실·소상공인 데이터가 없어 해당 지표 인사이트를 생성하지 않았다.
2026|시군구|부산|사상구|damage,2026,시군구,부산,사상구,원지표,damage,우심피해액,우심피해액(원),Y,2026년 부산 사상구의 원자료상 우심피해액은 0원으로 부산 16개 시군구 내 공동 최하위다. 0원은 집계기간에 피해액이 기록되지 않았다는 의미이며 향후 재난위험이 없다는 뜻은 아니다.,2026 파일의 인구는 2024년 12월 기준이고 피해액은 2015~2024년 누계이므로 2026년 단년 관측치로 해석하면 안 된다. 2024와 2026 파일의 시도별 인구·피해액 값이 동일하므로 연도 변화로 해석하지 않았다. 시군구 파일에는 주택·Z값·온실·소상공인 데이터가 없어 해당 지표 인사이트를 생성하지 않았다.
2026|시군구|부산|사상구|population,2026,시군구,부산,사상구,원지표,population,인구수,인구수(건),Y,"2026년 부산 사상구의 인구는 198,635명으로 부산 16개 시군구 중 9위이며 부산 전체의 6.08%를 차지한다. 부산 16개 시군구 평균의 0.97배다.",2026 파일의 인구는 2024년 12월 기준이고 피해액은 2015~2024년 누계이므로 2026년 단년 관측치로 해석하면 안 된다. 2024와 2026 파일의 시도별 인구·피해액 값이 동일하므로 연도 변화로 해석하지 않았다. 시군구 파일에는 주택·Z값·온실·소상공인 데이터가 없어 해당 지표 인사이트를 생성하지 않았다.
2026|시군구|부산|사상구|damagePerCapita,2026,시군구,부산,사상구,파생지표,damagePerCapita,1인당 우심피해액,,N,"2026년 부산 사상구의 1인당 우심피해액은 0원으로 부산 16개 시군구 중 공동 최하위다. 부산 전체 인구 기준 평균 1인당 피해액의 0.00배이며, 원자료상 피해액은 0원으로 기록되어 있다.",2026 파일의 인구는 2024년 12월 기준이고 피해액은 2015~2024년 누계이므로 2026년 단년 관측치로 해석하면 안 된다. 2024와 2026 파일의 시도별 인구·피해액 값이 동일하므로 연도 변화로 해석하지 않았다. 시군구 파일에는 주택·Z값·온실·소상공인 데이터가 없어 해당 지표 인사이트를 생성하지 않았다.
2026|시군구|부산|사하구|overall,2026,시군구,부산,사하구,종합,overall,종합 인사이트,,N,"2026년 부산 사하구의 인구는 292,491명으로 부산 16개 시군구 중 3위다. 우심피해액은 191.8억 원(1위)이고, 1인당 피해액은 65,574원(1위)이며 피해비중은 인구비중의 5.58배다. 인구 규모에 비해 피해가 매우 크게 집중된 지역이다.",2026 파일의 인구는 2024년 12월 기준이고 피해액은 2015~2024년 누계이므로 2026년 단년 관측치로 해석하면 안 된다. 2024와 2026 파일의 시도별 인구·피해액 값이 동일하므로 연도 변화로 해석하지 않았다. 시군구 파일에는 주택·Z값·온실·소상공인 데이터가 없어 해당 지표 인사이트를 생성하지 않았다.
2026|시군구|부산|사하구|damage,2026,시군구,부산,사하구,원지표,damage,우심피해액,우심피해액(원),Y,"2026년 부산 사하구의 우심피해액은 191.8억 원으로, 부산 16개 시군구 중 1위이며 부산 전체의 49.94%다. 1인당 피해액은 65,574원이고 피해비중/인구비중은 5.58배다.",2026 파일의 인구는 2024년 12월 기준이고 피해액은 2015~2024년 누계이므로 2026년 단년 관측치로 해석하면 안 된다. 2024와 2026 파일의 시도별 인구·피해액 값이 동일하므로 연도 변화로 해석하지 않았다. 시군구 파일에는 주택·Z값·온실·소상공인 데이터가 없어 해당 지표 인사이트를 생성하지 않았다.
2026|시군구|부산|사하구|population,2026,시군구,부산,사하구,원지표,population,인구수,인구수(건),Y,"2026년 부산 사하구의 인구는 292,491명으로 부산 16개 시군구 중 3위이며 부산 전체의 8.95%를 차지한다. 부산 16개 시군구 평균의 1.43배다.",2026 파일의 인구는 2024년 12월 기준이고 피해액은 2015~2024년 누계이므로 2026년 단년 관측치로 해석하면 안 된다. 2024와 2026 파일의 시도별 인구·피해액 값이 동일하므로 연도 변화로 해석하지 않았다. 시군구 파일에는 주택·Z값·온실·소상공인 데이터가 없어 해당 지표 인사이트를 생성하지 않았다.
2026|시군구|부산|사하구|damagePerCapita,2026,시군구,부산,사하구,파생지표,damagePerCapita,1인당 우심피해액,,N,"2026년 부산 사하구의 1인당 우심피해액은 65,574원으로 부산 16개 시군구 중 1위다. 부산 전체 인구 기준 평균 1인당 피해액의 5.58배이며, 인구 규모에 비해 피해가 매우 크게 집중된 지역이다.",2026 파일의 인구는 2024년 12월 기준이고 피해액은 2015~2024년 누계이므로 2026년 단년 관측치로 해석하면 안 된다. 2024와 2026 파일의 시도별 인구·피해액 값이 동일하므로 연도 변화로 해석하지 않았다. 시군구 파일에는 주택·Z값·온실·소상공인 데이터가 없어 해당 지표 인사이트를 생성하지 않았다.
2026|시군구|부산|서구|overall,2026,시군구,부산,서구,종합,overall,종합 인사이트,,N,"2026년 부산 서구의 인구는 103,188명으로 부산 16개 시군구 중 14위다. 우심피해액은 42.8억 원(4위)이고, 1인당 피해액은 41,521원(2위)이며 피해비중은 인구비중의 3.53배다. 인구 규모에 비해 피해가 매우 크게 집중된 지역이다.",2026 파일의 인구는 2024년 12월 기준이고 피해액은 2015~2024년 누계이므로 2026년 단년 관측치로 해석하면 안 된다. 2024와 2026 파일의 시도별 인구·피해액 값이 동일하므로 연도 변화로 해석하지 않았다. 시군구 파일에는 주택·Z값·온실·소상공인 데이터가 없어 해당 지표 인사이트를 생성하지 않았다.
2026|시군구|부산|서구|damage,2026,시군구,부산,서구,원지표,damage,우심피해액,우심피해액(원),Y,"2026년 부산 서구의 우심피해액은 42.8억 원으로, 부산 16개 시군구 중 4위이며 부산 전체의 11.16%다. 1인당 피해액은 41,521원이고 피해비중/인구비중은 3.53배다.",2026 파일의 인구는 2024년 12월 기준이고 피해액은 2015~2024년 누계이므로 2026년 단년 관측치로 해석하면 안 된다. 2024와 2026 파일의 시도별 인구·피해액 값이 동일하므로 연도 변화로 해석하지 않았다. 시군구 파일에는 주택·Z값·온실·소상공인 데이터가 없어 해당 지표 인사이트를 생성하지 않았다.
2026|시군구|부산|서구|population,2026,시군구,부산,서구,원지표,population,인구수,인구수(건),Y,"2026년 부산 서구의 인구는 103,188명으로 부산 16개 시군구 중 14위이며 부산 전체의 3.16%를 차지한다. 부산 16개 시군구 평균의 0.51배다.",2026 파일의 인구는 2024년 12월 기준이고 피해액은 2015~2024년 누계이므로 2026년 단년 관측치로 해석하면 안 된다. 2024와 2026 파일의 시도별 인구·피해액 값이 동일하므로 연도 변화로 해석하지 않았다. 시군구 파일에는 주택·Z값·온실·소상공인 데이터가 없어 해당 지표 인사이트를 생성하지 않았다.
2026|시군구|부산|서구|damagePerCapita,2026,시군구,부산,서구,파생지표,damagePerCapita,1인당 우심피해액,,N,"2026년 부산 서구의 1인당 우심피해액은 41,521원으로 부산 16개 시군구 중 2위다. 부산 전체 인구 기준 평균 1인당 피해액의 3.53배이며, 인구 규모에 비해 피해가 매우 크게 집중된 지역이다.",2026 파일의 인구는 2024년 12월 기준이고 피해액은 2015~2024년 누계이므로 2026년 단년 관측치로 해석하면 안 된다. 2024와 2026 파일의 시도별 인구·피해액 값이 동일하므로 연도 변화로 해석하지 않았다. 시군구 파일에는 주택·Z값·온실·소상공인 데이터가 없어 해당 지표 인사이트를 생성하지 않았다.
2026|시군구|부산|수영구|overall,2026,시군구,부산,수영구,종합,overall,종합 인사이트,,N,"2026년 부산 수영구의 인구는 171,918명으로 부산 16개 시군구 중 11위다. 우심피해액은 34.0억 원(5위)이고, 1인당 피해액은 19,755원(4위)이며 피해비중은 인구비중의 1.68배다. 인구 규모보다 피해 부담이 뚜렷하게 높은 편이다.",2026 파일의 인구는 2024년 12월 기준이고 피해액은 2015~2024년 누계이므로 2026년 단년 관측치로 해석하면 안 된다. 2024와 2026 파일의 시도별 인구·피해액 값이 동일하므로 연도 변화로 해석하지 않았다. 시군구 파일에는 주택·Z값·온실·소상공인 데이터가 없어 해당 지표 인사이트를 생성하지 않았다.
2026|시군구|부산|수영구|damage,2026,시군구,부산,수영구,원지표,damage,우심피해액,우심피해액(원),Y,"2026년 부산 수영구의 우심피해액은 34.0억 원으로, 부산 16개 시군구 중 5위이며 부산 전체의 8.84%다. 1인당 피해액은 19,755원이고 피해비중/인구비중은 1.68배다.",2026 파일의 인구는 2024년 12월 기준이고 피해액은 2015~2024년 누계이므로 2026년 단년 관측치로 해석하면 안 된다. 2024와 2026 파일의 시도별 인구·피해액 값이 동일하므로 연도 변화로 해석하지 않았다. 시군구 파일에는 주택·Z값·온실·소상공인 데이터가 없어 해당 지표 인사이트를 생성하지 않았다.
2026|시군구|부산|수영구|population,2026,시군구,부산,수영구,원지표,population,인구수,인구수(건),Y,"2026년 부산 수영구의 인구는 171,918명으로 부산 16개 시군구 중 11위이며 부산 전체의 5.26%를 차지한다. 부산 16개 시군구 평균의 0.84배다.",2026 파일의 인구는 2024년 12월 기준이고 피해액은 2015~2024년 누계이므로 2026년 단년 관측치로 해석하면 안 된다. 2024와 2026 파일의 시도별 인구·피해액 값이 동일하므로 연도 변화로 해석하지 않았다. 시군구 파일에는 주택·Z값·온실·소상공인 데이터가 없어 해당 지표 인사이트를 생성하지 않았다.
2026|시군구|부산|수영구|damagePerCapita,2026,시군구,부산,수영구,파생지표,damagePerCapita,1인당 우심피해액,,N,"2026년 부산 수영구의 1인당 우심피해액은 19,755원으로 부산 16개 시군구 중 4위다. 부산 전체 인구 기준 평균 1인당 피해액의 1.68배이며, 인구 규모보다 피해 부담이 뚜렷하게 높은 편이다.",2026 파일의 인구는 2024년 12월 기준이고 피해액은 2015~2024년 누계이므로 2026년 단년 관측치로 해석하면 안 된다. 2024와 2026 파일의 시도별 인구·피해액 값이 동일하므로 연도 변화로 해석하지 않았다. 시군구 파일에는 주택·Z값·온실·소상공인 데이터가 없어 해당 지표 인사이트를 생성하지 않았다.
2026|시군구|부산|연제구|overall,2026,시군구,부산,연제구,종합,overall,종합 인사이트,,N,"2026년 부산 연제구의 인구는 212,589명으로 부산 16개 시군구 중 7위이며 부산 인구의 6.51%다. 원자료상 우심피해액은 0원으로 기록되어 있으며, 다른 시군구 대비 피해부담 순위는 최하위권이다.",2026 파일의 인구는 2024년 12월 기준이고 피해액은 2015~2024년 누계이므로 2026년 단년 관측치로 해석하면 안 된다. 2024와 2026 파일의 시도별 인구·피해액 값이 동일하므로 연도 변화로 해석하지 않았다. 시군구 파일에는 주택·Z값·온실·소상공인 데이터가 없어 해당 지표 인사이트를 생성하지 않았다.
2026|시군구|부산|연제구|damage,2026,시군구,부산,연제구,원지표,damage,우심피해액,우심피해액(원),Y,2026년 부산 연제구의 원자료상 우심피해액은 0원으로 부산 16개 시군구 내 공동 최하위다. 0원은 집계기간에 피해액이 기록되지 않았다는 의미이며 향후 재난위험이 없다는 뜻은 아니다.,2026 파일의 인구는 2024년 12월 기준이고 피해액은 2015~2024년 누계이므로 2026년 단년 관측치로 해석하면 안 된다. 2024와 2026 파일의 시도별 인구·피해액 값이 동일하므로 연도 변화로 해석하지 않았다. 시군구 파일에는 주택·Z값·온실·소상공인 데이터가 없어 해당 지표 인사이트를 생성하지 않았다.
2026|시군구|부산|연제구|population,2026,시군구,부산,연제구,원지표,population,인구수,인구수(건),Y,"2026년 부산 연제구의 인구는 212,589명으로 부산 16개 시군구 중 7위이며 부산 전체의 6.51%를 차지한다. 부산 16개 시군구 평균의 1.04배다.",2026 파일의 인구는 2024년 12월 기준이고 피해액은 2015~2024년 누계이므로 2026년 단년 관측치로 해석하면 안 된다. 2024와 2026 파일의 시도별 인구·피해액 값이 동일하므로 연도 변화로 해석하지 않았다. 시군구 파일에는 주택·Z값·온실·소상공인 데이터가 없어 해당 지표 인사이트를 생성하지 않았다.
2026|시군구|부산|연제구|damagePerCapita,2026,시군구,부산,연제구,파생지표,damagePerCapita,1인당 우심피해액,,N,"2026년 부산 연제구의 1인당 우심피해액은 0원으로 부산 16개 시군구 중 공동 최하위다. 부산 전체 인구 기준 평균 1인당 피해액의 0.00배이며, 원자료상 피해액은 0원으로 기록되어 있다.",2026 파일의 인구는 2024년 12월 기준이고 피해액은 2015~2024년 누계이므로 2026년 단년 관측치로 해석하면 안 된다. 2024와 2026 파일의 시도별 인구·피해액 값이 동일하므로 연도 변화로 해석하지 않았다. 시군구 파일에는 주택·Z값·온실·소상공인 데이터가 없어 해당 지표 인사이트를 생성하지 않았다.
2026|시군구|부산|영도구|overall,2026,시군구,부산,영도구,종합,overall,종합 인사이트,,N,"2026년 부산 영도구의 인구는 103,737명으로 부산 16개 시군구 중 13위이며 부산 인구의 3.18%다. 원자료상 우심피해액은 0원으로 기록되어 있으며, 다른 시군구 대비 피해부담 순위는 최하위권이다.",2026 파일의 인구는 2024년 12월 기준이고 피해액은 2015~2024년 누계이므로 2026년 단년 관측치로 해석하면 안 된다. 2024와 2026 파일의 시도별 인구·피해액 값이 동일하므로 연도 변화로 해석하지 않았다. 시군구 파일에는 주택·Z값·온실·소상공인 데이터가 없어 해당 지표 인사이트를 생성하지 않았다.
2026|시군구|부산|영도구|damage,2026,시군구,부산,영도구,원지표,damage,우심피해액,우심피해액(원),Y,2026년 부산 영도구의 원자료상 우심피해액은 0원으로 부산 16개 시군구 내 공동 최하위다. 0원은 집계기간에 피해액이 기록되지 않았다는 의미이며 향후 재난위험이 없다는 뜻은 아니다.,2026 파일의 인구는 2024년 12월 기준이고 피해액은 2015~2024년 누계이므로 2026년 단년 관측치로 해석하면 안 된다. 2024와 2026 파일의 시도별 인구·피해액 값이 동일하므로 연도 변화로 해석하지 않았다. 시군구 파일에는 주택·Z값·온실·소상공인 데이터가 없어 해당 지표 인사이트를 생성하지 않았다.
2026|시군구|부산|영도구|population,2026,시군구,부산,영도구,원지표,population,인구수,인구수(건),Y,"2026년 부산 영도구의 인구는 103,737명으로 부산 16개 시군구 중 13위이며 부산 전체의 3.18%를 차지한다. 부산 16개 시군구 평균의 0.51배다.",2026 파일의 인구는 2024년 12월 기준이고 피해액은 2015~2024년 누계이므로 2026년 단년 관측치로 해석하면 안 된다. 2024와 2026 파일의 시도별 인구·피해액 값이 동일하므로 연도 변화로 해석하지 않았다. 시군구 파일에는 주택·Z값·온실·소상공인 데이터가 없어 해당 지표 인사이트를 생성하지 않았다.
2026|시군구|부산|영도구|damagePerCapita,2026,시군구,부산,영도구,파생지표,damagePerCapita,1인당 우심피해액,,N,"2026년 부산 영도구의 1인당 우심피해액은 0원으로 부산 16개 시군구 중 공동 최하위다. 부산 전체 인구 기준 평균 1인당 피해액의 0.00배이며, 원자료상 피해액은 0원으로 기록되어 있다.",2026 파일의 인구는 2024년 12월 기준이고 피해액은 2015~2024년 누계이므로 2026년 단년 관측치로 해석하면 안 된다. 2024와 2026 파일의 시도별 인구·피해액 값이 동일하므로 연도 변화로 해석하지 않았다. 시군구 파일에는 주택·Z값·온실·소상공인 데이터가 없어 해당 지표 인사이트를 생성하지 않았다.
2026|시군구|부산|중구|overall,2026,시군구,부산,중구,종합,overall,종합 인사이트,,N,"2026년 부산 중구의 인구는 37,537명으로 부산 16개 시군구 중 16위(최하위)이며 부산 인구의 1.15%다. 원자료상 우심피해액은 0원으로 기록되어 있으며, 다른 시군구 대비 피해부담 순위는 최하위권이다.",2026 파일의 인구는 2024년 12월 기준이고 피해액은 2015~2024년 누계이므로 2026년 단년 관측치로 해석하면 안 된다. 2024와 2026 파일의 시도별 인구·피해액 값이 동일하므로 연도 변화로 해석하지 않았다. 시군구 파일에는 주택·Z값·온실·소상공인 데이터가 없어 해당 지표 인사이트를 생성하지 않았다.
2026|시군구|부산|중구|damage,2026,시군구,부산,중구,원지표,damage,우심피해액,우심피해액(원),Y,2026년 부산 중구의 원자료상 우심피해액은 0원으로 부산 16개 시군구 내 공동 최하위다. 0원은 집계기간에 피해액이 기록되지 않았다는 의미이며 향후 재난위험이 없다는 뜻은 아니다.,2026 파일의 인구는 2024년 12월 기준이고 피해액은 2015~2024년 누계이므로 2026년 단년 관측치로 해석하면 안 된다. 2024와 2026 파일의 시도별 인구·피해액 값이 동일하므로 연도 변화로 해석하지 않았다. 시군구 파일에는 주택·Z값·온실·소상공인 데이터가 없어 해당 지표 인사이트를 생성하지 않았다.
2026|시군구|부산|중구|population,2026,시군구,부산,중구,원지표,population,인구수,인구수(건),Y,"2026년 부산 중구의 인구는 37,537명으로 부산 16개 시군구 중 16위(최하위)이며 부산 전체의 1.15%를 차지한다. 부산 16개 시군구 평균의 0.18배다.",2026 파일의 인구는 2024년 12월 기준이고 피해액은 2015~2024년 누계이므로 2026년 단년 관측치로 해석하면 안 된다. 2024와 2026 파일의 시도별 인구·피해액 값이 동일하므로 연도 변화로 해석하지 않았다. 시군구 파일에는 주택·Z값·온실·소상공인 데이터가 없어 해당 지표 인사이트를 생성하지 않았다.
2026|시군구|부산|중구|damagePerCapita,2026,시군구,부산,중구,파생지표,damagePerCapita,1인당 우심피해액,,N,"2026년 부산 중구의 1인당 우심피해액은 0원으로 부산 16개 시군구 중 공동 최하위다. 부산 전체 인구 기준 평균 1인당 피해액의 0.00배이며, 원자료상 피해액은 0원으로 기록되어 있다.",2026 파일의 인구는 2024년 12월 기준이고 피해액은 2015~2024년 누계이므로 2026년 단년 관측치로 해석하면 안 된다. 2024와 2026 파일의 시도별 인구·피해액 값이 동일하므로 연도 변화로 해석하지 않았다. 시군구 파일에는 주택·Z값·온실·소상공인 데이터가 없어 해당 지표 인사이트를 생성하지 않았다.
2026|시군구|부산|해운대구|overall,2026,시군구,부산,해운대구,종합,overall,종합 인사이트,,N,"2026년 부산 해운대구의 인구는 376,404명으로 부산 16개 시군구 중 1위다. 우심피해액은 44.2억 원(3위)이고, 1인당 피해액은 11,753원(5위)이며 피해비중은 인구비중의 1.00배다. 인구 비중과 피해 비중이 대체로 비슷한 수준이다.",2026 파일의 인구는 2024년 12월 기준이고 피해액은 2015~2024년 누계이므로 2026년 단년 관측치로 해석하면 안 된다. 2024와 2026 파일의 시도별 인구·피해액 값이 동일하므로 연도 변화로 해석하지 않았다. 시군구 파일에는 주택·Z값·온실·소상공인 데이터가 없어 해당 지표 인사이트를 생성하지 않았다.
2026|시군구|부산|해운대구|damage,2026,시군구,부산,해운대구,원지표,damage,우심피해액,우심피해액(원),Y,"2026년 부산 해운대구의 우심피해액은 44.2억 원으로, 부산 16개 시군구 중 3위이며 부산 전체의 11.52%다. 1인당 피해액은 11,753원이고 피해비중/인구비중은 1.00배다.",2026 파일의 인구는 2024년 12월 기준이고 피해액은 2015~2024년 누계이므로 2026년 단년 관측치로 해석하면 안 된다. 2024와 2026 파일의 시도별 인구·피해액 값이 동일하므로 연도 변화로 해석하지 않았다. 시군구 파일에는 주택·Z값·온실·소상공인 데이터가 없어 해당 지표 인사이트를 생성하지 않았다.
2026|시군구|부산|해운대구|population,2026,시군구,부산,해운대구,원지표,population,인구수,인구수(건),Y,"2026년 부산 해운대구의 인구는 376,404명으로 부산 16개 시군구 중 1위이며 부산 전체의 11.52%를 차지한다. 부산 16개 시군구 평균의 1.84배다.",2026 파일의 인구는 2024년 12월 기준이고 피해액은 2015~2024년 누계이므로 2026년 단년 관측치로 해석하면 안 된다. 2024와 2026 파일의 시도별 인구·피해액 값이 동일하므로 연도 변화로 해석하지 않았다. 시군구 파일에는 주택·Z값·온실·소상공인 데이터가 없어 해당 지표 인사이트를 생성하지 않았다.
2026|시군구|부산|해운대구|damagePerCapita,2026,시군구,부산,해운대구,파생지표,damagePerCapita,1인당 우심피해액,,N,"2026년 부산 해운대구의 1인당 우심피해액은 11,753원으로 부산 16개 시군구 중 5위다. 부산 전체 인구 기준 평균 1인당 피해액의 1.00배이며, 인구 비중과 피해 비중이 대체로 비슷한 수준이다.",2026 파일의 인구는 2024년 12월 기준이고 피해액은 2015~2024년 누계이므로 2026년 단년 관측치로 해석하면 안 된다. 2024와 2026 파일의 시도별 인구·피해액 값이 동일하므로 연도 변화로 해석하지 않았다. 시군구 파일에는 주택·Z값·온실·소상공인 데이터가 없어 해당 지표 인사이트를 생성하지 않았다.
2026|시군구|대구|군위군|overall,2026,시군구,대구,군위군,종합,overall,종합 인사이트,,N,"2026년 대구 군위군의 인구는 22,463명으로 대구 9개 시군구 중 9위(최하위)다. 우심피해액은 104.7억 원(1위)이고, 1인당 피해액은 465,944원(1위)이며 피해비중은 인구비중의 105.22배다. 인구 규모에 비해 피해가 매우 크게 집중된 지역이다.",2026 파일의 인구는 2024년 12월 기준이고 피해액은 2015~2024년 누계이므로 2026년 단년 관측치로 해석하면 안 된다. 2024와 2026 파일의 시도별 인구·피해액 값이 동일하므로 연도 변화로 해석하지 않았다. 시군구 파일에는 주택·Z값·온실·소상공인 데이터가 없어 해당 지표 인사이트를 생성하지 않았다.
2026|시군구|대구|군위군|damage,2026,시군구,대구,군위군,원지표,damage,우심피해액,우심피해액(원),Y,"2026년 대구 군위군의 우심피해액은 104.7억 원으로, 대구 9개 시군구 중 1위이며 대구 전체의 100.00%다. 1인당 피해액은 465,944원이고 피해비중/인구비중은 105.22배다.",2026 파일의 인구는 2024년 12월 기준이고 피해액은 2015~2024년 누계이므로 2026년 단년 관측치로 해석하면 안 된다. 2024와 2026 파일의 시도별 인구·피해액 값이 동일하므로 연도 변화로 해석하지 않았다. 시군구 파일에는 주택·Z값·온실·소상공인 데이터가 없어 해당 지표 인사이트를 생성하지 않았다.
2026|시군구|대구|군위군|population,2026,시군구,대구,군위군,원지표,population,인구수,인구수(건),Y,"2026년 대구 군위군의 인구는 22,463명으로 대구 9개 시군구 중 9위(최하위)이며 대구 전체의 0.95%를 차지한다. 대구 9개 시군구 평균의 0.09배다.",2026 파일의 인구는 2024년 12월 기준이고 피해액은 2015~2024년 누계이므로 2026년 단년 관측치로 해석하면 안 된다. 2024와 2026 파일의 시도별 인구·피해액 값이 동일하므로 연도 변화로 해석하지 않았다. 시군구 파일에는 주택·Z값·온실·소상공인 데이터가 없어 해당 지표 인사이트를 생성하지 않았다.
2026|시군구|대구|군위군|damagePerCapita,2026,시군구,대구,군위군,파생지표,damagePerCapita,1인당 우심피해액,,N,"2026년 대구 군위군의 1인당 우심피해액은 465,944원으로 대구 9개 시군구 중 1위다. 대구 전체 인구 기준 평균 1인당 피해액의 105.22배이며, 인구 규모에 비해 피해가 매우 크게 집중된 지역이다.",2026 파일의 인구는 2024년 12월 기준이고 피해액은 2015~2024년 누계이므로 2026년 단년 관측치로 해석하면 안 된다. 2024와 2026 파일의 시도별 인구·피해액 값이 동일하므로 연도 변화로 해석하지 않았다. 시군구 파일에는 주택·Z값·온실·소상공인 데이터가 없어 해당 지표 인사이트를 생성하지 않았다.
2026|시군구|대구|남구|overall,2026,시군구,대구,남구,종합,overall,종합 인사이트,,N,"2026년 대구 남구의 인구는 136,263명으로 대구 9개 시군구 중 7위이며 대구 인구의 5.76%다. 원자료상 우심피해액은 0원으로 기록되어 있으며, 다른 시군구 대비 피해부담 순위는 최하위권이다.",2026 파일의 인구는 2024년 12월 기준이고 피해액은 2015~2024년 누계이므로 2026년 단년 관측치로 해석하면 안 된다. 2024와 2026 파일의 시도별 인구·피해액 값이 동일하므로 연도 변화로 해석하지 않았다. 시군구 파일에는 주택·Z값·온실·소상공인 데이터가 없어 해당 지표 인사이트를 생성하지 않았다.
2026|시군구|대구|남구|damage,2026,시군구,대구,남구,원지표,damage,우심피해액,우심피해액(원),Y,2026년 대구 남구의 원자료상 우심피해액은 0원으로 대구 9개 시군구 내 공동 최하위다. 0원은 집계기간에 피해액이 기록되지 않았다는 의미이며 향후 재난위험이 없다는 뜻은 아니다.,2026 파일의 인구는 2024년 12월 기준이고 피해액은 2015~2024년 누계이므로 2026년 단년 관측치로 해석하면 안 된다. 2024와 2026 파일의 시도별 인구·피해액 값이 동일하므로 연도 변화로 해석하지 않았다. 시군구 파일에는 주택·Z값·온실·소상공인 데이터가 없어 해당 지표 인사이트를 생성하지 않았다.
2026|시군구|대구|남구|population,2026,시군구,대구,남구,원지표,population,인구수,인구수(건),Y,"2026년 대구 남구의 인구는 136,263명으로 대구 9개 시군구 중 7위이며 대구 전체의 5.76%를 차지한다. 대구 9개 시군구 평균의 0.52배다.",2026 파일의 인구는 2024년 12월 기준이고 피해액은 2015~2024년 누계이므로 2026년 단년 관측치로 해석하면 안 된다. 2024와 2026 파일의 시도별 인구·피해액 값이 동일하므로 연도 변화로 해석하지 않았다. 시군구 파일에는 주택·Z값·온실·소상공인 데이터가 없어 해당 지표 인사이트를 생성하지 않았다.
2026|시군구|대구|남구|damagePerCapita,2026,시군구,대구,남구,파생지표,damagePerCapita,1인당 우심피해액,,N,"2026년 대구 남구의 1인당 우심피해액은 0원으로 대구 9개 시군구 중 공동 최하위다. 대구 전체 인구 기준 평균 1인당 피해액의 0.00배이며, 원자료상 피해액은 0원으로 기록되어 있다.",2026 파일의 인구는 2024년 12월 기준이고 피해액은 2015~2024년 누계이므로 2026년 단년 관측치로 해석하면 안 된다. 2024와 2026 파일의 시도별 인구·피해액 값이 동일하므로 연도 변화로 해석하지 않았다. 시군구 파일에는 주택·Z값·온실·소상공인 데이터가 없어 해당 지표 인사이트를 생성하지 않았다.
2026|시군구|대구|달서구|overall,2026,시군구,대구,달서구,종합,overall,종합 인사이트,,N,"2026년 대구 달서구의 인구는 522,021명으로 대구 9개 시군구 중 1위이며 대구 인구의 22.09%다. 원자료상 우심피해액은 0원으로 기록되어 있으며, 다른 시군구 대비 피해부담 순위는 최하위권이다.",2026 파일의 인구는 2024년 12월 기준이고 피해액은 2015~2024년 누계이므로 2026년 단년 관측치로 해석하면 안 된다. 2024와 2026 파일의 시도별 인구·피해액 값이 동일하므로 연도 변화로 해석하지 않았다. 시군구 파일에는 주택·Z값·온실·소상공인 데이터가 없어 해당 지표 인사이트를 생성하지 않았다.
2026|시군구|대구|달서구|damage,2026,시군구,대구,달서구,원지표,damage,우심피해액,우심피해액(원),Y,2026년 대구 달서구의 원자료상 우심피해액은 0원으로 대구 9개 시군구 내 공동 최하위다. 0원은 집계기간에 피해액이 기록되지 않았다는 의미이며 향후 재난위험이 없다는 뜻은 아니다.,2026 파일의 인구는 2024년 12월 기준이고 피해액은 2015~2024년 누계이므로 2026년 단년 관측치로 해석하면 안 된다. 2024와 2026 파일의 시도별 인구·피해액 값이 동일하므로 연도 변화로 해석하지 않았다. 시군구 파일에는 주택·Z값·온실·소상공인 데이터가 없어 해당 지표 인사이트를 생성하지 않았다.
2026|시군구|대구|달서구|population,2026,시군구,대구,달서구,원지표,population,인구수,인구수(건),Y,"2026년 대구 달서구의 인구는 522,021명으로 대구 9개 시군구 중 1위이며 대구 전체의 22.09%를 차지한다. 대구 9개 시군구 평균의 1.99배다.",2026 파일의 인구는 2024년 12월 기준이고 피해액은 2015~2024년 누계이므로 2026년 단년 관측치로 해석하면 안 된다. 2024와 2026 파일의 시도별 인구·피해액 값이 동일하므로 연도 변화로 해석하지 않았다. 시군구 파일에는 주택·Z값·온실·소상공인 데이터가 없어 해당 지표 인사이트를 생성하지 않았다.
2026|시군구|대구|달서구|damagePerCapita,2026,시군구,대구,달서구,파생지표,damagePerCapita,1인당 우심피해액,,N,"2026년 대구 달서구의 1인당 우심피해액은 0원으로 대구 9개 시군구 중 공동 최하위다. 대구 전체 인구 기준 평균 1인당 피해액의 0.00배이며, 원자료상 피해액은 0원으로 기록되어 있다.",2026 파일의 인구는 2024년 12월 기준이고 피해액은 2015~2024년 누계이므로 2026년 단년 관측치로 해석하면 안 된다. 2024와 2026 파일의 시도별 인구·피해액 값이 동일하므로 연도 변화로 해석하지 않았다. 시군구 파일에는 주택·Z값·온실·소상공인 데이터가 없어 해당 지표 인사이트를 생성하지 않았다.
2026|시군구|대구|달성군|overall,2026,시군구,대구,달성군,종합,overall,종합 인사이트,,N,"2026년 대구 달성군의 인구는 257,580명으로 대구 9개 시군구 중 5위이며 대구 인구의 10.90%다. 원자료상 우심피해액은 0원으로 기록되어 있으며, 다른 시군구 대비 피해부담 순위는 최하위권이다.",2026 파일의 인구는 2024년 12월 기준이고 피해액은 2015~2024년 누계이므로 2026년 단년 관측치로 해석하면 안 된다. 2024와 2026 파일의 시도별 인구·피해액 값이 동일하므로 연도 변화로 해석하지 않았다. 시군구 파일에는 주택·Z값·온실·소상공인 데이터가 없어 해당 지표 인사이트를 생성하지 않았다.
2026|시군구|대구|달성군|damage,2026,시군구,대구,달성군,원지표,damage,우심피해액,우심피해액(원),Y,2026년 대구 달성군의 원자료상 우심피해액은 0원으로 대구 9개 시군구 내 공동 최하위다. 0원은 집계기간에 피해액이 기록되지 않았다는 의미이며 향후 재난위험이 없다는 뜻은 아니다.,2026 파일의 인구는 2024년 12월 기준이고 피해액은 2015~2024년 누계이므로 2026년 단년 관측치로 해석하면 안 된다. 2024와 2026 파일의 시도별 인구·피해액 값이 동일하므로 연도 변화로 해석하지 않았다. 시군구 파일에는 주택·Z값·온실·소상공인 데이터가 없어 해당 지표 인사이트를 생성하지 않았다.
2026|시군구|대구|달성군|population,2026,시군구,대구,달성군,원지표,population,인구수,인구수(건),Y,"2026년 대구 달성군의 인구는 257,580명으로 대구 9개 시군구 중 5위이며 대구 전체의 10.90%를 차지한다. 대구 9개 시군구 평균의 0.98배다.",2026 파일의 인구는 2024년 12월 기준이고 피해액은 2015~2024년 누계이므로 2026년 단년 관측치로 해석하면 안 된다. 2024와 2026 파일의 시도별 인구·피해액 값이 동일하므로 연도 변화로 해석하지 않았다. 시군구 파일에는 주택·Z값·온실·소상공인 데이터가 없어 해당 지표 인사이트를 생성하지 않았다.
2026|시군구|대구|달성군|damagePerCapita,2026,시군구,대구,달성군,파생지표,damagePerCapita,1인당 우심피해액,,N,"2026년 대구 달성군의 1인당 우심피해액은 0원으로 대구 9개 시군구 중 공동 최하위다. 대구 전체 인구 기준 평균 1인당 피해액의 0.00배이며, 원자료상 피해액은 0원으로 기록되어 있다.",2026 파일의 인구는 2024년 12월 기준이고 피해액은 2015~2024년 누계이므로 2026년 단년 관측치로 해석하면 안 된다. 2024와 2026 파일의 시도별 인구·피해액 값이 동일하므로 연도 변화로 해석하지 않았다. 시군구 파일에는 주택·Z값·온실·소상공인 데이터가 없어 해당 지표 인사이트를 생성하지 않았다.
2026|시군구|대구|동구|overall,2026,시군구,대구,동구,종합,overall,종합 인사이트,,N,"2026년 대구 동구의 인구는 342,339명으로 대구 9개 시군구 중 4위이며 대구 인구의 14.48%다. 원자료상 우심피해액은 0원으로 기록되어 있으며, 다른 시군구 대비 피해부담 순위는 최하위권이다.",2026 파일의 인구는 2024년 12월 기준이고 피해액은 2015~2024년 누계이므로 2026년 단년 관측치로 해석하면 안 된다. 2024와 2026 파일의 시도별 인구·피해액 값이 동일하므로 연도 변화로 해석하지 않았다. 시군구 파일에는 주택·Z값·온실·소상공인 데이터가 없어 해당 지표 인사이트를 생성하지 않았다.
2026|시군구|대구|동구|damage,2026,시군구,대구,동구,원지표,damage,우심피해액,우심피해액(원),Y,2026년 대구 동구의 원자료상 우심피해액은 0원으로 대구 9개 시군구 내 공동 최하위다. 0원은 집계기간에 피해액이 기록되지 않았다는 의미이며 향후 재난위험이 없다는 뜻은 아니다.,2026 파일의 인구는 2024년 12월 기준이고 피해액은 2015~2024년 누계이므로 2026년 단년 관측치로 해석하면 안 된다. 2024와 2026 파일의 시도별 인구·피해액 값이 동일하므로 연도 변화로 해석하지 않았다. 시군구 파일에는 주택·Z값·온실·소상공인 데이터가 없어 해당 지표 인사이트를 생성하지 않았다.
2026|시군구|대구|동구|population,2026,시군구,대구,동구,원지표,population,인구수,인구수(건),Y,"2026년 대구 동구의 인구는 342,339명으로 대구 9개 시군구 중 4위이며 대구 전체의 14.48%를 차지한다. 대구 9개 시군구 평균의 1.30배다.",2026 파일의 인구는 2024년 12월 기준이고 피해액은 2015~2024년 누계이므로 2026년 단년 관측치로 해석하면 안 된다. 2024와 2026 파일의 시도별 인구·피해액 값이 동일하므로 연도 변화로 해석하지 않았다. 시군구 파일에는 주택·Z값·온실·소상공인 데이터가 없어 해당 지표 인사이트를 생성하지 않았다.
2026|시군구|대구|동구|damagePerCapita,2026,시군구,대구,동구,파생지표,damagePerCapita,1인당 우심피해액,,N,"2026년 대구 동구의 1인당 우심피해액은 0원으로 대구 9개 시군구 중 공동 최하위다. 대구 전체 인구 기준 평균 1인당 피해액의 0.00배이며, 원자료상 피해액은 0원으로 기록되어 있다.",2026 파일의 인구는 2024년 12월 기준이고 피해액은 2015~2024년 누계이므로 2026년 단년 관측치로 해석하면 안 된다. 2024와 2026 파일의 시도별 인구·피해액 값이 동일하므로 연도 변화로 해석하지 않았다. 시군구 파일에는 주택·Z값·온실·소상공인 데이터가 없어 해당 지표 인사이트를 생성하지 않았다.
2026|시군구|대구|북구|overall,2026,시군구,대구,북구,종합,overall,종합 인사이트,,N,"2026년 대구 북구의 인구는 413,010명으로 대구 9개 시군구 중 2위이며 대구 인구의 17.47%다. 원자료상 우심피해액은 0원으로 기록되어 있으며, 다른 시군구 대비 피해부담 순위는 최하위권이다.",2026 파일의 인구는 2024년 12월 기준이고 피해액은 2015~2024년 누계이므로 2026년 단년 관측치로 해석하면 안 된다. 2024와 2026 파일의 시도별 인구·피해액 값이 동일하므로 연도 변화로 해석하지 않았다. 시군구 파일에는 주택·Z값·온실·소상공인 데이터가 없어 해당 지표 인사이트를 생성하지 않았다.
2026|시군구|대구|북구|damage,2026,시군구,대구,북구,원지표,damage,우심피해액,우심피해액(원),Y,2026년 대구 북구의 원자료상 우심피해액은 0원으로 대구 9개 시군구 내 공동 최하위다. 0원은 집계기간에 피해액이 기록되지 않았다는 의미이며 향후 재난위험이 없다는 뜻은 아니다.,2026 파일의 인구는 2024년 12월 기준이고 피해액은 2015~2024년 누계이므로 2026년 단년 관측치로 해석하면 안 된다. 2024와 2026 파일의 시도별 인구·피해액 값이 동일하므로 연도 변화로 해석하지 않았다. 시군구 파일에는 주택·Z값·온실·소상공인 데이터가 없어 해당 지표 인사이트를 생성하지 않았다.
2026|시군구|대구|북구|population,2026,시군구,대구,북구,원지표,population,인구수,인구수(건),Y,"2026년 대구 북구의 인구는 413,010명으로 대구 9개 시군구 중 2위이며 대구 전체의 17.47%를 차지한다. 대구 9개 시군구 평균의 1.57배다.",2026 파일의 인구는 2024년 12월 기준이고 피해액은 2015~2024년 누계이므로 2026년 단년 관측치로 해석하면 안 된다. 2024와 2026 파일의 시도별 인구·피해액 값이 동일하므로 연도 변화로 해석하지 않았다. 시군구 파일에는 주택·Z값·온실·소상공인 데이터가 없어 해당 지표 인사이트를 생성하지 않았다.
2026|시군구|대구|북구|damagePerCapita,2026,시군구,대구,북구,파생지표,damagePerCapita,1인당 우심피해액,,N,"2026년 대구 북구의 1인당 우심피해액은 0원으로 대구 9개 시군구 중 공동 최하위다. 대구 전체 인구 기준 평균 1인당 피해액의 0.00배이며, 원자료상 피해액은 0원으로 기록되어 있다.",2026 파일의 인구는 2024년 12월 기준이고 피해액은 2015~2024년 누계이므로 2026년 단년 관측치로 해석하면 안 된다. 2024와 2026 파일의 시도별 인구·피해액 값이 동일하므로 연도 변화로 해석하지 않았다. 시군구 파일에는 주택·Z값·온실·소상공인 데이터가 없어 해당 지표 인사이트를 생성하지 않았다.
2026|시군구|대구|서구|overall,2026,시군구,대구,서구,종합,overall,종합 인사이트,,N,"2026년 대구 서구의 인구는 163,135명으로 대구 9개 시군구 중 6위이며 대구 인구의 6.90%다. 원자료상 우심피해액은 0원으로 기록되어 있으며, 다른 시군구 대비 피해부담 순위는 최하위권이다.",2026 파일의 인구는 2024년 12월 기준이고 피해액은 2015~2024년 누계이므로 2026년 단년 관측치로 해석하면 안 된다. 2024와 2026 파일의 시도별 인구·피해액 값이 동일하므로 연도 변화로 해석하지 않았다. 시군구 파일에는 주택·Z값·온실·소상공인 데이터가 없어 해당 지표 인사이트를 생성하지 않았다.
2026|시군구|대구|서구|damage,2026,시군구,대구,서구,원지표,damage,우심피해액,우심피해액(원),Y,2026년 대구 서구의 원자료상 우심피해액은 0원으로 대구 9개 시군구 내 공동 최하위다. 0원은 집계기간에 피해액이 기록되지 않았다는 의미이며 향후 재난위험이 없다는 뜻은 아니다.,2026 파일의 인구는 2024년 12월 기준이고 피해액은 2015~2024년 누계이므로 2026년 단년 관측치로 해석하면 안 된다. 2024와 2026 파일의 시도별 인구·피해액 값이 동일하므로 연도 변화로 해석하지 않았다. 시군구 파일에는 주택·Z값·온실·소상공인 데이터가 없어 해당 지표 인사이트를 생성하지 않았다.
2026|시군구|대구|서구|population,2026,시군구,대구,서구,원지표,population,인구수,인구수(건),Y,"2026년 대구 서구의 인구는 163,135명으로 대구 9개 시군구 중 6위이며 대구 전체의 6.90%를 차지한다. 대구 9개 시군구 평균의 0.62배다.",2026 파일의 인구는 2024년 12월 기준이고 피해액은 2015~2024년 누계이므로 2026년 단년 관측치로 해석하면 안 된다. 2024와 2026 파일의 시도별 인구·피해액 값이 동일하므로 연도 변화로 해석하지 않았다. 시군구 파일에는 주택·Z값·온실·소상공인 데이터가 없어 해당 지표 인사이트를 생성하지 않았다.
2026|시군구|대구|서구|damagePerCapita,2026,시군구,대구,서구,파생지표,damagePerCapita,1인당 우심피해액,,N,"2026년 대구 서구의 1인당 우심피해액은 0원으로 대구 9개 시군구 중 공동 최하위다. 대구 전체 인구 기준 평균 1인당 피해액의 0.00배이며, 원자료상 피해액은 0원으로 기록되어 있다.",2026 파일의 인구는 2024년 12월 기준이고 피해액은 2015~2024년 누계이므로 2026년 단년 관측치로 해석하면 안 된다. 2024와 2026 파일의 시도별 인구·피해액 값이 동일하므로 연도 변화로 해석하지 않았다. 시군구 파일에는 주택·Z값·온실·소상공인 데이터가 없어 해당 지표 인사이트를 생성하지 않았다.
2026|시군구|대구|수성구|overall,2026,시군구,대구,수성구,종합,overall,종합 인사이트,,N,"2026년 대구 수성구의 인구는 409,107명으로 대구 9개 시군구 중 3위이며 대구 인구의 17.31%다. 원자료상 우심피해액은 0원으로 기록되어 있으며, 다른 시군구 대비 피해부담 순위는 최하위권이다.",2026 파일의 인구는 2024년 12월 기준이고 피해액은 2015~2024년 누계이므로 2026년 단년 관측치로 해석하면 안 된다. 2024와 2026 파일의 시도별 인구·피해액 값이 동일하므로 연도 변화로 해석하지 않았다. 시군구 파일에는 주택·Z값·온실·소상공인 데이터가 없어 해당 지표 인사이트를 생성하지 않았다.
2026|시군구|대구|수성구|damage,2026,시군구,대구,수성구,원지표,damage,우심피해액,우심피해액(원),Y,2026년 대구 수성구의 원자료상 우심피해액은 0원으로 대구 9개 시군구 내 공동 최하위다. 0원은 집계기간에 피해액이 기록되지 않았다는 의미이며 향후 재난위험이 없다는 뜻은 아니다.,2026 파일의 인구는 2024년 12월 기준이고 피해액은 2015~2024년 누계이므로 2026년 단년 관측치로 해석하면 안 된다. 2024와 2026 파일의 시도별 인구·피해액 값이 동일하므로 연도 변화로 해석하지 않았다. 시군구 파일에는 주택·Z값·온실·소상공인 데이터가 없어 해당 지표 인사이트를 생성하지 않았다.
2026|시군구|대구|수성구|population,2026,시군구,대구,수성구,원지표,population,인구수,인구수(건),Y,"2026년 대구 수성구의 인구는 409,107명으로 대구 9개 시군구 중 3위이며 대구 전체의 17.31%를 차지한다. 대구 9개 시군구 평균의 1.56배다.",2026 파일의 인구는 2024년 12월 기준이고 피해액은 2015~2024년 누계이므로 2026년 단년 관측치로 해석하면 안 된다. 2024와 2026 파일의 시도별 인구·피해액 값이 동일하므로 연도 변화로 해석하지 않았다. 시군구 파일에는 주택·Z값·온실·소상공인 데이터가 없어 해당 지표 인사이트를 생성하지 않았다.
2026|시군구|대구|수성구|damagePerCapita,2026,시군구,대구,수성구,파생지표,damagePerCapita,1인당 우심피해액,,N,"2026년 대구 수성구의 1인당 우심피해액은 0원으로 대구 9개 시군구 중 공동 최하위다. 대구 전체 인구 기준 평균 1인당 피해액의 0.00배이며, 원자료상 피해액은 0원으로 기록되어 있다.",2026 파일의 인구는 2024년 12월 기준이고 피해액은 2015~2024년 누계이므로 2026년 단년 관측치로 해석하면 안 된다. 2024와 2026 파일의 시도별 인구·피해액 값이 동일하므로 연도 변화로 해석하지 않았다. 시군구 파일에는 주택·Z값·온실·소상공인 데이터가 없어 해당 지표 인사이트를 생성하지 않았다.
2026|시군구|대구|중구|overall,2026,시군구,대구,중구,종합,overall,종합 인사이트,,N,"2026년 대구 중구의 인구는 97,711명으로 대구 9개 시군구 중 8위이며 대구 인구의 4.13%다. 원자료상 우심피해액은 0원으로 기록되어 있으며, 다른 시군구 대비 피해부담 순위는 최하위권이다.",2026 파일의 인구는 2024년 12월 기준이고 피해액은 2015~2024년 누계이므로 2026년 단년 관측치로 해석하면 안 된다. 2024와 2026 파일의 시도별 인구·피해액 값이 동일하므로 연도 변화로 해석하지 않았다. 시군구 파일에는 주택·Z값·온실·소상공인 데이터가 없어 해당 지표 인사이트를 생성하지 않았다.
2026|시군구|대구|중구|damage,2026,시군구,대구,중구,원지표,damage,우심피해액,우심피해액(원),Y,2026년 대구 중구의 원자료상 우심피해액은 0원으로 대구 9개 시군구 내 공동 최하위다. 0원은 집계기간에 피해액이 기록되지 않았다는 의미이며 향후 재난위험이 없다는 뜻은 아니다.,2026 파일의 인구는 2024년 12월 기준이고 피해액은 2015~2024년 누계이므로 2026년 단년 관측치로 해석하면 안 된다. 2024와 2026 파일의 시도별 인구·피해액 값이 동일하므로 연도 변화로 해석하지 않았다. 시군구 파일에는 주택·Z값·온실·소상공인 데이터가 없어 해당 지표 인사이트를 생성하지 않았다.
2026|시군구|대구|중구|population,2026,시군구,대구,중구,원지표,population,인구수,인구수(건),Y,"2026년 대구 중구의 인구는 97,711명으로 대구 9개 시군구 중 8위이며 대구 전체의 4.13%를 차지한다. 대구 9개 시군구 평균의 0.37배다.",2026 파일의 인구는 2024년 12월 기준이고 피해액은 2015~2024년 누계이므로 2026년 단년 관측치로 해석하면 안 된다. 2024와 2026 파일의 시도별 인구·피해액 값이 동일하므로 연도 변화로 해석하지 않았다. 시군구 파일에는 주택·Z값·온실·소상공인 데이터가 없어 해당 지표 인사이트를 생성하지 않았다.
2026|시군구|대구|중구|damagePerCapita,2026,시군구,대구,중구,파생지표,damagePerCapita,1인당 우심피해액,,N,"2026년 대구 중구의 1인당 우심피해액은 0원으로 대구 9개 시군구 중 공동 최하위다. 대구 전체 인구 기준 평균 1인당 피해액의 0.00배이며, 원자료상 피해액은 0원으로 기록되어 있다.",2026 파일의 인구는 2024년 12월 기준이고 피해액은 2015~2024년 누계이므로 2026년 단년 관측치로 해석하면 안 된다. 2024와 2026 파일의 시도별 인구·피해액 값이 동일하므로 연도 변화로 해석하지 않았다. 시군구 파일에는 주택·Z값·온실·소상공인 데이터가 없어 해당 지표 인사이트를 생성하지 않았다.
2026|시군구|인천|강화군|overall,2026,시군구,인천,강화군,종합,overall,종합 인사이트,,N,"2026년 인천 강화군의 인구는 69,402명으로 인천 10개 시군구 중 8위다. 우심피해액은 70.9억 원(1위)이고, 1인당 피해액은 102,219원(1위)이며 피해비중은 인구비중의 43.53배다. 인구 규모에 비해 피해가 매우 크게 집중된 지역이다.",2026 파일의 인구는 2024년 12월 기준이고 피해액은 2015~2024년 누계이므로 2026년 단년 관측치로 해석하면 안 된다. 2024와 2026 파일의 시도별 인구·피해액 값이 동일하므로 연도 변화로 해석하지 않았다. 시군구 파일에는 주택·Z값·온실·소상공인 데이터가 없어 해당 지표 인사이트를 생성하지 않았다.
2026|시군구|인천|강화군|damage,2026,시군구,인천,강화군,원지표,damage,우심피해액,우심피해액(원),Y,"2026년 인천 강화군의 우심피해액은 70.9억 원으로, 인천 10개 시군구 중 1위이며 인천 전체의 100.00%다. 1인당 피해액은 102,219원이고 피해비중/인구비중은 43.53배다.",2026 파일의 인구는 2024년 12월 기준이고 피해액은 2015~2024년 누계이므로 2026년 단년 관측치로 해석하면 안 된다. 2024와 2026 파일의 시도별 인구·피해액 값이 동일하므로 연도 변화로 해석하지 않았다. 시군구 파일에는 주택·Z값·온실·소상공인 데이터가 없어 해당 지표 인사이트를 생성하지 않았다.
2026|시군구|인천|강화군|population,2026,시군구,인천,강화군,원지표,population,인구수,인구수(건),Y,"2026년 인천 강화군의 인구는 69,402명으로 인천 10개 시군구 중 8위이며 인천 전체의 2.30%를 차지한다. 인천 10개 시군구 평균의 0.23배다.",2026 파일의 인구는 2024년 12월 기준이고 피해액은 2015~2024년 누계이므로 2026년 단년 관측치로 해석하면 안 된다. 2024와 2026 파일의 시도별 인구·피해액 값이 동일하므로 연도 변화로 해석하지 않았다. 시군구 파일에는 주택·Z값·온실·소상공인 데이터가 없어 해당 지표 인사이트를 생성하지 않았다.
2026|시군구|인천|강화군|damagePerCapita,2026,시군구,인천,강화군,파생지표,damagePerCapita,1인당 우심피해액,,N,"2026년 인천 강화군의 1인당 우심피해액은 102,219원으로 인천 10개 시군구 중 1위다. 인천 전체 인구 기준 평균 1인당 피해액의 43.53배이며, 인구 규모에 비해 피해가 매우 크게 집중된 지역이다.",2026 파일의 인구는 2024년 12월 기준이고 피해액은 2015~2024년 누계이므로 2026년 단년 관측치로 해석하면 안 된다. 2024와 2026 파일의 시도별 인구·피해액 값이 동일하므로 연도 변화로 해석하지 않았다. 시군구 파일에는 주택·Z값·온실·소상공인 데이터가 없어 해당 지표 인사이트를 생성하지 않았다.
2026|시군구|인천|계양구|overall,2026,시군구,인천,계양구,종합,overall,종합 인사이트,,N,"2026년 인천 계양구의 인구는 280,227명으로 인천 10개 시군구 중 6위이며 인천 인구의 9.28%다. 원자료상 우심피해액은 0원으로 기록되어 있으며, 다른 시군구 대비 피해부담 순위는 최하위권이다.",2026 파일의 인구는 2024년 12월 기준이고 피해액은 2015~2024년 누계이므로 2026년 단년 관측치로 해석하면 안 된다. 2024와 2026 파일의 시도별 인구·피해액 값이 동일하므로 연도 변화로 해석하지 않았다. 시군구 파일에는 주택·Z값·온실·소상공인 데이터가 없어 해당 지표 인사이트를 생성하지 않았다.
2026|시군구|인천|계양구|damage,2026,시군구,인천,계양구,원지표,damage,우심피해액,우심피해액(원),Y,2026년 인천 계양구의 원자료상 우심피해액은 0원으로 인천 10개 시군구 내 공동 최하위다. 0원은 집계기간에 피해액이 기록되지 않았다는 의미이며 향후 재난위험이 없다는 뜻은 아니다.,2026 파일의 인구는 2024년 12월 기준이고 피해액은 2015~2024년 누계이므로 2026년 단년 관측치로 해석하면 안 된다. 2024와 2026 파일의 시도별 인구·피해액 값이 동일하므로 연도 변화로 해석하지 않았다. 시군구 파일에는 주택·Z값·온실·소상공인 데이터가 없어 해당 지표 인사이트를 생성하지 않았다.
2026|시군구|인천|계양구|population,2026,시군구,인천,계양구,원지표,population,인구수,인구수(건),Y,"2026년 인천 계양구의 인구는 280,227명으로 인천 10개 시군구 중 6위이며 인천 전체의 9.28%를 차지한다. 인천 10개 시군구 평균의 0.93배다.",2026 파일의 인구는 2024년 12월 기준이고 피해액은 2015~2024년 누계이므로 2026년 단년 관측치로 해석하면 안 된다. 2024와 2026 파일의 시도별 인구·피해액 값이 동일하므로 연도 변화로 해석하지 않았다. 시군구 파일에는 주택·Z값·온실·소상공인 데이터가 없어 해당 지표 인사이트를 생성하지 않았다.
2026|시군구|인천|계양구|damagePerCapita,2026,시군구,인천,계양구,파생지표,damagePerCapita,1인당 우심피해액,,N,"2026년 인천 계양구의 1인당 우심피해액은 0원으로 인천 10개 시군구 중 공동 최하위다. 인천 전체 인구 기준 평균 1인당 피해액의 0.00배이며, 원자료상 피해액은 0원으로 기록되어 있다.",2026 파일의 인구는 2024년 12월 기준이고 피해액은 2015~2024년 누계이므로 2026년 단년 관측치로 해석하면 안 된다. 2024와 2026 파일의 시도별 인구·피해액 값이 동일하므로 연도 변화로 해석하지 않았다. 시군구 파일에는 주택·Z값·온실·소상공인 데이터가 없어 해당 지표 인사이트를 생성하지 않았다.
2026|시군구|인천|남동구|overall,2026,시군구,인천,남동구,종합,overall,종합 인사이트,,N,"2026년 인천 남동구의 인구는 486,225명으로 인천 10개 시군구 중 3위이며 인천 인구의 16.09%다. 원자료상 우심피해액은 0원으로 기록되어 있으며, 다른 시군구 대비 피해부담 순위는 최하위권이다.",2026 파일의 인구는 2024년 12월 기준이고 피해액은 2015~2024년 누계이므로 2026년 단년 관측치로 해석하면 안 된다. 2024와 2026 파일의 시도별 인구·피해액 값이 동일하므로 연도 변화로 해석하지 않았다. 시군구 파일에는 주택·Z값·온실·소상공인 데이터가 없어 해당 지표 인사이트를 생성하지 않았다.
2026|시군구|인천|남동구|damage,2026,시군구,인천,남동구,원지표,damage,우심피해액,우심피해액(원),Y,2026년 인천 남동구의 원자료상 우심피해액은 0원으로 인천 10개 시군구 내 공동 최하위다. 0원은 집계기간에 피해액이 기록되지 않았다는 의미이며 향후 재난위험이 없다는 뜻은 아니다.,2026 파일의 인구는 2024년 12월 기준이고 피해액은 2015~2024년 누계이므로 2026년 단년 관측치로 해석하면 안 된다. 2024와 2026 파일의 시도별 인구·피해액 값이 동일하므로 연도 변화로 해석하지 않았다. 시군구 파일에는 주택·Z값·온실·소상공인 데이터가 없어 해당 지표 인사이트를 생성하지 않았다.
2026|시군구|인천|남동구|population,2026,시군구,인천,남동구,원지표,population,인구수,인구수(건),Y,"2026년 인천 남동구의 인구는 486,225명으로 인천 10개 시군구 중 3위이며 인천 전체의 16.09%를 차지한다. 인천 10개 시군구 평균의 1.61배다.",2026 파일의 인구는 2024년 12월 기준이고 피해액은 2015~2024년 누계이므로 2026년 단년 관측치로 해석하면 안 된다. 2024와 2026 파일의 시도별 인구·피해액 값이 동일하므로 연도 변화로 해석하지 않았다. 시군구 파일에는 주택·Z값·온실·소상공인 데이터가 없어 해당 지표 인사이트를 생성하지 않았다.
2026|시군구|인천|남동구|damagePerCapita,2026,시군구,인천,남동구,파생지표,damagePerCapita,1인당 우심피해액,,N,"2026년 인천 남동구의 1인당 우심피해액은 0원으로 인천 10개 시군구 중 공동 최하위다. 인천 전체 인구 기준 평균 1인당 피해액의 0.00배이며, 원자료상 피해액은 0원으로 기록되어 있다.",2026 파일의 인구는 2024년 12월 기준이고 피해액은 2015~2024년 누계이므로 2026년 단년 관측치로 해석하면 안 된다. 2024와 2026 파일의 시도별 인구·피해액 값이 동일하므로 연도 변화로 해석하지 않았다. 시군구 파일에는 주택·Z값·온실·소상공인 데이터가 없어 해당 지표 인사이트를 생성하지 않았다.
2026|시군구|인천|동구|overall,2026,시군구,인천,동구,종합,overall,종합 인사이트,,N,"2026년 인천 동구의 인구는 58,296명으로 인천 10개 시군구 중 9위이며 인천 인구의 1.93%다. 원자료상 우심피해액은 0원으로 기록되어 있으며, 다른 시군구 대비 피해부담 순위는 최하위권이다.",2026 파일의 인구는 2024년 12월 기준이고 피해액은 2015~2024년 누계이므로 2026년 단년 관측치로 해석하면 안 된다. 2024와 2026 파일의 시도별 인구·피해액 값이 동일하므로 연도 변화로 해석하지 않았다. 시군구 파일에는 주택·Z값·온실·소상공인 데이터가 없어 해당 지표 인사이트를 생성하지 않았다.
2026|시군구|인천|동구|damage,2026,시군구,인천,동구,원지표,damage,우심피해액,우심피해액(원),Y,2026년 인천 동구의 원자료상 우심피해액은 0원으로 인천 10개 시군구 내 공동 최하위다. 0원은 집계기간에 피해액이 기록되지 않았다는 의미이며 향후 재난위험이 없다는 뜻은 아니다.,2026 파일의 인구는 2024년 12월 기준이고 피해액은 2015~2024년 누계이므로 2026년 단년 관측치로 해석하면 안 된다. 2024와 2026 파일의 시도별 인구·피해액 값이 동일하므로 연도 변화로 해석하지 않았다. 시군구 파일에는 주택·Z값·온실·소상공인 데이터가 없어 해당 지표 인사이트를 생성하지 않았다.
2026|시군구|인천|동구|population,2026,시군구,인천,동구,원지표,population,인구수,인구수(건),Y,"2026년 인천 동구의 인구는 58,296명으로 인천 10개 시군구 중 9위이며 인천 전체의 1.93%를 차지한다. 인천 10개 시군구 평균의 0.19배다.",2026 파일의 인구는 2024년 12월 기준이고 피해액은 2015~2024년 누계이므로 2026년 단년 관측치로 해석하면 안 된다. 2024와 2026 파일의 시도별 인구·피해액 값이 동일하므로 연도 변화로 해석하지 않았다. 시군구 파일에는 주택·Z값·온실·소상공인 데이터가 없어 해당 지표 인사이트를 생성하지 않았다.
2026|시군구|인천|동구|damagePerCapita,2026,시군구,인천,동구,파생지표,damagePerCapita,1인당 우심피해액,,N,"2026년 인천 동구의 1인당 우심피해액은 0원으로 인천 10개 시군구 중 공동 최하위다. 인천 전체 인구 기준 평균 1인당 피해액의 0.00배이며, 원자료상 피해액은 0원으로 기록되어 있다.",2026 파일의 인구는 2024년 12월 기준이고 피해액은 2015~2024년 누계이므로 2026년 단년 관측치로 해석하면 안 된다. 2024와 2026 파일의 시도별 인구·피해액 값이 동일하므로 연도 변화로 해석하지 않았다. 시군구 파일에는 주택·Z값·온실·소상공인 데이터가 없어 해당 지표 인사이트를 생성하지 않았다.
2026|시군구|인천|미추홀구|overall,2026,시군구,인천,미추홀구,종합,overall,종합 인사이트,,N,"2026년 인천 미추홀구의 인구는 412,274명으로 인천 10개 시군구 중 4위이며 인천 인구의 13.65%다. 원자료상 우심피해액은 0원으로 기록되어 있으며, 다른 시군구 대비 피해부담 순위는 최하위권이다.",2026 파일의 인구는 2024년 12월 기준이고 피해액은 2015~2024년 누계이므로 2026년 단년 관측치로 해석하면 안 된다. 2024와 2026 파일의 시도별 인구·피해액 값이 동일하므로 연도 변화로 해석하지 않았다. 시군구 파일에는 주택·Z값·온실·소상공인 데이터가 없어 해당 지표 인사이트를 생성하지 않았다.
2026|시군구|인천|미추홀구|damage,2026,시군구,인천,미추홀구,원지표,damage,우심피해액,우심피해액(원),Y,2026년 인천 미추홀구의 원자료상 우심피해액은 0원으로 인천 10개 시군구 내 공동 최하위다. 0원은 집계기간에 피해액이 기록되지 않았다는 의미이며 향후 재난위험이 없다는 뜻은 아니다.,2026 파일의 인구는 2024년 12월 기준이고 피해액은 2015~2024년 누계이므로 2026년 단년 관측치로 해석하면 안 된다. 2024와 2026 파일의 시도별 인구·피해액 값이 동일하므로 연도 변화로 해석하지 않았다. 시군구 파일에는 주택·Z값·온실·소상공인 데이터가 없어 해당 지표 인사이트를 생성하지 않았다.
2026|시군구|인천|미추홀구|population,2026,시군구,인천,미추홀구,원지표,population,인구수,인구수(건),Y,"2026년 인천 미추홀구의 인구는 412,274명으로 인천 10개 시군구 중 4위이며 인천 전체의 13.65%를 차지한다. 인천 10개 시군구 평균의 1.36배다.",2026 파일의 인구는 2024년 12월 기준이고 피해액은 2015~2024년 누계이므로 2026년 단년 관측치로 해석하면 안 된다. 2024와 2026 파일의 시도별 인구·피해액 값이 동일하므로 연도 변화로 해석하지 않았다. 시군구 파일에는 주택·Z값·온실·소상공인 데이터가 없어 해당 지표 인사이트를 생성하지 않았다.
2026|시군구|인천|미추홀구|damagePerCapita,2026,시군구,인천,미추홀구,파생지표,damagePerCapita,1인당 우심피해액,,N,"2026년 인천 미추홀구의 1인당 우심피해액은 0원으로 인천 10개 시군구 중 공동 최하위다. 인천 전체 인구 기준 평균 1인당 피해액의 0.00배이며, 원자료상 피해액은 0원으로 기록되어 있다.",2026 파일의 인구는 2024년 12월 기준이고 피해액은 2015~2024년 누계이므로 2026년 단년 관측치로 해석하면 안 된다. 2024와 2026 파일의 시도별 인구·피해액 값이 동일하므로 연도 변화로 해석하지 않았다. 시군구 파일에는 주택·Z값·온실·소상공인 데이터가 없어 해당 지표 인사이트를 생성하지 않았다.
2026|시군구|인천|부평구|overall,2026,시군구,인천,부평구,종합,overall,종합 인사이트,,N,"2026년 인천 부평구의 인구는 493,200명으로 인천 10개 시군구 중 2위이며 인천 인구의 16.33%다. 원자료상 우심피해액은 0원으로 기록되어 있으며, 다른 시군구 대비 피해부담 순위는 최하위권이다.",2026 파일의 인구는 2024년 12월 기준이고 피해액은 2015~2024년 누계이므로 2026년 단년 관측치로 해석하면 안 된다. 2024와 2026 파일의 시도별 인구·피해액 값이 동일하므로 연도 변화로 해석하지 않았다. 시군구 파일에는 주택·Z값·온실·소상공인 데이터가 없어 해당 지표 인사이트를 생성하지 않았다.
2026|시군구|인천|부평구|damage,2026,시군구,인천,부평구,원지표,damage,우심피해액,우심피해액(원),Y,2026년 인천 부평구의 원자료상 우심피해액은 0원으로 인천 10개 시군구 내 공동 최하위다. 0원은 집계기간에 피해액이 기록되지 않았다는 의미이며 향후 재난위험이 없다는 뜻은 아니다.,2026 파일의 인구는 2024년 12월 기준이고 피해액은 2015~2024년 누계이므로 2026년 단년 관측치로 해석하면 안 된다. 2024와 2026 파일의 시도별 인구·피해액 값이 동일하므로 연도 변화로 해석하지 않았다. 시군구 파일에는 주택·Z값·온실·소상공인 데이터가 없어 해당 지표 인사이트를 생성하지 않았다.
2026|시군구|인천|부평구|population,2026,시군구,인천,부평구,원지표,population,인구수,인구수(건),Y,"2026년 인천 부평구의 인구는 493,200명으로 인천 10개 시군구 중 2위이며 인천 전체의 16.33%를 차지한다. 인천 10개 시군구 평균의 1.63배다.",2026 파일의 인구는 2024년 12월 기준이고 피해액은 2015~2024년 누계이므로 2026년 단년 관측치로 해석하면 안 된다. 2024와 2026 파일의 시도별 인구·피해액 값이 동일하므로 연도 변화로 해석하지 않았다. 시군구 파일에는 주택·Z값·온실·소상공인 데이터가 없어 해당 지표 인사이트를 생성하지 않았다.
2026|시군구|인천|부평구|damagePerCapita,2026,시군구,인천,부평구,파생지표,damagePerCapita,1인당 우심피해액,,N,"2026년 인천 부평구의 1인당 우심피해액은 0원으로 인천 10개 시군구 중 공동 최하위다. 인천 전체 인구 기준 평균 1인당 피해액의 0.00배이며, 원자료상 피해액은 0원으로 기록되어 있다.",2026 파일의 인구는 2024년 12월 기준이고 피해액은 2015~2024년 누계이므로 2026년 단년 관측치로 해석하면 안 된다. 2024와 2026 파일의 시도별 인구·피해액 값이 동일하므로 연도 변화로 해석하지 않았다. 시군구 파일에는 주택·Z값·온실·소상공인 데이터가 없어 해당 지표 인사이트를 생성하지 않았다.
2026|시군구|인천|서구|overall,2026,시군구,인천,서구,종합,overall,종합 인사이트,,N,"2026년 인천 서구의 인구는 634,064명으로 인천 10개 시군구 중 1위이며 인천 인구의 20.99%다. 원자료상 우심피해액은 0원으로 기록되어 있으며, 다른 시군구 대비 피해부담 순위는 최하위권이다.",2026 파일의 인구는 2024년 12월 기준이고 피해액은 2015~2024년 누계이므로 2026년 단년 관측치로 해석하면 안 된다. 2024와 2026 파일의 시도별 인구·피해액 값이 동일하므로 연도 변화로 해석하지 않았다. 시군구 파일에는 주택·Z값·온실·소상공인 데이터가 없어 해당 지표 인사이트를 생성하지 않았다.
2026|시군구|인천|서구|damage,2026,시군구,인천,서구,원지표,damage,우심피해액,우심피해액(원),Y,2026년 인천 서구의 원자료상 우심피해액은 0원으로 인천 10개 시군구 내 공동 최하위다. 0원은 집계기간에 피해액이 기록되지 않았다는 의미이며 향후 재난위험이 없다는 뜻은 아니다.,2026 파일의 인구는 2024년 12월 기준이고 피해액은 2015~2024년 누계이므로 2026년 단년 관측치로 해석하면 안 된다. 2024와 2026 파일의 시도별 인구·피해액 값이 동일하므로 연도 변화로 해석하지 않았다. 시군구 파일에는 주택·Z값·온실·소상공인 데이터가 없어 해당 지표 인사이트를 생성하지 않았다.
2026|시군구|인천|서구|population,2026,시군구,인천,서구,원지표,population,인구수,인구수(건),Y,"2026년 인천 서구의 인구는 634,064명으로 인천 10개 시군구 중 1위이며 인천 전체의 20.99%를 차지한다. 인천 10개 시군구 평균의 2.10배다.",2026 파일의 인구는 2024년 12월 기준이고 피해액은 2015~2024년 누계이므로 2026년 단년 관측치로 해석하면 안 된다. 2024와 2026 파일의 시도별 인구·피해액 값이 동일하므로 연도 변화로 해석하지 않았다. 시군구 파일에는 주택·Z값·온실·소상공인 데이터가 없어 해당 지표 인사이트를 생성하지 않았다.
2026|시군구|인천|서구|damagePerCapita,2026,시군구,인천,서구,파생지표,damagePerCapita,1인당 우심피해액,,N,"2026년 인천 서구의 1인당 우심피해액은 0원으로 인천 10개 시군구 중 공동 최하위다. 인천 전체 인구 기준 평균 1인당 피해액의 0.00배이며, 원자료상 피해액은 0원으로 기록되어 있다.",2026 파일의 인구는 2024년 12월 기준이고 피해액은 2015~2024년 누계이므로 2026년 단년 관측치로 해석하면 안 된다. 2024와 2026 파일의 시도별 인구·피해액 값이 동일하므로 연도 변화로 해석하지 않았다. 시군구 파일에는 주택·Z값·온실·소상공인 데이터가 없어 해당 지표 인사이트를 생성하지 않았다.
2026|시군구|인천|연수구|overall,2026,시군구,인천,연수구,종합,overall,종합 인사이트,,N,"2026년 인천 연수구의 인구는 400,213명으로 인천 10개 시군구 중 5위이며 인천 인구의 13.25%다. 원자료상 우심피해액은 0원으로 기록되어 있으며, 다른 시군구 대비 피해부담 순위는 최하위권이다.",2026 파일의 인구는 2024년 12월 기준이고 피해액은 2015~2024년 누계이므로 2026년 단년 관측치로 해석하면 안 된다. 2024와 2026 파일의 시도별 인구·피해액 값이 동일하므로 연도 변화로 해석하지 않았다. 시군구 파일에는 주택·Z값·온실·소상공인 데이터가 없어 해당 지표 인사이트를 생성하지 않았다.
2026|시군구|인천|연수구|damage,2026,시군구,인천,연수구,원지표,damage,우심피해액,우심피해액(원),Y,2026년 인천 연수구의 원자료상 우심피해액은 0원으로 인천 10개 시군구 내 공동 최하위다. 0원은 집계기간에 피해액이 기록되지 않았다는 의미이며 향후 재난위험이 없다는 뜻은 아니다.,2026 파일의 인구는 2024년 12월 기준이고 피해액은 2015~2024년 누계이므로 2026년 단년 관측치로 해석하면 안 된다. 2024와 2026 파일의 시도별 인구·피해액 값이 동일하므로 연도 변화로 해석하지 않았다. 시군구 파일에는 주택·Z값·온실·소상공인 데이터가 없어 해당 지표 인사이트를 생성하지 않았다.
2026|시군구|인천|연수구|population,2026,시군구,인천,연수구,원지표,population,인구수,인구수(건),Y,"2026년 인천 연수구의 인구는 400,213명으로 인천 10개 시군구 중 5위이며 인천 전체의 13.25%를 차지한다. 인천 10개 시군구 평균의 1.32배다.",2026 파일의 인구는 2024년 12월 기준이고 피해액은 2015~2024년 누계이므로 2026년 단년 관측치로 해석하면 안 된다. 2024와 2026 파일의 시도별 인구·피해액 값이 동일하므로 연도 변화로 해석하지 않았다. 시군구 파일에는 주택·Z값·온실·소상공인 데이터가 없어 해당 지표 인사이트를 생성하지 않았다.
2026|시군구|인천|연수구|damagePerCapita,2026,시군구,인천,연수구,파생지표,damagePerCapita,1인당 우심피해액,,N,"2026년 인천 연수구의 1인당 우심피해액은 0원으로 인천 10개 시군구 중 공동 최하위다. 인천 전체 인구 기준 평균 1인당 피해액의 0.00배이며, 원자료상 피해액은 0원으로 기록되어 있다.",2026 파일의 인구는 2024년 12월 기준이고 피해액은 2015~2024년 누계이므로 2026년 단년 관측치로 해석하면 안 된다. 2024와 2026 파일의 시도별 인구·피해액 값이 동일하므로 연도 변화로 해석하지 않았다. 시군구 파일에는 주택·Z값·온실·소상공인 데이터가 없어 해당 지표 인사이트를 생성하지 않았다.
2026|시군구|인천|옹진군|overall,2026,시군구,인천,옹진군,종합,overall,종합 인사이트,,N,"2026년 인천 옹진군의 인구는 19,996명으로 인천 10개 시군구 중 10위(최하위)이며 인천 인구의 0.66%다. 원자료상 우심피해액은 0원으로 기록되어 있으며, 다른 시군구 대비 피해부담 순위는 최하위권이다.",2026 파일의 인구는 2024년 12월 기준이고 피해액은 2015~2024년 누계이므로 2026년 단년 관측치로 해석하면 안 된다. 2024와 2026 파일의 시도별 인구·피해액 값이 동일하므로 연도 변화로 해석하지 않았다. 시군구 파일에는 주택·Z값·온실·소상공인 데이터가 없어 해당 지표 인사이트를 생성하지 않았다.
2026|시군구|인천|옹진군|damage,2026,시군구,인천,옹진군,원지표,damage,우심피해액,우심피해액(원),Y,2026년 인천 옹진군의 원자료상 우심피해액은 0원으로 인천 10개 시군구 내 공동 최하위다. 0원은 집계기간에 피해액이 기록되지 않았다는 의미이며 향후 재난위험이 없다는 뜻은 아니다.,2026 파일의 인구는 2024년 12월 기준이고 피해액은 2015~2024년 누계이므로 2026년 단년 관측치로 해석하면 안 된다. 2024와 2026 파일의 시도별 인구·피해액 값이 동일하므로 연도 변화로 해석하지 않았다. 시군구 파일에는 주택·Z값·온실·소상공인 데이터가 없어 해당 지표 인사이트를 생성하지 않았다.
2026|시군구|인천|옹진군|population,2026,시군구,인천,옹진군,원지표,population,인구수,인구수(건),Y,"2026년 인천 옹진군의 인구는 19,996명으로 인천 10개 시군구 중 10위(최하위)이며 인천 전체의 0.66%를 차지한다. 인천 10개 시군구 평균의 0.07배다.",2026 파일의 인구는 2024년 12월 기준이고 피해액은 2015~2024년 누계이므로 2026년 단년 관측치로 해석하면 안 된다. 2024와 2026 파일의 시도별 인구·피해액 값이 동일하므로 연도 변화로 해석하지 않았다. 시군구 파일에는 주택·Z값·온실·소상공인 데이터가 없어 해당 지표 인사이트를 생성하지 않았다.
2026|시군구|인천|옹진군|damagePerCapita,2026,시군구,인천,옹진군,파생지표,damagePerCapita,1인당 우심피해액,,N,"2026년 인천 옹진군의 1인당 우심피해액은 0원으로 인천 10개 시군구 중 공동 최하위다. 인천 전체 인구 기준 평균 1인당 피해액의 0.00배이며, 원자료상 피해액은 0원으로 기록되어 있다.",2026 파일의 인구는 2024년 12월 기준이고 피해액은 2015~2024년 누계이므로 2026년 단년 관측치로 해석하면 안 된다. 2024와 2026 파일의 시도별 인구·피해액 값이 동일하므로 연도 변화로 해석하지 않았다. 시군구 파일에는 주택·Z값·온실·소상공인 데이터가 없어 해당 지표 인사이트를 생성하지 않았다.
2026|시군구|인천|중구|overall,2026,시군구,인천,중구,종합,overall,종합 인사이트,,N,"2026년 인천 중구의 인구는 167,113명으로 인천 10개 시군구 중 7위이며 인천 인구의 5.53%다. 원자료상 우심피해액은 0원으로 기록되어 있으며, 다른 시군구 대비 피해부담 순위는 최하위권이다.",2026 파일의 인구는 2024년 12월 기준이고 피해액은 2015~2024년 누계이므로 2026년 단년 관측치로 해석하면 안 된다. 2024와 2026 파일의 시도별 인구·피해액 값이 동일하므로 연도 변화로 해석하지 않았다. 시군구 파일에는 주택·Z값·온실·소상공인 데이터가 없어 해당 지표 인사이트를 생성하지 않았다.
2026|시군구|인천|중구|damage,2026,시군구,인천,중구,원지표,damage,우심피해액,우심피해액(원),Y,2026년 인천 중구의 원자료상 우심피해액은 0원으로 인천 10개 시군구 내 공동 최하위다. 0원은 집계기간에 피해액이 기록되지 않았다는 의미이며 향후 재난위험이 없다는 뜻은 아니다.,2026 파일의 인구는 2024년 12월 기준이고 피해액은 2015~2024년 누계이므로 2026년 단년 관측치로 해석하면 안 된다. 2024와 2026 파일의 시도별 인구·피해액 값이 동일하므로 연도 변화로 해석하지 않았다. 시군구 파일에는 주택·Z값·온실·소상공인 데이터가 없어 해당 지표 인사이트를 생성하지 않았다.
2026|시군구|인천|중구|population,2026,시군구,인천,중구,원지표,population,인구수,인구수(건),Y,"2026년 인천 중구의 인구는 167,113명으로 인천 10개 시군구 중 7위이며 인천 전체의 5.53%를 차지한다. 인천 10개 시군구 평균의 0.55배다.",2026 파일의 인구는 2024년 12월 기준이고 피해액은 2015~2024년 누계이므로 2026년 단년 관측치로 해석하면 안 된다. 2024와 2026 파일의 시도별 인구·피해액 값이 동일하므로 연도 변화로 해석하지 않았다. 시군구 파일에는 주택·Z값·온실·소상공인 데이터가 없어 해당 지표 인사이트를 생성하지 않았다.
2026|시군구|인천|중구|damagePerCapita,2026,시군구,인천,중구,파생지표,damagePerCapita,1인당 우심피해액,,N,"2026년 인천 중구의 1인당 우심피해액은 0원으로 인천 10개 시군구 중 공동 최하위다. 인천 전체 인구 기준 평균 1인당 피해액의 0.00배이며, 원자료상 피해액은 0원으로 기록되어 있다.",2026 파일의 인구는 2024년 12월 기준이고 피해액은 2015~2024년 누계이므로 2026년 단년 관측치로 해석하면 안 된다. 2024와 2026 파일의 시도별 인구·피해액 값이 동일하므로 연도 변화로 해석하지 않았다. 시군구 파일에는 주택·Z값·온실·소상공인 데이터가 없어 해당 지표 인사이트를 생성하지 않았다.
2026|시군구|광주|광산구|overall,2026,시군구,광주,광산구,종합,overall,종합 인사이트,,N,"2026년 광주 광산구의 인구는 391,611명으로 광주 5개 시군구 중 2위다. 우심피해액은 99.4억 원(2위)이고, 1인당 피해액은 25,373원(3위)이며 피해비중은 인구비중의 0.91배다. 인구 비중과 피해 비중이 대체로 비슷한 수준이다.",2026 파일의 인구는 2024년 12월 기준이고 피해액은 2015~2024년 누계이므로 2026년 단년 관측치로 해석하면 안 된다. 2024와 2026 파일의 시도별 인구·피해액 값이 동일하므로 연도 변화로 해석하지 않았다. 시군구 파일에는 주택·Z값·온실·소상공인 데이터가 없어 해당 지표 인사이트를 생성하지 않았다.
2026|시군구|광주|광산구|damage,2026,시군구,광주,광산구,원지표,damage,우심피해액,우심피해액(원),Y,"2026년 광주 광산구의 우심피해액은 99.4억 원으로, 광주 5개 시군구 중 2위이며 광주 전체의 25.23%다. 1인당 피해액은 25,373원이고 피해비중/인구비중은 0.91배다.",2026 파일의 인구는 2024년 12월 기준이고 피해액은 2015~2024년 누계이므로 2026년 단년 관측치로 해석하면 안 된다. 2024와 2026 파일의 시도별 인구·피해액 값이 동일하므로 연도 변화로 해석하지 않았다. 시군구 파일에는 주택·Z값·온실·소상공인 데이터가 없어 해당 지표 인사이트를 생성하지 않았다.
2026|시군구|광주|광산구|population,2026,시군구,광주,광산구,원지표,population,인구수,인구수(건),Y,"2026년 광주 광산구의 인구는 391,611명으로 광주 5개 시군구 중 2위이며 광주 전체의 27.80%를 차지한다. 광주 5개 시군구 평균의 1.39배다.",2026 파일의 인구는 2024년 12월 기준이고 피해액은 2015~2024년 누계이므로 2026년 단년 관측치로 해석하면 안 된다. 2024와 2026 파일의 시도별 인구·피해액 값이 동일하므로 연도 변화로 해석하지 않았다. 시군구 파일에는 주택·Z값·온실·소상공인 데이터가 없어 해당 지표 인사이트를 생성하지 않았다.
2026|시군구|광주|광산구|damagePerCapita,2026,시군구,광주,광산구,파생지표,damagePerCapita,1인당 우심피해액,,N,"2026년 광주 광산구의 1인당 우심피해액은 25,373원으로 광주 5개 시군구 중 3위다. 광주 전체 인구 기준 평균 1인당 피해액의 0.91배이며, 인구 비중과 피해 비중이 대체로 비슷한 수준이다.",2026 파일의 인구는 2024년 12월 기준이고 피해액은 2015~2024년 누계이므로 2026년 단년 관측치로 해석하면 안 된다. 2024와 2026 파일의 시도별 인구·피해액 값이 동일하므로 연도 변화로 해석하지 않았다. 시군구 파일에는 주택·Z값·온실·소상공인 데이터가 없어 해당 지표 인사이트를 생성하지 않았다.
2026|시군구|광주|남구|overall,2026,시군구,광주,남구,종합,overall,종합 인사이트,,N,"2026년 광주 남구의 인구는 207,597명으로 광주 5개 시군구 중 4위다. 우심피해액은 44.4억 원(4위)이고, 1인당 피해액은 21,393원(4위)이며 피해비중은 인구비중의 0.76배다. 인구 규모 대비 피해 부담은 낮은 편이다.",2026 파일의 인구는 2024년 12월 기준이고 피해액은 2015~2024년 누계이므로 2026년 단년 관측치로 해석하면 안 된다. 2024와 2026 파일의 시도별 인구·피해액 값이 동일하므로 연도 변화로 해석하지 않았다. 시군구 파일에는 주택·Z값·온실·소상공인 데이터가 없어 해당 지표 인사이트를 생성하지 않았다.
2026|시군구|광주|남구|damage,2026,시군구,광주,남구,원지표,damage,우심피해액,우심피해액(원),Y,"2026년 광주 남구의 우심피해액은 44.4억 원으로, 광주 5개 시군구 중 4위이며 광주 전체의 11.28%다. 1인당 피해액은 21,393원이고 피해비중/인구비중은 0.76배다.",2026 파일의 인구는 2024년 12월 기준이고 피해액은 2015~2024년 누계이므로 2026년 단년 관측치로 해석하면 안 된다. 2024와 2026 파일의 시도별 인구·피해액 값이 동일하므로 연도 변화로 해석하지 않았다. 시군구 파일에는 주택·Z값·온실·소상공인 데이터가 없어 해당 지표 인사이트를 생성하지 않았다.
2026|시군구|광주|남구|population,2026,시군구,광주,남구,원지표,population,인구수,인구수(건),Y,"2026년 광주 남구의 인구는 207,597명으로 광주 5개 시군구 중 4위이며 광주 전체의 14.74%를 차지한다. 광주 5개 시군구 평균의 0.74배다.",2026 파일의 인구는 2024년 12월 기준이고 피해액은 2015~2024년 누계이므로 2026년 단년 관측치로 해석하면 안 된다. 2024와 2026 파일의 시도별 인구·피해액 값이 동일하므로 연도 변화로 해석하지 않았다. 시군구 파일에는 주택·Z값·온실·소상공인 데이터가 없어 해당 지표 인사이트를 생성하지 않았다.
2026|시군구|광주|남구|damagePerCapita,2026,시군구,광주,남구,파생지표,damagePerCapita,1인당 우심피해액,,N,"2026년 광주 남구의 1인당 우심피해액은 21,393원으로 광주 5개 시군구 중 4위다. 광주 전체 인구 기준 평균 1인당 피해액의 0.76배이며, 인구 규모 대비 피해 부담은 낮은 편이다.",2026 파일의 인구는 2024년 12월 기준이고 피해액은 2015~2024년 누계이므로 2026년 단년 관측치로 해석하면 안 된다. 2024와 2026 파일의 시도별 인구·피해액 값이 동일하므로 연도 변화로 해석하지 않았다. 시군구 파일에는 주택·Z값·온실·소상공인 데이터가 없어 해당 지표 인사이트를 생성하지 않았다.
2026|시군구|광주|동구|overall,2026,시군구,광주,동구,종합,overall,종합 인사이트,,N,"2026년 광주 동구의 인구는 106,203명으로 광주 5개 시군구 중 5위(최하위)다. 우심피해액은 62.2억 원(3위)이고, 1인당 피해액은 58,523원(1위)이며 피해비중은 인구비중의 2.09배다. 인구 규모보다 피해 부담이 뚜렷하게 높은 편이다.",2026 파일의 인구는 2024년 12월 기준이고 피해액은 2015~2024년 누계이므로 2026년 단년 관측치로 해석하면 안 된다. 2024와 2026 파일의 시도별 인구·피해액 값이 동일하므로 연도 변화로 해석하지 않았다. 시군구 파일에는 주택·Z값·온실·소상공인 데이터가 없어 해당 지표 인사이트를 생성하지 않았다.
2026|시군구|광주|동구|damage,2026,시군구,광주,동구,원지표,damage,우심피해액,우심피해액(원),Y,"2026년 광주 동구의 우심피해액은 62.2억 원으로, 광주 5개 시군구 중 3위이며 광주 전체의 15.78%다. 1인당 피해액은 58,523원이고 피해비중/인구비중은 2.09배다.",2026 파일의 인구는 2024년 12월 기준이고 피해액은 2015~2024년 누계이므로 2026년 단년 관측치로 해석하면 안 된다. 2024와 2026 파일의 시도별 인구·피해액 값이 동일하므로 연도 변화로 해석하지 않았다. 시군구 파일에는 주택·Z값·온실·소상공인 데이터가 없어 해당 지표 인사이트를 생성하지 않았다.
2026|시군구|광주|동구|population,2026,시군구,광주,동구,원지표,population,인구수,인구수(건),Y,"2026년 광주 동구의 인구는 106,203명으로 광주 5개 시군구 중 5위(최하위)이며 광주 전체의 7.54%를 차지한다. 광주 5개 시군구 평균의 0.38배다.",2026 파일의 인구는 2024년 12월 기준이고 피해액은 2015~2024년 누계이므로 2026년 단년 관측치로 해석하면 안 된다. 2024와 2026 파일의 시도별 인구·피해액 값이 동일하므로 연도 변화로 해석하지 않았다. 시군구 파일에는 주택·Z값·온실·소상공인 데이터가 없어 해당 지표 인사이트를 생성하지 않았다.
2026|시군구|광주|동구|damagePerCapita,2026,시군구,광주,동구,파생지표,damagePerCapita,1인당 우심피해액,,N,"2026년 광주 동구의 1인당 우심피해액은 58,523원으로 광주 5개 시군구 중 1위다. 광주 전체 인구 기준 평균 1인당 피해액의 2.09배이며, 인구 규모보다 피해 부담이 뚜렷하게 높은 편이다.",2026 파일의 인구는 2024년 12월 기준이고 피해액은 2015~2024년 누계이므로 2026년 단년 관측치로 해석하면 안 된다. 2024와 2026 파일의 시도별 인구·피해액 값이 동일하므로 연도 변화로 해석하지 않았다. 시군구 파일에는 주택·Z값·온실·소상공인 데이터가 없어 해당 지표 인사이트를 생성하지 않았다.
2026|시군구|광주|북구|overall,2026,시군구,광주,북구,종합,overall,종합 인사이트,,N,"2026년 광주 북구의 인구는 423,961명으로 광주 5개 시군구 중 1위다. 우심피해액은 149.2억 원(1위)이고, 1인당 피해액은 35,184원(2위)이며 피해비중은 인구비중의 1.26배다. 인구 비중과 피해 비중이 대체로 비슷한 수준이다.",2026 파일의 인구는 2024년 12월 기준이고 피해액은 2015~2024년 누계이므로 2026년 단년 관측치로 해석하면 안 된다. 2024와 2026 파일의 시도별 인구·피해액 값이 동일하므로 연도 변화로 해석하지 않았다. 시군구 파일에는 주택·Z값·온실·소상공인 데이터가 없어 해당 지표 인사이트를 생성하지 않았다.
2026|시군구|광주|북구|damage,2026,시군구,광주,북구,원지표,damage,우심피해액,우심피해액(원),Y,"2026년 광주 북구의 우심피해액은 149.2억 원으로, 광주 5개 시군구 중 1위이며 광주 전체의 37.87%다. 1인당 피해액은 35,184원이고 피해비중/인구비중은 1.26배다.",2026 파일의 인구는 2024년 12월 기준이고 피해액은 2015~2024년 누계이므로 2026년 단년 관측치로 해석하면 안 된다. 2024와 2026 파일의 시도별 인구·피해액 값이 동일하므로 연도 변화로 해석하지 않았다. 시군구 파일에는 주택·Z값·온실·소상공인 데이터가 없어 해당 지표 인사이트를 생성하지 않았다.
2026|시군구|광주|북구|population,2026,시군구,광주,북구,원지표,population,인구수,인구수(건),Y,"2026년 광주 북구의 인구는 423,961명으로 광주 5개 시군구 중 1위이며 광주 전체의 30.10%를 차지한다. 광주 5개 시군구 평균의 1.51배다.",2026 파일의 인구는 2024년 12월 기준이고 피해액은 2015~2024년 누계이므로 2026년 단년 관측치로 해석하면 안 된다. 2024와 2026 파일의 시도별 인구·피해액 값이 동일하므로 연도 변화로 해석하지 않았다. 시군구 파일에는 주택·Z값·온실·소상공인 데이터가 없어 해당 지표 인사이트를 생성하지 않았다.
2026|시군구|광주|북구|damagePerCapita,2026,시군구,광주,북구,파생지표,damagePerCapita,1인당 우심피해액,,N,"2026년 광주 북구의 1인당 우심피해액은 35,184원으로 광주 5개 시군구 중 2위다. 광주 전체 인구 기준 평균 1인당 피해액의 1.26배이며, 인구 비중과 피해 비중이 대체로 비슷한 수준이다.",2026 파일의 인구는 2024년 12월 기준이고 피해액은 2015~2024년 누계이므로 2026년 단년 관측치로 해석하면 안 된다. 2024와 2026 파일의 시도별 인구·피해액 값이 동일하므로 연도 변화로 해석하지 않았다. 시군구 파일에는 주택·Z값·온실·소상공인 데이터가 없어 해당 지표 인사이트를 생성하지 않았다.
2026|시군구|광주|서구|overall,2026,시군구,광주,서구,종합,overall,종합 인사이트,,N,"2026년 광주 서구의 인구는 279,050명으로 광주 5개 시군구 중 3위다. 우심피해액은 38.8억 원(5위(최하위))이고, 1인당 피해액은 13,898원(5위(최하위))이며 피해비중은 인구비중의 0.50배다. 인구 규모 대비 피해 부담은 낮은 편이다.",2026 파일의 인구는 2024년 12월 기준이고 피해액은 2015~2024년 누계이므로 2026년 단년 관측치로 해석하면 안 된다. 2024와 2026 파일의 시도별 인구·피해액 값이 동일하므로 연도 변화로 해석하지 않았다. 시군구 파일에는 주택·Z값·온실·소상공인 데이터가 없어 해당 지표 인사이트를 생성하지 않았다.
2026|시군구|광주|서구|damage,2026,시군구,광주,서구,원지표,damage,우심피해액,우심피해액(원),Y,"2026년 광주 서구의 우심피해액은 38.8억 원으로, 광주 5개 시군구 중 5위(최하위)이며 광주 전체의 9.85%다. 1인당 피해액은 13,898원이고 피해비중/인구비중은 0.50배다.",2026 파일의 인구는 2024년 12월 기준이고 피해액은 2015~2024년 누계이므로 2026년 단년 관측치로 해석하면 안 된다. 2024와 2026 파일의 시도별 인구·피해액 값이 동일하므로 연도 변화로 해석하지 않았다. 시군구 파일에는 주택·Z값·온실·소상공인 데이터가 없어 해당 지표 인사이트를 생성하지 않았다.
2026|시군구|광주|서구|population,2026,시군구,광주,서구,원지표,population,인구수,인구수(건),Y,"2026년 광주 서구의 인구는 279,050명으로 광주 5개 시군구 중 3위이며 광주 전체의 19.81%를 차지한다. 광주 5개 시군구 평균의 0.99배다.",2026 파일의 인구는 2024년 12월 기준이고 피해액은 2015~2024년 누계이므로 2026년 단년 관측치로 해석하면 안 된다. 2024와 2026 파일의 시도별 인구·피해액 값이 동일하므로 연도 변화로 해석하지 않았다. 시군구 파일에는 주택·Z값·온실·소상공인 데이터가 없어 해당 지표 인사이트를 생성하지 않았다.
2026|시군구|광주|서구|damagePerCapita,2026,시군구,광주,서구,파생지표,damagePerCapita,1인당 우심피해액,,N,"2026년 광주 서구의 1인당 우심피해액은 13,898원으로 광주 5개 시군구 중 5위(최하위)다. 광주 전체 인구 기준 평균 1인당 피해액의 0.50배이며, 인구 규모 대비 피해 부담은 낮은 편이다.",2026 파일의 인구는 2024년 12월 기준이고 피해액은 2015~2024년 누계이므로 2026년 단년 관측치로 해석하면 안 된다. 2024와 2026 파일의 시도별 인구·피해액 값이 동일하므로 연도 변화로 해석하지 않았다. 시군구 파일에는 주택·Z값·온실·소상공인 데이터가 없어 해당 지표 인사이트를 생성하지 않았다.
2026|시군구|대전|대덕구|overall,2026,시군구,대전,대덕구,종합,overall,종합 인사이트,,N,"2026년 대전 대덕구의 인구는 168,217명으로 대전 5개 시군구 중 5위(최하위)이며 대전 인구의 11.69%다. 원자료상 우심피해액은 0원으로 기록되어 있으며, 다른 시군구 대비 피해부담 순위는 최하위권이다.",2026 파일의 인구는 2024년 12월 기준이고 피해액은 2015~2024년 누계이므로 2026년 단년 관측치로 해석하면 안 된다. 2024와 2026 파일의 시도별 인구·피해액 값이 동일하므로 연도 변화로 해석하지 않았다. 시군구 파일에는 주택·Z값·온실·소상공인 데이터가 없어 해당 지표 인사이트를 생성하지 않았다.
2026|시군구|대전|대덕구|damage,2026,시군구,대전,대덕구,원지표,damage,우심피해액,우심피해액(원),Y,2026년 대전 대덕구의 원자료상 우심피해액은 0원으로 대전 5개 시군구 내 공동 최하위다. 0원은 집계기간에 피해액이 기록되지 않았다는 의미이며 향후 재난위험이 없다는 뜻은 아니다.,2026 파일의 인구는 2024년 12월 기준이고 피해액은 2015~2024년 누계이므로 2026년 단년 관측치로 해석하면 안 된다. 2024와 2026 파일의 시도별 인구·피해액 값이 동일하므로 연도 변화로 해석하지 않았다. 시군구 파일에는 주택·Z값·온실·소상공인 데이터가 없어 해당 지표 인사이트를 생성하지 않았다.
2026|시군구|대전|대덕구|population,2026,시군구,대전,대덕구,원지표,population,인구수,인구수(건),Y,"2026년 대전 대덕구의 인구는 168,217명으로 대전 5개 시군구 중 5위(최하위)이며 대전 전체의 11.69%를 차지한다. 대전 5개 시군구 평균의 0.58배다.",2026 파일의 인구는 2024년 12월 기준이고 피해액은 2015~2024년 누계이므로 2026년 단년 관측치로 해석하면 안 된다. 2024와 2026 파일의 시도별 인구·피해액 값이 동일하므로 연도 변화로 해석하지 않았다. 시군구 파일에는 주택·Z값·온실·소상공인 데이터가 없어 해당 지표 인사이트를 생성하지 않았다.
2026|시군구|대전|대덕구|damagePerCapita,2026,시군구,대전,대덕구,파생지표,damagePerCapita,1인당 우심피해액,,N,"2026년 대전 대덕구의 1인당 우심피해액은 0원으로 대전 5개 시군구 중 공동 최하위다. 대전 전체 인구 기준 평균 1인당 피해액의 0.00배이며, 원자료상 피해액은 0원으로 기록되어 있다.",2026 파일의 인구는 2024년 12월 기준이고 피해액은 2015~2024년 누계이므로 2026년 단년 관측치로 해석하면 안 된다. 2024와 2026 파일의 시도별 인구·피해액 값이 동일하므로 연도 변화로 해석하지 않았다. 시군구 파일에는 주택·Z값·온실·소상공인 데이터가 없어 해당 지표 인사이트를 생성하지 않았다.
2026|시군구|대전|동구|overall,2026,시군구,대전,동구,종합,overall,종합 인사이트,,N,"2026년 대전 동구의 인구는 218,513명으로 대전 5개 시군구 중 4위다. 우심피해액은 32.7억 원(2위)이고, 1인당 피해액은 14,951원(1위)이며 피해비중은 인구비중의 2.59배다. 인구 규모보다 피해 부담이 뚜렷하게 높은 편이다.",2026 파일의 인구는 2024년 12월 기준이고 피해액은 2015~2024년 누계이므로 2026년 단년 관측치로 해석하면 안 된다. 2024와 2026 파일의 시도별 인구·피해액 값이 동일하므로 연도 변화로 해석하지 않았다. 시군구 파일에는 주택·Z값·온실·소상공인 데이터가 없어 해당 지표 인사이트를 생성하지 않았다.
2026|시군구|대전|동구|damage,2026,시군구,대전,동구,원지표,damage,우심피해액,우심피해액(원),Y,"2026년 대전 동구의 우심피해액은 32.7억 원으로, 대전 5개 시군구 중 2위이며 대전 전체의 39.28%다. 1인당 피해액은 14,951원이고 피해비중/인구비중은 2.59배다.",2026 파일의 인구는 2024년 12월 기준이고 피해액은 2015~2024년 누계이므로 2026년 단년 관측치로 해석하면 안 된다. 2024와 2026 파일의 시도별 인구·피해액 값이 동일하므로 연도 변화로 해석하지 않았다. 시군구 파일에는 주택·Z값·온실·소상공인 데이터가 없어 해당 지표 인사이트를 생성하지 않았다.
2026|시군구|대전|동구|population,2026,시군구,대전,동구,원지표,population,인구수,인구수(건),Y,"2026년 대전 동구의 인구는 218,513명으로 대전 5개 시군구 중 4위이며 대전 전체의 15.18%를 차지한다. 대전 5개 시군구 평균의 0.76배다.",2026 파일의 인구는 2024년 12월 기준이고 피해액은 2015~2024년 누계이므로 2026년 단년 관측치로 해석하면 안 된다. 2024와 2026 파일의 시도별 인구·피해액 값이 동일하므로 연도 변화로 해석하지 않았다. 시군구 파일에는 주택·Z값·온실·소상공인 데이터가 없어 해당 지표 인사이트를 생성하지 않았다.
2026|시군구|대전|동구|damagePerCapita,2026,시군구,대전,동구,파생지표,damagePerCapita,1인당 우심피해액,,N,"2026년 대전 동구의 1인당 우심피해액은 14,951원으로 대전 5개 시군구 중 1위다. 대전 전체 인구 기준 평균 1인당 피해액의 2.59배이며, 인구 규모보다 피해 부담이 뚜렷하게 높은 편이다.",2026 파일의 인구는 2024년 12월 기준이고 피해액은 2015~2024년 누계이므로 2026년 단년 관측치로 해석하면 안 된다. 2024와 2026 파일의 시도별 인구·피해액 값이 동일하므로 연도 변화로 해석하지 않았다. 시군구 파일에는 주택·Z값·온실·소상공인 데이터가 없어 해당 지표 인사이트를 생성하지 않았다.
2026|시군구|대전|서구|overall,2026,시군구,대전,서구,종합,overall,종합 인사이트,,N,"2026년 대전 서구의 인구는 457,951명으로 대전 5개 시군구 중 1위다. 우심피해액은 50.5억 원(1위)이고, 1인당 피해액은 11,027원(2위)이며 피해비중은 인구비중의 1.91배다. 인구 규모보다 피해 부담이 뚜렷하게 높은 편이다.",2026 파일의 인구는 2024년 12월 기준이고 피해액은 2015~2024년 누계이므로 2026년 단년 관측치로 해석하면 안 된다. 2024와 2026 파일의 시도별 인구·피해액 값이 동일하므로 연도 변화로 해석하지 않았다. 시군구 파일에는 주택·Z값·온실·소상공인 데이터가 없어 해당 지표 인사이트를 생성하지 않았다.
2026|시군구|대전|서구|damage,2026,시군구,대전,서구,원지표,damage,우심피해액,우심피해액(원),Y,"2026년 대전 서구의 우심피해액은 50.5억 원으로, 대전 5개 시군구 중 1위이며 대전 전체의 60.72%다. 1인당 피해액은 11,027원이고 피해비중/인구비중은 1.91배다.",2026 파일의 인구는 2024년 12월 기준이고 피해액은 2015~2024년 누계이므로 2026년 단년 관측치로 해석하면 안 된다. 2024와 2026 파일의 시도별 인구·피해액 값이 동일하므로 연도 변화로 해석하지 않았다. 시군구 파일에는 주택·Z값·온실·소상공인 데이터가 없어 해당 지표 인사이트를 생성하지 않았다.
2026|시군구|대전|서구|population,2026,시군구,대전,서구,원지표,population,인구수,인구수(건),Y,"2026년 대전 서구의 인구는 457,951명으로 대전 5개 시군구 중 1위이며 대전 전체의 31.82%를 차지한다. 대전 5개 시군구 평균의 1.59배다.",2026 파일의 인구는 2024년 12월 기준이고 피해액은 2015~2024년 누계이므로 2026년 단년 관측치로 해석하면 안 된다. 2024와 2026 파일의 시도별 인구·피해액 값이 동일하므로 연도 변화로 해석하지 않았다. 시군구 파일에는 주택·Z값·온실·소상공인 데이터가 없어 해당 지표 인사이트를 생성하지 않았다.
2026|시군구|대전|서구|damagePerCapita,2026,시군구,대전,서구,파생지표,damagePerCapita,1인당 우심피해액,,N,"2026년 대전 서구의 1인당 우심피해액은 11,027원으로 대전 5개 시군구 중 2위다. 대전 전체 인구 기준 평균 1인당 피해액의 1.91배이며, 인구 규모보다 피해 부담이 뚜렷하게 높은 편이다.",2026 파일의 인구는 2024년 12월 기준이고 피해액은 2015~2024년 누계이므로 2026년 단년 관측치로 해석하면 안 된다. 2024와 2026 파일의 시도별 인구·피해액 값이 동일하므로 연도 변화로 해석하지 않았다. 시군구 파일에는 주택·Z값·온실·소상공인 데이터가 없어 해당 지표 인사이트를 생성하지 않았다.
2026|시군구|대전|유성구|overall,2026,시군구,대전,유성구,종합,overall,종합 인사이트,,N,"2026년 대전 유성구의 인구는 369,468명으로 대전 5개 시군구 중 2위이며 대전 인구의 25.67%다. 원자료상 우심피해액은 0원으로 기록되어 있으며, 다른 시군구 대비 피해부담 순위는 최하위권이다.",2026 파일의 인구는 2024년 12월 기준이고 피해액은 2015~2024년 누계이므로 2026년 단년 관측치로 해석하면 안 된다. 2024와 2026 파일의 시도별 인구·피해액 값이 동일하므로 연도 변화로 해석하지 않았다. 시군구 파일에는 주택·Z값·온실·소상공인 데이터가 없어 해당 지표 인사이트를 생성하지 않았다.
2026|시군구|대전|유성구|damage,2026,시군구,대전,유성구,원지표,damage,우심피해액,우심피해액(원),Y,2026년 대전 유성구의 원자료상 우심피해액은 0원으로 대전 5개 시군구 내 공동 최하위다. 0원은 집계기간에 피해액이 기록되지 않았다는 의미이며 향후 재난위험이 없다는 뜻은 아니다.,2026 파일의 인구는 2024년 12월 기준이고 피해액은 2015~2024년 누계이므로 2026년 단년 관측치로 해석하면 안 된다. 2024와 2026 파일의 시도별 인구·피해액 값이 동일하므로 연도 변화로 해석하지 않았다. 시군구 파일에는 주택·Z값·온실·소상공인 데이터가 없어 해당 지표 인사이트를 생성하지 않았다.
2026|시군구|대전|유성구|population,2026,시군구,대전,유성구,원지표,population,인구수,인구수(건),Y,"2026년 대전 유성구의 인구는 369,468명으로 대전 5개 시군구 중 2위이며 대전 전체의 25.67%를 차지한다. 대전 5개 시군구 평균의 1.28배다.",2026 파일의 인구는 2024년 12월 기준이고 피해액은 2015~2024년 누계이므로 2026년 단년 관측치로 해석하면 안 된다. 2024와 2026 파일의 시도별 인구·피해액 값이 동일하므로 연도 변화로 해석하지 않았다. 시군구 파일에는 주택·Z값·온실·소상공인 데이터가 없어 해당 지표 인사이트를 생성하지 않았다.
2026|시군구|대전|유성구|damagePerCapita,2026,시군구,대전,유성구,파생지표,damagePerCapita,1인당 우심피해액,,N,"2026년 대전 유성구의 1인당 우심피해액은 0원으로 대전 5개 시군구 중 공동 최하위다. 대전 전체 인구 기준 평균 1인당 피해액의 0.00배이며, 원자료상 피해액은 0원으로 기록되어 있다.",2026 파일의 인구는 2024년 12월 기준이고 피해액은 2015~2024년 누계이므로 2026년 단년 관측치로 해석하면 안 된다. 2024와 2026 파일의 시도별 인구·피해액 값이 동일하므로 연도 변화로 해석하지 않았다. 시군구 파일에는 주택·Z값·온실·소상공인 데이터가 없어 해당 지표 인사이트를 생성하지 않았다.
2026|시군구|대전|중구|overall,2026,시군구,대전,중구,종합,overall,종합 인사이트,,N,"2026년 대전 중구의 인구는 225,008명으로 대전 5개 시군구 중 3위이며 대전 인구의 15.63%다. 원자료상 우심피해액은 0원으로 기록되어 있으며, 다른 시군구 대비 피해부담 순위는 최하위권이다.",2026 파일의 인구는 2024년 12월 기준이고 피해액은 2015~2024년 누계이므로 2026년 단년 관측치로 해석하면 안 된다. 2024와 2026 파일의 시도별 인구·피해액 값이 동일하므로 연도 변화로 해석하지 않았다. 시군구 파일에는 주택·Z값·온실·소상공인 데이터가 없어 해당 지표 인사이트를 생성하지 않았다.
2026|시군구|대전|중구|damage,2026,시군구,대전,중구,원지표,damage,우심피해액,우심피해액(원),Y,2026년 대전 중구의 원자료상 우심피해액은 0원으로 대전 5개 시군구 내 공동 최하위다. 0원은 집계기간에 피해액이 기록되지 않았다는 의미이며 향후 재난위험이 없다는 뜻은 아니다.,2026 파일의 인구는 2024년 12월 기준이고 피해액은 2015~2024년 누계이므로 2026년 단년 관측치로 해석하면 안 된다. 2024와 2026 파일의 시도별 인구·피해액 값이 동일하므로 연도 변화로 해석하지 않았다. 시군구 파일에는 주택·Z값·온실·소상공인 데이터가 없어 해당 지표 인사이트를 생성하지 않았다.
2026|시군구|대전|중구|population,2026,시군구,대전,중구,원지표,population,인구수,인구수(건),Y,"2026년 대전 중구의 인구는 225,008명으로 대전 5개 시군구 중 3위이며 대전 전체의 15.63%를 차지한다. 대전 5개 시군구 평균의 0.78배다.",2026 파일의 인구는 2024년 12월 기준이고 피해액은 2015~2024년 누계이므로 2026년 단년 관측치로 해석하면 안 된다. 2024와 2026 파일의 시도별 인구·피해액 값이 동일하므로 연도 변화로 해석하지 않았다. 시군구 파일에는 주택·Z값·온실·소상공인 데이터가 없어 해당 지표 인사이트를 생성하지 않았다.
2026|시군구|대전|중구|damagePerCapita,2026,시군구,대전,중구,파생지표,damagePerCapita,1인당 우심피해액,,N,"2026년 대전 중구의 1인당 우심피해액은 0원으로 대전 5개 시군구 중 공동 최하위다. 대전 전체 인구 기준 평균 1인당 피해액의 0.00배이며, 원자료상 피해액은 0원으로 기록되어 있다.",2026 파일의 인구는 2024년 12월 기준이고 피해액은 2015~2024년 누계이므로 2026년 단년 관측치로 해석하면 안 된다. 2024와 2026 파일의 시도별 인구·피해액 값이 동일하므로 연도 변화로 해석하지 않았다. 시군구 파일에는 주택·Z값·온실·소상공인 데이터가 없어 해당 지표 인사이트를 생성하지 않았다.
2026|시군구|울산|남구|overall,2026,시군구,울산,남구,종합,overall,종합 인사이트,,N,"2026년 울산 남구의 인구는 304,885명으로 울산 5개 시군구 중 1위이며 울산 인구의 27.77%다. 원자료상 우심피해액은 0원으로 기록되어 있으며, 다른 시군구 대비 피해부담 순위는 최하위권이다.",2026 파일의 인구는 2024년 12월 기준이고 피해액은 2015~2024년 누계이므로 2026년 단년 관측치로 해석하면 안 된다. 2024와 2026 파일의 시도별 인구·피해액 값이 동일하므로 연도 변화로 해석하지 않았다. 시군구 파일에는 주택·Z값·온실·소상공인 데이터가 없어 해당 지표 인사이트를 생성하지 않았다.
2026|시군구|울산|남구|damage,2026,시군구,울산,남구,원지표,damage,우심피해액,우심피해액(원),Y,2026년 울산 남구의 원자료상 우심피해액은 0원으로 울산 5개 시군구 내 공동 최하위다. 0원은 집계기간에 피해액이 기록되지 않았다는 의미이며 향후 재난위험이 없다는 뜻은 아니다.,2026 파일의 인구는 2024년 12월 기준이고 피해액은 2015~2024년 누계이므로 2026년 단년 관측치로 해석하면 안 된다. 2024와 2026 파일의 시도별 인구·피해액 값이 동일하므로 연도 변화로 해석하지 않았다. 시군구 파일에는 주택·Z값·온실·소상공인 데이터가 없어 해당 지표 인사이트를 생성하지 않았다.
2026|시군구|울산|남구|population,2026,시군구,울산,남구,원지표,population,인구수,인구수(건),Y,"2026년 울산 남구의 인구는 304,885명으로 울산 5개 시군구 중 1위이며 울산 전체의 27.77%를 차지한다. 울산 5개 시군구 평균의 1.39배다.",2026 파일의 인구는 2024년 12월 기준이고 피해액은 2015~2024년 누계이므로 2026년 단년 관측치로 해석하면 안 된다. 2024와 2026 파일의 시도별 인구·피해액 값이 동일하므로 연도 변화로 해석하지 않았다. 시군구 파일에는 주택·Z값·온실·소상공인 데이터가 없어 해당 지표 인사이트를 생성하지 않았다.
2026|시군구|울산|남구|damagePerCapita,2026,시군구,울산,남구,파생지표,damagePerCapita,1인당 우심피해액,,N,"2026년 울산 남구의 1인당 우심피해액은 0원으로 울산 5개 시군구 중 공동 최하위다. 울산 전체 인구 기준 평균 1인당 피해액의 0.00배이며, 원자료상 피해액은 0원으로 기록되어 있다.",2026 파일의 인구는 2024년 12월 기준이고 피해액은 2015~2024년 누계이므로 2026년 단년 관측치로 해석하면 안 된다. 2024와 2026 파일의 시도별 인구·피해액 값이 동일하므로 연도 변화로 해석하지 않았다. 시군구 파일에는 주택·Z값·온실·소상공인 데이터가 없어 해당 지표 인사이트를 생성하지 않았다.
2026|시군구|울산|동구|overall,2026,시군구,울산,동구,종합,overall,종합 인사이트,,N,"2026년 울산 동구의 인구는 150,836명으로 울산 5개 시군구 중 5위(최하위)이며 울산 인구의 13.74%다. 원자료상 우심피해액은 0원으로 기록되어 있으며, 다른 시군구 대비 피해부담 순위는 최하위권이다.",2026 파일의 인구는 2024년 12월 기준이고 피해액은 2015~2024년 누계이므로 2026년 단년 관측치로 해석하면 안 된다. 2024와 2026 파일의 시도별 인구·피해액 값이 동일하므로 연도 변화로 해석하지 않았다. 시군구 파일에는 주택·Z값·온실·소상공인 데이터가 없어 해당 지표 인사이트를 생성하지 않았다.
2026|시군구|울산|동구|damage,2026,시군구,울산,동구,원지표,damage,우심피해액,우심피해액(원),Y,2026년 울산 동구의 원자료상 우심피해액은 0원으로 울산 5개 시군구 내 공동 최하위다. 0원은 집계기간에 피해액이 기록되지 않았다는 의미이며 향후 재난위험이 없다는 뜻은 아니다.,2026 파일의 인구는 2024년 12월 기준이고 피해액은 2015~2024년 누계이므로 2026년 단년 관측치로 해석하면 안 된다. 2024와 2026 파일의 시도별 인구·피해액 값이 동일하므로 연도 변화로 해석하지 않았다. 시군구 파일에는 주택·Z값·온실·소상공인 데이터가 없어 해당 지표 인사이트를 생성하지 않았다.
2026|시군구|울산|동구|population,2026,시군구,울산,동구,원지표,population,인구수,인구수(건),Y,"2026년 울산 동구의 인구는 150,836명으로 울산 5개 시군구 중 5위(최하위)이며 울산 전체의 13.74%를 차지한다. 울산 5개 시군구 평균의 0.69배다.",2026 파일의 인구는 2024년 12월 기준이고 피해액은 2015~2024년 누계이므로 2026년 단년 관측치로 해석하면 안 된다. 2024와 2026 파일의 시도별 인구·피해액 값이 동일하므로 연도 변화로 해석하지 않았다. 시군구 파일에는 주택·Z값·온실·소상공인 데이터가 없어 해당 지표 인사이트를 생성하지 않았다.
2026|시군구|울산|동구|damagePerCapita,2026,시군구,울산,동구,파생지표,damagePerCapita,1인당 우심피해액,,N,"2026년 울산 동구의 1인당 우심피해액은 0원으로 울산 5개 시군구 중 공동 최하위다. 울산 전체 인구 기준 평균 1인당 피해액의 0.00배이며, 원자료상 피해액은 0원으로 기록되어 있다.",2026 파일의 인구는 2024년 12월 기준이고 피해액은 2015~2024년 누계이므로 2026년 단년 관측치로 해석하면 안 된다. 2024와 2026 파일의 시도별 인구·피해액 값이 동일하므로 연도 변화로 해석하지 않았다. 시군구 파일에는 주택·Z값·온실·소상공인 데이터가 없어 해당 지표 인사이트를 생성하지 않았다.
2026|시군구|울산|북구|overall,2026,시군구,울산,북구,종합,overall,종합 인사이트,,N,"2026년 울산 북구의 인구는 216,522명으로 울산 5개 시군구 중 3위다. 우심피해액은 198.9억 원(2위)이고, 1인당 피해액은 91,859원(2위)이며 피해비중은 인구비중의 1.58배다. 인구 규모보다 피해 부담이 뚜렷하게 높은 편이다.",2026 파일의 인구는 2024년 12월 기준이고 피해액은 2015~2024년 누계이므로 2026년 단년 관측치로 해석하면 안 된다. 2024와 2026 파일의 시도별 인구·피해액 값이 동일하므로 연도 변화로 해석하지 않았다. 시군구 파일에는 주택·Z값·온실·소상공인 데이터가 없어 해당 지표 인사이트를 생성하지 않았다.
2026|시군구|울산|북구|damage,2026,시군구,울산,북구,원지표,damage,우심피해액,우심피해액(원),Y,"2026년 울산 북구의 우심피해액은 198.9억 원으로, 울산 5개 시군구 중 2위이며 울산 전체의 31.19%다. 1인당 피해액은 91,859원이고 피해비중/인구비중은 1.58배다.",2026 파일의 인구는 2024년 12월 기준이고 피해액은 2015~2024년 누계이므로 2026년 단년 관측치로 해석하면 안 된다. 2024와 2026 파일의 시도별 인구·피해액 값이 동일하므로 연도 변화로 해석하지 않았다. 시군구 파일에는 주택·Z값·온실·소상공인 데이터가 없어 해당 지표 인사이트를 생성하지 않았다.
2026|시군구|울산|북구|population,2026,시군구,울산,북구,원지표,population,인구수,인구수(건),Y,"2026년 울산 북구의 인구는 216,522명으로 울산 5개 시군구 중 3위이며 울산 전체의 19.72%를 차지한다. 울산 5개 시군구 평균의 0.99배다.",2026 파일의 인구는 2024년 12월 기준이고 피해액은 2015~2024년 누계이므로 2026년 단년 관측치로 해석하면 안 된다. 2024와 2026 파일의 시도별 인구·피해액 값이 동일하므로 연도 변화로 해석하지 않았다. 시군구 파일에는 주택·Z값·온실·소상공인 데이터가 없어 해당 지표 인사이트를 생성하지 않았다.
2026|시군구|울산|북구|damagePerCapita,2026,시군구,울산,북구,파생지표,damagePerCapita,1인당 우심피해액,,N,"2026년 울산 북구의 1인당 우심피해액은 91,859원으로 울산 5개 시군구 중 2위다. 울산 전체 인구 기준 평균 1인당 피해액의 1.58배이며, 인구 규모보다 피해 부담이 뚜렷하게 높은 편이다.",2026 파일의 인구는 2024년 12월 기준이고 피해액은 2015~2024년 누계이므로 2026년 단년 관측치로 해석하면 안 된다. 2024와 2026 파일의 시도별 인구·피해액 값이 동일하므로 연도 변화로 해석하지 않았다. 시군구 파일에는 주택·Z값·온실·소상공인 데이터가 없어 해당 지표 인사이트를 생성하지 않았다.
2026|시군구|울산|울주군|overall,2026,시군구,울산,울주군,종합,overall,종합 인사이트,,N,"2026년 울산 울주군의 인구는 218,806명으로 울산 5개 시군구 중 2위다. 우심피해액은 397.1억 원(1위)이고, 1인당 피해액은 181,487원(1위)이며 피해비중은 인구비중의 3.13배다. 인구 규모에 비해 피해가 매우 크게 집중된 지역이다.",2026 파일의 인구는 2024년 12월 기준이고 피해액은 2015~2024년 누계이므로 2026년 단년 관측치로 해석하면 안 된다. 2024와 2026 파일의 시도별 인구·피해액 값이 동일하므로 연도 변화로 해석하지 않았다. 시군구 파일에는 주택·Z값·온실·소상공인 데이터가 없어 해당 지표 인사이트를 생성하지 않았다.
2026|시군구|울산|울주군|damage,2026,시군구,울산,울주군,원지표,damage,우심피해액,우심피해액(원),Y,"2026년 울산 울주군의 우심피해액은 397.1억 원으로, 울산 5개 시군구 중 1위이며 울산 전체의 62.27%다. 1인당 피해액은 181,487원이고 피해비중/인구비중은 3.13배다.",2026 파일의 인구는 2024년 12월 기준이고 피해액은 2015~2024년 누계이므로 2026년 단년 관측치로 해석하면 안 된다. 2024와 2026 파일의 시도별 인구·피해액 값이 동일하므로 연도 변화로 해석하지 않았다. 시군구 파일에는 주택·Z값·온실·소상공인 데이터가 없어 해당 지표 인사이트를 생성하지 않았다.
2026|시군구|울산|울주군|population,2026,시군구,울산,울주군,원지표,population,인구수,인구수(건),Y,"2026년 울산 울주군의 인구는 218,806명으로 울산 5개 시군구 중 2위이며 울산 전체의 19.93%를 차지한다. 울산 5개 시군구 평균의 1.00배다.",2026 파일의 인구는 2024년 12월 기준이고 피해액은 2015~2024년 누계이므로 2026년 단년 관측치로 해석하면 안 된다. 2024와 2026 파일의 시도별 인구·피해액 값이 동일하므로 연도 변화로 해석하지 않았다. 시군구 파일에는 주택·Z값·온실·소상공인 데이터가 없어 해당 지표 인사이트를 생성하지 않았다.
2026|시군구|울산|울주군|damagePerCapita,2026,시군구,울산,울주군,파생지표,damagePerCapita,1인당 우심피해액,,N,"2026년 울산 울주군의 1인당 우심피해액은 181,487원으로 울산 5개 시군구 중 1위다. 울산 전체 인구 기준 평균 1인당 피해액의 3.13배이며, 인구 규모에 비해 피해가 매우 크게 집중된 지역이다.",2026 파일의 인구는 2024년 12월 기준이고 피해액은 2015~2024년 누계이므로 2026년 단년 관측치로 해석하면 안 된다. 2024와 2026 파일의 시도별 인구·피해액 값이 동일하므로 연도 변화로 해석하지 않았다. 시군구 파일에는 주택·Z값·온실·소상공인 데이터가 없어 해당 지표 인사이트를 생성하지 않았다.
2026|시군구|울산|중구|overall,2026,시군구,울산,중구,종합,overall,종합 인사이트,,N,"2026년 울산 중구의 인구는 207,000명으로 울산 5개 시군구 중 4위다. 우심피해액은 41.7억 원(3위)이고, 1인당 피해액은 20,129원(3위)이며 피해비중은 인구비중의 0.35배다. 인구 규모 대비 피해 부담은 매우 낮게 나타난다.",2026 파일의 인구는 2024년 12월 기준이고 피해액은 2015~2024년 누계이므로 2026년 단년 관측치로 해석하면 안 된다. 2024와 2026 파일의 시도별 인구·피해액 값이 동일하므로 연도 변화로 해석하지 않았다. 시군구 파일에는 주택·Z값·온실·소상공인 데이터가 없어 해당 지표 인사이트를 생성하지 않았다.
2026|시군구|울산|중구|damage,2026,시군구,울산,중구,원지표,damage,우심피해액,우심피해액(원),Y,"2026년 울산 중구의 우심피해액은 41.7억 원으로, 울산 5개 시군구 중 3위이며 울산 전체의 6.53%다. 1인당 피해액은 20,129원이고 피해비중/인구비중은 0.35배다.",2026 파일의 인구는 2024년 12월 기준이고 피해액은 2015~2024년 누계이므로 2026년 단년 관측치로 해석하면 안 된다. 2024와 2026 파일의 시도별 인구·피해액 값이 동일하므로 연도 변화로 해석하지 않았다. 시군구 파일에는 주택·Z값·온실·소상공인 데이터가 없어 해당 지표 인사이트를 생성하지 않았다.
2026|시군구|울산|중구|population,2026,시군구,울산,중구,원지표,population,인구수,인구수(건),Y,"2026년 울산 중구의 인구는 207,000명으로 울산 5개 시군구 중 4위이며 울산 전체의 18.85%를 차지한다. 울산 5개 시군구 평균의 0.94배다.",2026 파일의 인구는 2024년 12월 기준이고 피해액은 2015~2024년 누계이므로 2026년 단년 관측치로 해석하면 안 된다. 2024와 2026 파일의 시도별 인구·피해액 값이 동일하므로 연도 변화로 해석하지 않았다. 시군구 파일에는 주택·Z값·온실·소상공인 데이터가 없어 해당 지표 인사이트를 생성하지 않았다.
2026|시군구|울산|중구|damagePerCapita,2026,시군구,울산,중구,파생지표,damagePerCapita,1인당 우심피해액,,N,"2026년 울산 중구의 1인당 우심피해액은 20,129원으로 울산 5개 시군구 중 3위다. 울산 전체 인구 기준 평균 1인당 피해액의 0.35배이며, 인구 규모 대비 피해 부담은 매우 낮게 나타난다.",2026 파일의 인구는 2024년 12월 기준이고 피해액은 2015~2024년 누계이므로 2026년 단년 관측치로 해석하면 안 된다. 2024와 2026 파일의 시도별 인구·피해액 값이 동일하므로 연도 변화로 해석하지 않았다. 시군구 파일에는 주택·Z값·온실·소상공인 데이터가 없어 해당 지표 인사이트를 생성하지 않았다.
2026|시군구|세종|세종특별자치시|overall,2026,시군구,세종,세종특별자치시,종합,overall,종합 인사이트,,N,"2026년 세종은 시군구 데이터가 단일 지역(세종특별자치시)으로 구성되어 내부 순위 비교가 제한된다. 인구는 390,685명이고 우심피해액은 242.1억 원이며, 1인당 피해액은 61,979원이다.",2026 파일의 인구는 2024년 12월 기준이고 피해액은 2015~2024년 누계이므로 2026년 단년 관측치로 해석하면 안 된다. 2024와 2026 파일의 시도별 인구·피해액 값이 동일하므로 연도 변화로 해석하지 않았다. 시군구 파일에는 주택·Z값·온실·소상공인 데이터가 없어 해당 지표 인사이트를 생성하지 않았다.
2026|시군구|세종|세종특별자치시|damage,2026,시군구,세종,세종특별자치시,원지표,damage,우심피해액,우심피해액(원),Y,"2026년 세종 세종특별자치시의 우심피해액은 242.1억 원으로, 세종 1개 시군구 중 단일 지역이며 세종 전체의 100.00%다. 1인당 피해액은 61,979원이고 피해비중/인구비중은 1.00배다.",2026 파일의 인구는 2024년 12월 기준이고 피해액은 2015~2024년 누계이므로 2026년 단년 관측치로 해석하면 안 된다. 2024와 2026 파일의 시도별 인구·피해액 값이 동일하므로 연도 변화로 해석하지 않았다. 시군구 파일에는 주택·Z값·온실·소상공인 데이터가 없어 해당 지표 인사이트를 생성하지 않았다.
2026|시군구|세종|세종특별자치시|population,2026,시군구,세종,세종특별자치시,원지표,population,인구수,인구수(건),Y,"2026년 세종 세종특별자치시의 인구는 390,685명으로 세종 1개 시군구 중 단일 지역이며 세종 전체의 100.00%를 차지한다. 세종 1개 시군구 평균의 1.00배다.",2026 파일의 인구는 2024년 12월 기준이고 피해액은 2015~2024년 누계이므로 2026년 단년 관측치로 해석하면 안 된다. 2024와 2026 파일의 시도별 인구·피해액 값이 동일하므로 연도 변화로 해석하지 않았다. 시군구 파일에는 주택·Z값·온실·소상공인 데이터가 없어 해당 지표 인사이트를 생성하지 않았다.
2026|시군구|세종|세종특별자치시|damagePerCapita,2026,시군구,세종,세종특별자치시,파생지표,damagePerCapita,1인당 우심피해액,,N,"2026년 세종 세종특별자치시의 1인당 우심피해액은 61,979원으로 세종 1개 시군구 중 단일 지역다. 세종 전체 인구 기준 평균 1인당 피해액의 1.00배이며, 인구 비중과 피해 비중이 대체로 비슷한 수준이다.",2026 파일의 인구는 2024년 12월 기준이고 피해액은 2015~2024년 누계이므로 2026년 단년 관측치로 해석하면 안 된다. 2024와 2026 파일의 시도별 인구·피해액 값이 동일하므로 연도 변화로 해석하지 않았다. 시군구 파일에는 주택·Z값·온실·소상공인 데이터가 없어 해당 지표 인사이트를 생성하지 않았다.
2026|시군구|경기|가평군|overall,2026,시군구,경기,가평군,종합,overall,종합 인사이트,,N,"2026년 경기 가평군의 인구는 62,527명으로 경기 31개 시군구 중 30위다. 우심피해액은 151.6억 원(10위)이고, 1인당 피해액은 242,416원(5위)이며 피해비중은 인구비중의 5.47배다. 인구 규모에 비해 피해가 매우 크게 집중된 지역이다.",2026 파일의 인구는 2024년 12월 기준이고 피해액은 2015~2024년 누계이므로 2026년 단년 관측치로 해석하면 안 된다. 2024와 2026 파일의 시도별 인구·피해액 값이 동일하므로 연도 변화로 해석하지 않았다. 시군구 파일에는 주택·Z값·온실·소상공인 데이터가 없어 해당 지표 인사이트를 생성하지 않았다.
2026|시군구|경기|가평군|damage,2026,시군구,경기,가평군,원지표,damage,우심피해액,우심피해액(원),Y,"2026년 경기 가평군의 우심피해액은 151.6억 원으로, 경기 31개 시군구 중 10위이며 경기 전체의 2.50%다. 1인당 피해액은 242,416원이고 피해비중/인구비중은 5.47배다.",2026 파일의 인구는 2024년 12월 기준이고 피해액은 2015~2024년 누계이므로 2026년 단년 관측치로 해석하면 안 된다. 2024와 2026 파일의 시도별 인구·피해액 값이 동일하므로 연도 변화로 해석하지 않았다. 시군구 파일에는 주택·Z값·온실·소상공인 데이터가 없어 해당 지표 인사이트를 생성하지 않았다.
2026|시군구|경기|가평군|population,2026,시군구,경기,가평군,원지표,population,인구수,인구수(건),Y,"2026년 경기 가평군의 인구는 62,527명으로 경기 31개 시군구 중 30위이며 경기 전체의 0.46%를 차지한다. 경기 31개 시군구 평균의 0.14배다.",2026 파일의 인구는 2024년 12월 기준이고 피해액은 2015~2024년 누계이므로 2026년 단년 관측치로 해석하면 안 된다. 2024와 2026 파일의 시도별 인구·피해액 값이 동일하므로 연도 변화로 해석하지 않았다. 시군구 파일에는 주택·Z값·온실·소상공인 데이터가 없어 해당 지표 인사이트를 생성하지 않았다.
2026|시군구|경기|가평군|damagePerCapita,2026,시군구,경기,가평군,파생지표,damagePerCapita,1인당 우심피해액,,N,"2026년 경기 가평군의 1인당 우심피해액은 242,416원으로 경기 31개 시군구 중 5위다. 경기 전체 인구 기준 평균 1인당 피해액의 5.47배이며, 인구 규모에 비해 피해가 매우 크게 집중된 지역이다.",2026 파일의 인구는 2024년 12월 기준이고 피해액은 2015~2024년 누계이므로 2026년 단년 관측치로 해석하면 안 된다. 2024와 2026 파일의 시도별 인구·피해액 값이 동일하므로 연도 변화로 해석하지 않았다. 시군구 파일에는 주택·Z값·온실·소상공인 데이터가 없어 해당 지표 인사이트를 생성하지 않았다.
2026|시군구|경기|고양시|overall,2026,시군구,경기,고양시,종합,overall,종합 인사이트,,N,"2026년 경기 고양시의 인구는 1,070,120명으로 경기 31개 시군구 중 3위이며 경기 인구의 7.81%다. 원자료상 우심피해액은 0원으로 기록되어 있으며, 다른 시군구 대비 피해부담 순위는 최하위권이다.",2026 파일의 인구는 2024년 12월 기준이고 피해액은 2015~2024년 누계이므로 2026년 단년 관측치로 해석하면 안 된다. 2024와 2026 파일의 시도별 인구·피해액 값이 동일하므로 연도 변화로 해석하지 않았다. 시군구 파일에는 주택·Z값·온실·소상공인 데이터가 없어 해당 지표 인사이트를 생성하지 않았다.
2026|시군구|경기|고양시|damage,2026,시군구,경기,고양시,원지표,damage,우심피해액,우심피해액(원),Y,2026년 경기 고양시의 원자료상 우심피해액은 0원으로 경기 31개 시군구 내 공동 최하위다. 0원은 집계기간에 피해액이 기록되지 않았다는 의미이며 향후 재난위험이 없다는 뜻은 아니다.,2026 파일의 인구는 2024년 12월 기준이고 피해액은 2015~2024년 누계이므로 2026년 단년 관측치로 해석하면 안 된다. 2024와 2026 파일의 시도별 인구·피해액 값이 동일하므로 연도 변화로 해석하지 않았다. 시군구 파일에는 주택·Z값·온실·소상공인 데이터가 없어 해당 지표 인사이트를 생성하지 않았다.
2026|시군구|경기|고양시|population,2026,시군구,경기,고양시,원지표,population,인구수,인구수(건),Y,"2026년 경기 고양시의 인구는 1,070,120명으로 경기 31개 시군구 중 3위이며 경기 전체의 7.81%를 차지한다. 경기 31개 시군구 평균의 2.42배다.",2026 파일의 인구는 2024년 12월 기준이고 피해액은 2015~2024년 누계이므로 2026년 단년 관측치로 해석하면 안 된다. 2024와 2026 파일의 시도별 인구·피해액 값이 동일하므로 연도 변화로 해석하지 않았다. 시군구 파일에는 주택·Z값·온실·소상공인 데이터가 없어 해당 지표 인사이트를 생성하지 않았다.
2026|시군구|경기|고양시|damagePerCapita,2026,시군구,경기,고양시,파생지표,damagePerCapita,1인당 우심피해액,,N,"2026년 경기 고양시의 1인당 우심피해액은 0원으로 경기 31개 시군구 중 공동 최하위다. 경기 전체 인구 기준 평균 1인당 피해액의 0.00배이며, 원자료상 피해액은 0원으로 기록되어 있다.",2026 파일의 인구는 2024년 12월 기준이고 피해액은 2015~2024년 누계이므로 2026년 단년 관측치로 해석하면 안 된다. 2024와 2026 파일의 시도별 인구·피해액 값이 동일하므로 연도 변화로 해석하지 않았다. 시군구 파일에는 주택·Z값·온실·소상공인 데이터가 없어 해당 지표 인사이트를 생성하지 않았다.
2026|시군구|경기|과천시|overall,2026,시군구,경기,과천시,종합,overall,종합 인사이트,,N,"2026년 경기 과천시의 인구는 85,512명으로 경기 31개 시군구 중 29위이며 경기 인구의 0.62%다. 원자료상 우심피해액은 0원으로 기록되어 있으며, 다른 시군구 대비 피해부담 순위는 최하위권이다.",2026 파일의 인구는 2024년 12월 기준이고 피해액은 2015~2024년 누계이므로 2026년 단년 관측치로 해석하면 안 된다. 2024와 2026 파일의 시도별 인구·피해액 값이 동일하므로 연도 변화로 해석하지 않았다. 시군구 파일에는 주택·Z값·온실·소상공인 데이터가 없어 해당 지표 인사이트를 생성하지 않았다.
2026|시군구|경기|과천시|damage,2026,시군구,경기,과천시,원지표,damage,우심피해액,우심피해액(원),Y,2026년 경기 과천시의 원자료상 우심피해액은 0원으로 경기 31개 시군구 내 공동 최하위다. 0원은 집계기간에 피해액이 기록되지 않았다는 의미이며 향후 재난위험이 없다는 뜻은 아니다.,2026 파일의 인구는 2024년 12월 기준이고 피해액은 2015~2024년 누계이므로 2026년 단년 관측치로 해석하면 안 된다. 2024와 2026 파일의 시도별 인구·피해액 값이 동일하므로 연도 변화로 해석하지 않았다. 시군구 파일에는 주택·Z값·온실·소상공인 데이터가 없어 해당 지표 인사이트를 생성하지 않았다.
2026|시군구|경기|과천시|population,2026,시군구,경기,과천시,원지표,population,인구수,인구수(건),Y,"2026년 경기 과천시의 인구는 85,512명으로 경기 31개 시군구 중 29위이며 경기 전체의 0.62%를 차지한다. 경기 31개 시군구 평균의 0.19배다.",2026 파일의 인구는 2024년 12월 기준이고 피해액은 2015~2024년 누계이므로 2026년 단년 관측치로 해석하면 안 된다. 2024와 2026 파일의 시도별 인구·피해액 값이 동일하므로 연도 변화로 해석하지 않았다. 시군구 파일에는 주택·Z값·온실·소상공인 데이터가 없어 해당 지표 인사이트를 생성하지 않았다.
2026|시군구|경기|과천시|damagePerCapita,2026,시군구,경기,과천시,파생지표,damagePerCapita,1인당 우심피해액,,N,"2026년 경기 과천시의 1인당 우심피해액은 0원으로 경기 31개 시군구 중 공동 최하위다. 경기 전체 인구 기준 평균 1인당 피해액의 0.00배이며, 원자료상 피해액은 0원으로 기록되어 있다.",2026 파일의 인구는 2024년 12월 기준이고 피해액은 2015~2024년 누계이므로 2026년 단년 관측치로 해석하면 안 된다. 2024와 2026 파일의 시도별 인구·피해액 값이 동일하므로 연도 변화로 해석하지 않았다. 시군구 파일에는 주택·Z값·온실·소상공인 데이터가 없어 해당 지표 인사이트를 생성하지 않았다.
2026|시군구|경기|광명시|overall,2026,시군구,경기,광명시,종합,overall,종합 인사이트,,N,"2026년 경기 광명시의 인구는 278,167명으로 경기 31개 시군구 중 18위이며 경기 인구의 2.03%다. 원자료상 우심피해액은 0원으로 기록되어 있으며, 다른 시군구 대비 피해부담 순위는 최하위권이다.",2026 파일의 인구는 2024년 12월 기준이고 피해액은 2015~2024년 누계이므로 2026년 단년 관측치로 해석하면 안 된다. 2024와 2026 파일의 시도별 인구·피해액 값이 동일하므로 연도 변화로 해석하지 않았다. 시군구 파일에는 주택·Z값·온실·소상공인 데이터가 없어 해당 지표 인사이트를 생성하지 않았다.
2026|시군구|경기|광명시|damage,2026,시군구,경기,광명시,원지표,damage,우심피해액,우심피해액(원),Y,2026년 경기 광명시의 원자료상 우심피해액은 0원으로 경기 31개 시군구 내 공동 최하위다. 0원은 집계기간에 피해액이 기록되지 않았다는 의미이며 향후 재난위험이 없다는 뜻은 아니다.,2026 파일의 인구는 2024년 12월 기준이고 피해액은 2015~2024년 누계이므로 2026년 단년 관측치로 해석하면 안 된다. 2024와 2026 파일의 시도별 인구·피해액 값이 동일하므로 연도 변화로 해석하지 않았다. 시군구 파일에는 주택·Z값·온실·소상공인 데이터가 없어 해당 지표 인사이트를 생성하지 않았다.
2026|시군구|경기|광명시|population,2026,시군구,경기,광명시,원지표,population,인구수,인구수(건),Y,"2026년 경기 광명시의 인구는 278,167명으로 경기 31개 시군구 중 18위이며 경기 전체의 2.03%를 차지한다. 경기 31개 시군구 평균의 0.63배다.",2026 파일의 인구는 2024년 12월 기준이고 피해액은 2015~2024년 누계이므로 2026년 단년 관측치로 해석하면 안 된다. 2024와 2026 파일의 시도별 인구·피해액 값이 동일하므로 연도 변화로 해석하지 않았다. 시군구 파일에는 주택·Z값·온실·소상공인 데이터가 없어 해당 지표 인사이트를 생성하지 않았다.
2026|시군구|경기|광명시|damagePerCapita,2026,시군구,경기,광명시,파생지표,damagePerCapita,1인당 우심피해액,,N,"2026년 경기 광명시의 1인당 우심피해액은 0원으로 경기 31개 시군구 중 공동 최하위다. 경기 전체 인구 기준 평균 1인당 피해액의 0.00배이며, 원자료상 피해액은 0원으로 기록되어 있다.",2026 파일의 인구는 2024년 12월 기준이고 피해액은 2015~2024년 누계이므로 2026년 단년 관측치로 해석하면 안 된다. 2024와 2026 파일의 시도별 인구·피해액 값이 동일하므로 연도 변화로 해석하지 않았다. 시군구 파일에는 주택·Z값·온실·소상공인 데이터가 없어 해당 지표 인사이트를 생성하지 않았다.
2026|시군구|경기|광주시|overall,2026,시군구,경기,광주시,종합,overall,종합 인사이트,,N,"2026년 경기 광주시의 인구는 397,605명으로 경기 31개 시군구 중 15위다. 우심피해액은 252.1억 원(9위)이고, 1인당 피해액은 63,398원(9위)이며 피해비중은 인구비중의 1.43배다. 인구 비중과 피해 비중이 대체로 비슷한 수준이다.",2026 파일의 인구는 2024년 12월 기준이고 피해액은 2015~2024년 누계이므로 2026년 단년 관측치로 해석하면 안 된다. 2024와 2026 파일의 시도별 인구·피해액 값이 동일하므로 연도 변화로 해석하지 않았다. 시군구 파일에는 주택·Z값·온실·소상공인 데이터가 없어 해당 지표 인사이트를 생성하지 않았다.
2026|시군구|경기|광주시|damage,2026,시군구,경기,광주시,원지표,damage,우심피해액,우심피해액(원),Y,"2026년 경기 광주시의 우심피해액은 252.1억 원으로, 경기 31개 시군구 중 9위이며 경기 전체의 4.16%다. 1인당 피해액은 63,398원이고 피해비중/인구비중은 1.43배다.",2026 파일의 인구는 2024년 12월 기준이고 피해액은 2015~2024년 누계이므로 2026년 단년 관측치로 해석하면 안 된다. 2024와 2026 파일의 시도별 인구·피해액 값이 동일하므로 연도 변화로 해석하지 않았다. 시군구 파일에는 주택·Z값·온실·소상공인 데이터가 없어 해당 지표 인사이트를 생성하지 않았다.
2026|시군구|경기|광주시|population,2026,시군구,경기,광주시,원지표,population,인구수,인구수(건),Y,"2026년 경기 광주시의 인구는 397,605명으로 경기 31개 시군구 중 15위이며 경기 전체의 2.90%를 차지한다. 경기 31개 시군구 평균의 0.90배다.",2026 파일의 인구는 2024년 12월 기준이고 피해액은 2015~2024년 누계이므로 2026년 단년 관측치로 해석하면 안 된다. 2024와 2026 파일의 시도별 인구·피해액 값이 동일하므로 연도 변화로 해석하지 않았다. 시군구 파일에는 주택·Z값·온실·소상공인 데이터가 없어 해당 지표 인사이트를 생성하지 않았다.
2026|시군구|경기|광주시|damagePerCapita,2026,시군구,경기,광주시,파생지표,damagePerCapita,1인당 우심피해액,,N,"2026년 경기 광주시의 1인당 우심피해액은 63,398원으로 경기 31개 시군구 중 9위다. 경기 전체 인구 기준 평균 1인당 피해액의 1.43배이며, 인구 비중과 피해 비중이 대체로 비슷한 수준이다.",2026 파일의 인구는 2024년 12월 기준이고 피해액은 2015~2024년 누계이므로 2026년 단년 관측치로 해석하면 안 된다. 2024와 2026 파일의 시도별 인구·피해액 값이 동일하므로 연도 변화로 해석하지 않았다. 시군구 파일에는 주택·Z값·온실·소상공인 데이터가 없어 해당 지표 인사이트를 생성하지 않았다.
2026|시군구|경기|구리시|overall,2026,시군구,경기,구리시,종합,overall,종합 인사이트,,N,"2026년 경기 구리시의 인구는 186,882명으로 경기 31개 시군구 중 23위이며 경기 인구의 1.36%다. 원자료상 우심피해액은 0원으로 기록되어 있으며, 다른 시군구 대비 피해부담 순위는 최하위권이다.",2026 파일의 인구는 2024년 12월 기준이고 피해액은 2015~2024년 누계이므로 2026년 단년 관측치로 해석하면 안 된다. 2024와 2026 파일의 시도별 인구·피해액 값이 동일하므로 연도 변화로 해석하지 않았다. 시군구 파일에는 주택·Z값·온실·소상공인 데이터가 없어 해당 지표 인사이트를 생성하지 않았다.
2026|시군구|경기|구리시|damage,2026,시군구,경기,구리시,원지표,damage,우심피해액,우심피해액(원),Y,2026년 경기 구리시의 원자료상 우심피해액은 0원으로 경기 31개 시군구 내 공동 최하위다. 0원은 집계기간에 피해액이 기록되지 않았다는 의미이며 향후 재난위험이 없다는 뜻은 아니다.,2026 파일의 인구는 2024년 12월 기준이고 피해액은 2015~2024년 누계이므로 2026년 단년 관측치로 해석하면 안 된다. 2024와 2026 파일의 시도별 인구·피해액 값이 동일하므로 연도 변화로 해석하지 않았다. 시군구 파일에는 주택·Z값·온실·소상공인 데이터가 없어 해당 지표 인사이트를 생성하지 않았다.
2026|시군구|경기|구리시|population,2026,시군구,경기,구리시,원지표,population,인구수,인구수(건),Y,"2026년 경기 구리시의 인구는 186,882명으로 경기 31개 시군구 중 23위이며 경기 전체의 1.36%를 차지한다. 경기 31개 시군구 평균의 0.42배다.",2026 파일의 인구는 2024년 12월 기준이고 피해액은 2015~2024년 누계이므로 2026년 단년 관측치로 해석하면 안 된다. 2024와 2026 파일의 시도별 인구·피해액 값이 동일하므로 연도 변화로 해석하지 않았다. 시군구 파일에는 주택·Z값·온실·소상공인 데이터가 없어 해당 지표 인사이트를 생성하지 않았다.
2026|시군구|경기|구리시|damagePerCapita,2026,시군구,경기,구리시,파생지표,damagePerCapita,1인당 우심피해액,,N,"2026년 경기 구리시의 1인당 우심피해액은 0원으로 경기 31개 시군구 중 공동 최하위다. 경기 전체 인구 기준 평균 1인당 피해액의 0.00배이며, 원자료상 피해액은 0원으로 기록되어 있다.",2026 파일의 인구는 2024년 12월 기준이고 피해액은 2015~2024년 누계이므로 2026년 단년 관측치로 해석하면 안 된다. 2024와 2026 파일의 시도별 인구·피해액 값이 동일하므로 연도 변화로 해석하지 않았다. 시군구 파일에는 주택·Z값·온실·소상공인 데이터가 없어 해당 지표 인사이트를 생성하지 않았다.
2026|시군구|경기|군포시|overall,2026,시군구,경기,군포시,종합,overall,종합 인사이트,,N,"2026년 경기 군포시의 인구는 255,931명으로 경기 31개 시군구 중 19위이며 경기 인구의 1.87%다. 원자료상 우심피해액은 0원으로 기록되어 있으며, 다른 시군구 대비 피해부담 순위는 최하위권이다.",2026 파일의 인구는 2024년 12월 기준이고 피해액은 2015~2024년 누계이므로 2026년 단년 관측치로 해석하면 안 된다. 2024와 2026 파일의 시도별 인구·피해액 값이 동일하므로 연도 변화로 해석하지 않았다. 시군구 파일에는 주택·Z값·온실·소상공인 데이터가 없어 해당 지표 인사이트를 생성하지 않았다.
2026|시군구|경기|군포시|damage,2026,시군구,경기,군포시,원지표,damage,우심피해액,우심피해액(원),Y,2026년 경기 군포시의 원자료상 우심피해액은 0원으로 경기 31개 시군구 내 공동 최하위다. 0원은 집계기간에 피해액이 기록되지 않았다는 의미이며 향후 재난위험이 없다는 뜻은 아니다.,2026 파일의 인구는 2024년 12월 기준이고 피해액은 2015~2024년 누계이므로 2026년 단년 관측치로 해석하면 안 된다. 2024와 2026 파일의 시도별 인구·피해액 값이 동일하므로 연도 변화로 해석하지 않았다. 시군구 파일에는 주택·Z값·온실·소상공인 데이터가 없어 해당 지표 인사이트를 생성하지 않았다.
2026|시군구|경기|군포시|population,2026,시군구,경기,군포시,원지표,population,인구수,인구수(건),Y,"2026년 경기 군포시의 인구는 255,931명으로 경기 31개 시군구 중 19위이며 경기 전체의 1.87%를 차지한다. 경기 31개 시군구 평균의 0.58배다.",2026 파일의 인구는 2024년 12월 기준이고 피해액은 2015~2024년 누계이므로 2026년 단년 관측치로 해석하면 안 된다. 2024와 2026 파일의 시도별 인구·피해액 값이 동일하므로 연도 변화로 해석하지 않았다. 시군구 파일에는 주택·Z값·온실·소상공인 데이터가 없어 해당 지표 인사이트를 생성하지 않았다.
2026|시군구|경기|군포시|damagePerCapita,2026,시군구,경기,군포시,파생지표,damagePerCapita,1인당 우심피해액,,N,"2026년 경기 군포시의 1인당 우심피해액은 0원으로 경기 31개 시군구 중 공동 최하위다. 경기 전체 인구 기준 평균 1인당 피해액의 0.00배이며, 원자료상 피해액은 0원으로 기록되어 있다.",2026 파일의 인구는 2024년 12월 기준이고 피해액은 2015~2024년 누계이므로 2026년 단년 관측치로 해석하면 안 된다. 2024와 2026 파일의 시도별 인구·피해액 값이 동일하므로 연도 변화로 해석하지 않았다. 시군구 파일에는 주택·Z값·온실·소상공인 데이터가 없어 해당 지표 인사이트를 생성하지 않았다.
2026|시군구|경기|김포시|overall,2026,시군구,경기,김포시,종합,overall,종합 인사이트,,N,"2026년 경기 김포시의 인구는 486,853명으로 경기 31개 시군구 중 13위이며 경기 인구의 3.56%다. 원자료상 우심피해액은 0원으로 기록되어 있으며, 다른 시군구 대비 피해부담 순위는 최하위권이다.",2026 파일의 인구는 2024년 12월 기준이고 피해액은 2015~2024년 누계이므로 2026년 단년 관측치로 해석하면 안 된다. 2024와 2026 파일의 시도별 인구·피해액 값이 동일하므로 연도 변화로 해석하지 않았다. 시군구 파일에는 주택·Z값·온실·소상공인 데이터가 없어 해당 지표 인사이트를 생성하지 않았다.
2026|시군구|경기|김포시|damage,2026,시군구,경기,김포시,원지표,damage,우심피해액,우심피해액(원),Y,2026년 경기 김포시의 원자료상 우심피해액은 0원으로 경기 31개 시군구 내 공동 최하위다. 0원은 집계기간에 피해액이 기록되지 않았다는 의미이며 향후 재난위험이 없다는 뜻은 아니다.,2026 파일의 인구는 2024년 12월 기준이고 피해액은 2015~2024년 누계이므로 2026년 단년 관측치로 해석하면 안 된다. 2024와 2026 파일의 시도별 인구·피해액 값이 동일하므로 연도 변화로 해석하지 않았다. 시군구 파일에는 주택·Z값·온실·소상공인 데이터가 없어 해당 지표 인사이트를 생성하지 않았다.
2026|시군구|경기|김포시|population,2026,시군구,경기,김포시,원지표,population,인구수,인구수(건),Y,"2026년 경기 김포시의 인구는 486,853명으로 경기 31개 시군구 중 13위이며 경기 전체의 3.56%를 차지한다. 경기 31개 시군구 평균의 1.10배다.",2026 파일의 인구는 2024년 12월 기준이고 피해액은 2015~2024년 누계이므로 2026년 단년 관측치로 해석하면 안 된다. 2024와 2026 파일의 시도별 인구·피해액 값이 동일하므로 연도 변화로 해석하지 않았다. 시군구 파일에는 주택·Z값·온실·소상공인 데이터가 없어 해당 지표 인사이트를 생성하지 않았다.
2026|시군구|경기|김포시|damagePerCapita,2026,시군구,경기,김포시,파생지표,damagePerCapita,1인당 우심피해액,,N,"2026년 경기 김포시의 1인당 우심피해액은 0원으로 경기 31개 시군구 중 공동 최하위다. 경기 전체 인구 기준 평균 1인당 피해액의 0.00배이며, 원자료상 피해액은 0원으로 기록되어 있다.",2026 파일의 인구는 2024년 12월 기준이고 피해액은 2015~2024년 누계이므로 2026년 단년 관측치로 해석하면 안 된다. 2024와 2026 파일의 시도별 인구·피해액 값이 동일하므로 연도 변화로 해석하지 않았다. 시군구 파일에는 주택·Z값·온실·소상공인 데이터가 없어 해당 지표 인사이트를 생성하지 않았다.
2026|시군구|경기|남양주시|overall,2026,시군구,경기,남양주시,종합,overall,종합 인사이트,,N,"2026년 경기 남양주시의 인구는 732,482명으로 경기 31개 시군구 중 7위이며 경기 인구의 5.35%다. 원자료상 우심피해액은 0원으로 기록되어 있으며, 다른 시군구 대비 피해부담 순위는 최하위권이다.",2026 파일의 인구는 2024년 12월 기준이고 피해액은 2015~2024년 누계이므로 2026년 단년 관측치로 해석하면 안 된다. 2024와 2026 파일의 시도별 인구·피해액 값이 동일하므로 연도 변화로 해석하지 않았다. 시군구 파일에는 주택·Z값·온실·소상공인 데이터가 없어 해당 지표 인사이트를 생성하지 않았다.
2026|시군구|경기|남양주시|damage,2026,시군구,경기,남양주시,원지표,damage,우심피해액,우심피해액(원),Y,2026년 경기 남양주시의 원자료상 우심피해액은 0원으로 경기 31개 시군구 내 공동 최하위다. 0원은 집계기간에 피해액이 기록되지 않았다는 의미이며 향후 재난위험이 없다는 뜻은 아니다.,2026 파일의 인구는 2024년 12월 기준이고 피해액은 2015~2024년 누계이므로 2026년 단년 관측치로 해석하면 안 된다. 2024와 2026 파일의 시도별 인구·피해액 값이 동일하므로 연도 변화로 해석하지 않았다. 시군구 파일에는 주택·Z값·온실·소상공인 데이터가 없어 해당 지표 인사이트를 생성하지 않았다.
2026|시군구|경기|남양주시|population,2026,시군구,경기,남양주시,원지표,population,인구수,인구수(건),Y,"2026년 경기 남양주시의 인구는 732,482명으로 경기 31개 시군구 중 7위이며 경기 전체의 5.35%를 차지한다. 경기 31개 시군구 평균의 1.66배다.",2026 파일의 인구는 2024년 12월 기준이고 피해액은 2015~2024년 누계이므로 2026년 단년 관측치로 해석하면 안 된다. 2024와 2026 파일의 시도별 인구·피해액 값이 동일하므로 연도 변화로 해석하지 않았다. 시군구 파일에는 주택·Z값·온실·소상공인 데이터가 없어 해당 지표 인사이트를 생성하지 않았다.
2026|시군구|경기|남양주시|damagePerCapita,2026,시군구,경기,남양주시,파생지표,damagePerCapita,1인당 우심피해액,,N,"2026년 경기 남양주시의 1인당 우심피해액은 0원으로 경기 31개 시군구 중 공동 최하위다. 경기 전체 인구 기준 평균 1인당 피해액의 0.00배이며, 원자료상 피해액은 0원으로 기록되어 있다.",2026 파일의 인구는 2024년 12월 기준이고 피해액은 2015~2024년 누계이므로 2026년 단년 관측치로 해석하면 안 된다. 2024와 2026 파일의 시도별 인구·피해액 값이 동일하므로 연도 변화로 해석하지 않았다. 시군구 파일에는 주택·Z값·온실·소상공인 데이터가 없어 해당 지표 인사이트를 생성하지 않았다.
2026|시군구|경기|동두천시|overall,2026,시군구,경기,동두천시,종합,overall,종합 인사이트,,N,"2026년 경기 동두천시의 인구는 86,838명으로 경기 31개 시군구 중 28위이며 경기 인구의 0.63%다. 원자료상 우심피해액은 0원으로 기록되어 있으며, 다른 시군구 대비 피해부담 순위는 최하위권이다.",2026 파일의 인구는 2024년 12월 기준이고 피해액은 2015~2024년 누계이므로 2026년 단년 관측치로 해석하면 안 된다. 2024와 2026 파일의 시도별 인구·피해액 값이 동일하므로 연도 변화로 해석하지 않았다. 시군구 파일에는 주택·Z값·온실·소상공인 데이터가 없어 해당 지표 인사이트를 생성하지 않았다.
2026|시군구|경기|동두천시|damage,2026,시군구,경기,동두천시,원지표,damage,우심피해액,우심피해액(원),Y,2026년 경기 동두천시의 원자료상 우심피해액은 0원으로 경기 31개 시군구 내 공동 최하위다. 0원은 집계기간에 피해액이 기록되지 않았다는 의미이며 향후 재난위험이 없다는 뜻은 아니다.,2026 파일의 인구는 2024년 12월 기준이고 피해액은 2015~2024년 누계이므로 2026년 단년 관측치로 해석하면 안 된다. 2024와 2026 파일의 시도별 인구·피해액 값이 동일하므로 연도 변화로 해석하지 않았다. 시군구 파일에는 주택·Z값·온실·소상공인 데이터가 없어 해당 지표 인사이트를 생성하지 않았다.
2026|시군구|경기|동두천시|population,2026,시군구,경기,동두천시,원지표,population,인구수,인구수(건),Y,"2026년 경기 동두천시의 인구는 86,838명으로 경기 31개 시군구 중 28위이며 경기 전체의 0.63%를 차지한다. 경기 31개 시군구 평균의 0.20배다.",2026 파일의 인구는 2024년 12월 기준이고 피해액은 2015~2024년 누계이므로 2026년 단년 관측치로 해석하면 안 된다. 2024와 2026 파일의 시도별 인구·피해액 값이 동일하므로 연도 변화로 해석하지 않았다. 시군구 파일에는 주택·Z값·온실·소상공인 데이터가 없어 해당 지표 인사이트를 생성하지 않았다.
2026|시군구|경기|동두천시|damagePerCapita,2026,시군구,경기,동두천시,파생지표,damagePerCapita,1인당 우심피해액,,N,"2026년 경기 동두천시의 1인당 우심피해액은 0원으로 경기 31개 시군구 중 공동 최하위다. 경기 전체 인구 기준 평균 1인당 피해액의 0.00배이며, 원자료상 피해액은 0원으로 기록되어 있다.",2026 파일의 인구는 2024년 12월 기준이고 피해액은 2015~2024년 누계이므로 2026년 단년 관측치로 해석하면 안 된다. 2024와 2026 파일의 시도별 인구·피해액 값이 동일하므로 연도 변화로 해석하지 않았다. 시군구 파일에는 주택·Z값·온실·소상공인 데이터가 없어 해당 지표 인사이트를 생성하지 않았다.
2026|시군구|경기|부천시|overall,2026,시군구,경기,부천시,종합,overall,종합 인사이트,,N,"2026년 경기 부천시의 인구는 769,918명으로 경기 31개 시군구 중 6위이며 경기 인구의 5.62%다. 원자료상 우심피해액은 0원으로 기록되어 있으며, 다른 시군구 대비 피해부담 순위는 최하위권이다.",2026 파일의 인구는 2024년 12월 기준이고 피해액은 2015~2024년 누계이므로 2026년 단년 관측치로 해석하면 안 된다. 2024와 2026 파일의 시도별 인구·피해액 값이 동일하므로 연도 변화로 해석하지 않았다. 시군구 파일에는 주택·Z값·온실·소상공인 데이터가 없어 해당 지표 인사이트를 생성하지 않았다.
2026|시군구|경기|부천시|damage,2026,시군구,경기,부천시,원지표,damage,우심피해액,우심피해액(원),Y,2026년 경기 부천시의 원자료상 우심피해액은 0원으로 경기 31개 시군구 내 공동 최하위다. 0원은 집계기간에 피해액이 기록되지 않았다는 의미이며 향후 재난위험이 없다는 뜻은 아니다.,2026 파일의 인구는 2024년 12월 기준이고 피해액은 2015~2024년 누계이므로 2026년 단년 관측치로 해석하면 안 된다. 2024와 2026 파일의 시도별 인구·피해액 값이 동일하므로 연도 변화로 해석하지 않았다. 시군구 파일에는 주택·Z값·온실·소상공인 데이터가 없어 해당 지표 인사이트를 생성하지 않았다.
2026|시군구|경기|부천시|population,2026,시군구,경기,부천시,원지표,population,인구수,인구수(건),Y,"2026년 경기 부천시의 인구는 769,918명으로 경기 31개 시군구 중 6위이며 경기 전체의 5.62%를 차지한다. 경기 31개 시군구 평균의 1.74배다.",2026 파일의 인구는 2024년 12월 기준이고 피해액은 2015~2024년 누계이므로 2026년 단년 관측치로 해석하면 안 된다. 2024와 2026 파일의 시도별 인구·피해액 값이 동일하므로 연도 변화로 해석하지 않았다. 시군구 파일에는 주택·Z값·온실·소상공인 데이터가 없어 해당 지표 인사이트를 생성하지 않았다.
2026|시군구|경기|부천시|damagePerCapita,2026,시군구,경기,부천시,파생지표,damagePerCapita,1인당 우심피해액,,N,"2026년 경기 부천시의 1인당 우심피해액은 0원으로 경기 31개 시군구 중 공동 최하위다. 경기 전체 인구 기준 평균 1인당 피해액의 0.00배이며, 원자료상 피해액은 0원으로 기록되어 있다.",2026 파일의 인구는 2024년 12월 기준이고 피해액은 2015~2024년 누계이므로 2026년 단년 관측치로 해석하면 안 된다. 2024와 2026 파일의 시도별 인구·피해액 값이 동일하므로 연도 변화로 해석하지 않았다. 시군구 파일에는 주택·Z값·온실·소상공인 데이터가 없어 해당 지표 인사이트를 생성하지 않았다.
2026|시군구|경기|성남시|overall,2026,시군구,경기,성남시,종합,overall,종합 인사이트,,N,"2026년 경기 성남시의 인구는 913,009명으로 경기 31개 시군구 중 5위다. 우심피해액은 136.1억 원(11위)이고, 1인당 피해액은 14,909원(13위)이며 피해비중은 인구비중의 0.34배다. 인구 규모 대비 피해 부담은 매우 낮게 나타난다.",2026 파일의 인구는 2024년 12월 기준이고 피해액은 2015~2024년 누계이므로 2026년 단년 관측치로 해석하면 안 된다. 2024와 2026 파일의 시도별 인구·피해액 값이 동일하므로 연도 변화로 해석하지 않았다. 시군구 파일에는 주택·Z값·온실·소상공인 데이터가 없어 해당 지표 인사이트를 생성하지 않았다.
2026|시군구|경기|성남시|damage,2026,시군구,경기,성남시,원지표,damage,우심피해액,우심피해액(원),Y,"2026년 경기 성남시의 우심피해액은 136.1억 원으로, 경기 31개 시군구 중 11위이며 경기 전체의 2.24%다. 1인당 피해액은 14,909원이고 피해비중/인구비중은 0.34배다.",2026 파일의 인구는 2024년 12월 기준이고 피해액은 2015~2024년 누계이므로 2026년 단년 관측치로 해석하면 안 된다. 2024와 2026 파일의 시도별 인구·피해액 값이 동일하므로 연도 변화로 해석하지 않았다. 시군구 파일에는 주택·Z값·온실·소상공인 데이터가 없어 해당 지표 인사이트를 생성하지 않았다.
2026|시군구|경기|성남시|population,2026,시군구,경기,성남시,원지표,population,인구수,인구수(건),Y,"2026년 경기 성남시의 인구는 913,009명으로 경기 31개 시군구 중 5위이며 경기 전체의 6.67%를 차지한다. 경기 31개 시군구 평균의 2.07배다.",2026 파일의 인구는 2024년 12월 기준이고 피해액은 2015~2024년 누계이므로 2026년 단년 관측치로 해석하면 안 된다. 2024와 2026 파일의 시도별 인구·피해액 값이 동일하므로 연도 변화로 해석하지 않았다. 시군구 파일에는 주택·Z값·온실·소상공인 데이터가 없어 해당 지표 인사이트를 생성하지 않았다.
2026|시군구|경기|성남시|damagePerCapita,2026,시군구,경기,성남시,파생지표,damagePerCapita,1인당 우심피해액,,N,"2026년 경기 성남시의 1인당 우심피해액은 14,909원으로 경기 31개 시군구 중 13위다. 경기 전체 인구 기준 평균 1인당 피해액의 0.34배이며, 인구 규모 대비 피해 부담은 매우 낮게 나타난다.",2026 파일의 인구는 2024년 12월 기준이고 피해액은 2015~2024년 누계이므로 2026년 단년 관측치로 해석하면 안 된다. 2024와 2026 파일의 시도별 인구·피해액 값이 동일하므로 연도 변화로 해석하지 않았다. 시군구 파일에는 주택·Z값·온실·소상공인 데이터가 없어 해당 지표 인사이트를 생성하지 않았다.
2026|시군구|경기|수원시|overall,2026,시군구,경기,수원시,종합,overall,종합 인사이트,,N,"2026년 경기 수원시의 인구는 1,193,005명으로 경기 31개 시군구 중 1위이며 경기 인구의 8.71%다. 원자료상 우심피해액은 0원으로 기록되어 있으며, 다른 시군구 대비 피해부담 순위는 최하위권이다.",2026 파일의 인구는 2024년 12월 기준이고 피해액은 2015~2024년 누계이므로 2026년 단년 관측치로 해석하면 안 된다. 2024와 2026 파일의 시도별 인구·피해액 값이 동일하므로 연도 변화로 해석하지 않았다. 시군구 파일에는 주택·Z값·온실·소상공인 데이터가 없어 해당 지표 인사이트를 생성하지 않았다.
2026|시군구|경기|수원시|damage,2026,시군구,경기,수원시,원지표,damage,우심피해액,우심피해액(원),Y,2026년 경기 수원시의 원자료상 우심피해액은 0원으로 경기 31개 시군구 내 공동 최하위다. 0원은 집계기간에 피해액이 기록되지 않았다는 의미이며 향후 재난위험이 없다는 뜻은 아니다.,2026 파일의 인구는 2024년 12월 기준이고 피해액은 2015~2024년 누계이므로 2026년 단년 관측치로 해석하면 안 된다. 2024와 2026 파일의 시도별 인구·피해액 값이 동일하므로 연도 변화로 해석하지 않았다. 시군구 파일에는 주택·Z값·온실·소상공인 데이터가 없어 해당 지표 인사이트를 생성하지 않았다.
2026|시군구|경기|수원시|population,2026,시군구,경기,수원시,원지표,population,인구수,인구수(건),Y,"2026년 경기 수원시의 인구는 1,193,005명으로 경기 31개 시군구 중 1위이며 경기 전체의 8.71%를 차지한다. 경기 31개 시군구 평균의 2.70배다.",2026 파일의 인구는 2024년 12월 기준이고 피해액은 2015~2024년 누계이므로 2026년 단년 관측치로 해석하면 안 된다. 2024와 2026 파일의 시도별 인구·피해액 값이 동일하므로 연도 변화로 해석하지 않았다. 시군구 파일에는 주택·Z값·온실·소상공인 데이터가 없어 해당 지표 인사이트를 생성하지 않았다.
2026|시군구|경기|수원시|damagePerCapita,2026,시군구,경기,수원시,파생지표,damagePerCapita,1인당 우심피해액,,N,"2026년 경기 수원시의 1인당 우심피해액은 0원으로 경기 31개 시군구 중 공동 최하위다. 경기 전체 인구 기준 평균 1인당 피해액의 0.00배이며, 원자료상 피해액은 0원으로 기록되어 있다.",2026 파일의 인구는 2024년 12월 기준이고 피해액은 2015~2024년 누계이므로 2026년 단년 관측치로 해석하면 안 된다. 2024와 2026 파일의 시도별 인구·피해액 값이 동일하므로 연도 변화로 해석하지 않았다. 시군구 파일에는 주택·Z값·온실·소상공인 데이터가 없어 해당 지표 인사이트를 생성하지 않았다.
2026|시군구|경기|시흥시|overall,2026,시군구,경기,시흥시,종합,overall,종합 인사이트,,N,"2026년 경기 시흥시의 인구는 518,132명으로 경기 31개 시군구 중 11위이며 경기 인구의 3.78%다. 원자료상 우심피해액은 0원으로 기록되어 있으며, 다른 시군구 대비 피해부담 순위는 최하위권이다.",2026 파일의 인구는 2024년 12월 기준이고 피해액은 2015~2024년 누계이므로 2026년 단년 관측치로 해석하면 안 된다. 2024와 2026 파일의 시도별 인구·피해액 값이 동일하므로 연도 변화로 해석하지 않았다. 시군구 파일에는 주택·Z값·온실·소상공인 데이터가 없어 해당 지표 인사이트를 생성하지 않았다.
2026|시군구|경기|시흥시|damage,2026,시군구,경기,시흥시,원지표,damage,우심피해액,우심피해액(원),Y,2026년 경기 시흥시의 원자료상 우심피해액은 0원으로 경기 31개 시군구 내 공동 최하위다. 0원은 집계기간에 피해액이 기록되지 않았다는 의미이며 향후 재난위험이 없다는 뜻은 아니다.,2026 파일의 인구는 2024년 12월 기준이고 피해액은 2015~2024년 누계이므로 2026년 단년 관측치로 해석하면 안 된다. 2024와 2026 파일의 시도별 인구·피해액 값이 동일하므로 연도 변화로 해석하지 않았다. 시군구 파일에는 주택·Z값·온실·소상공인 데이터가 없어 해당 지표 인사이트를 생성하지 않았다.
2026|시군구|경기|시흥시|population,2026,시군구,경기,시흥시,원지표,population,인구수,인구수(건),Y,"2026년 경기 시흥시의 인구는 518,132명으로 경기 31개 시군구 중 11위이며 경기 전체의 3.78%를 차지한다. 경기 31개 시군구 평균의 1.17배다.",2026 파일의 인구는 2024년 12월 기준이고 피해액은 2015~2024년 누계이므로 2026년 단년 관측치로 해석하면 안 된다. 2024와 2026 파일의 시도별 인구·피해액 값이 동일하므로 연도 변화로 해석하지 않았다. 시군구 파일에는 주택·Z값·온실·소상공인 데이터가 없어 해당 지표 인사이트를 생성하지 않았다.
2026|시군구|경기|시흥시|damagePerCapita,2026,시군구,경기,시흥시,파생지표,damagePerCapita,1인당 우심피해액,,N,"2026년 경기 시흥시의 1인당 우심피해액은 0원으로 경기 31개 시군구 중 공동 최하위다. 경기 전체 인구 기준 평균 1인당 피해액의 0.00배이며, 원자료상 피해액은 0원으로 기록되어 있다.",2026 파일의 인구는 2024년 12월 기준이고 피해액은 2015~2024년 누계이므로 2026년 단년 관측치로 해석하면 안 된다. 2024와 2026 파일의 시도별 인구·피해액 값이 동일하므로 연도 변화로 해석하지 않았다. 시군구 파일에는 주택·Z값·온실·소상공인 데이터가 없어 해당 지표 인사이트를 생성하지 않았다.
2026|시군구|경기|안산시|overall,2026,시군구,경기,안산시,종합,overall,종합 인사이트,,N,"2026년 경기 안산시의 인구는 620,579명으로 경기 31개 시군구 중 8위이며 경기 인구의 4.53%다. 원자료상 우심피해액은 0원으로 기록되어 있으며, 다른 시군구 대비 피해부담 순위는 최하위권이다.",2026 파일의 인구는 2024년 12월 기준이고 피해액은 2015~2024년 누계이므로 2026년 단년 관측치로 해석하면 안 된다. 2024와 2026 파일의 시도별 인구·피해액 값이 동일하므로 연도 변화로 해석하지 않았다. 시군구 파일에는 주택·Z값·온실·소상공인 데이터가 없어 해당 지표 인사이트를 생성하지 않았다.
2026|시군구|경기|안산시|damage,2026,시군구,경기,안산시,원지표,damage,우심피해액,우심피해액(원),Y,2026년 경기 안산시의 원자료상 우심피해액은 0원으로 경기 31개 시군구 내 공동 최하위다. 0원은 집계기간에 피해액이 기록되지 않았다는 의미이며 향후 재난위험이 없다는 뜻은 아니다.,2026 파일의 인구는 2024년 12월 기준이고 피해액은 2015~2024년 누계이므로 2026년 단년 관측치로 해석하면 안 된다. 2024와 2026 파일의 시도별 인구·피해액 값이 동일하므로 연도 변화로 해석하지 않았다. 시군구 파일에는 주택·Z값·온실·소상공인 데이터가 없어 해당 지표 인사이트를 생성하지 않았다.
2026|시군구|경기|안산시|population,2026,시군구,경기,안산시,원지표,population,인구수,인구수(건),Y,"2026년 경기 안산시의 인구는 620,579명으로 경기 31개 시군구 중 8위이며 경기 전체의 4.53%를 차지한다. 경기 31개 시군구 평균의 1.40배다.",2026 파일의 인구는 2024년 12월 기준이고 피해액은 2015~2024년 누계이므로 2026년 단년 관측치로 해석하면 안 된다. 2024와 2026 파일의 시도별 인구·피해액 값이 동일하므로 연도 변화로 해석하지 않았다. 시군구 파일에는 주택·Z값·온실·소상공인 데이터가 없어 해당 지표 인사이트를 생성하지 않았다.
2026|시군구|경기|안산시|damagePerCapita,2026,시군구,경기,안산시,파생지표,damagePerCapita,1인당 우심피해액,,N,"2026년 경기 안산시의 1인당 우심피해액은 0원으로 경기 31개 시군구 중 공동 최하위다. 경기 전체 인구 기준 평균 1인당 피해액의 0.00배이며, 원자료상 피해액은 0원으로 기록되어 있다.",2026 파일의 인구는 2024년 12월 기준이고 피해액은 2015~2024년 누계이므로 2026년 단년 관측치로 해석하면 안 된다. 2024와 2026 파일의 시도별 인구·피해액 값이 동일하므로 연도 변화로 해석하지 않았다. 시군구 파일에는 주택·Z값·온실·소상공인 데이터가 없어 해당 지표 인사이트를 생성하지 않았다.
2026|시군구|경기|안성시|overall,2026,시군구,경기,안성시,종합,overall,종합 인사이트,,N,"2026년 경기 안성시의 인구는 193,949명으로 경기 31개 시군구 중 22위다. 우심피해액은 1,401.6억 원(1위)이고, 1인당 피해액은 722,661원(2위)이며 피해비중은 인구비중의 16.32배다. 인구 규모에 비해 피해가 매우 크게 집중된 지역이다.",2026 파일의 인구는 2024년 12월 기준이고 피해액은 2015~2024년 누계이므로 2026년 단년 관측치로 해석하면 안 된다. 2024와 2026 파일의 시도별 인구·피해액 값이 동일하므로 연도 변화로 해석하지 않았다. 시군구 파일에는 주택·Z값·온실·소상공인 데이터가 없어 해당 지표 인사이트를 생성하지 않았다.
2026|시군구|경기|안성시|damage,2026,시군구,경기,안성시,원지표,damage,우심피해액,우심피해액(원),Y,"2026년 경기 안성시의 우심피해액은 1,401.6억 원으로, 경기 31개 시군구 중 1위이며 경기 전체의 23.11%다. 1인당 피해액은 722,661원이고 피해비중/인구비중은 16.32배다.",2026 파일의 인구는 2024년 12월 기준이고 피해액은 2015~2024년 누계이므로 2026년 단년 관측치로 해석하면 안 된다. 2024와 2026 파일의 시도별 인구·피해액 값이 동일하므로 연도 변화로 해석하지 않았다. 시군구 파일에는 주택·Z값·온실·소상공인 데이터가 없어 해당 지표 인사이트를 생성하지 않았다.
2026|시군구|경기|안성시|population,2026,시군구,경기,안성시,원지표,population,인구수,인구수(건),Y,"2026년 경기 안성시의 인구는 193,949명으로 경기 31개 시군구 중 22위이며 경기 전체의 1.42%를 차지한다. 경기 31개 시군구 평균의 0.44배다.",2026 파일의 인구는 2024년 12월 기준이고 피해액은 2015~2024년 누계이므로 2026년 단년 관측치로 해석하면 안 된다. 2024와 2026 파일의 시도별 인구·피해액 값이 동일하므로 연도 변화로 해석하지 않았다. 시군구 파일에는 주택·Z값·온실·소상공인 데이터가 없어 해당 지표 인사이트를 생성하지 않았다.
2026|시군구|경기|안성시|damagePerCapita,2026,시군구,경기,안성시,파생지표,damagePerCapita,1인당 우심피해액,,N,"2026년 경기 안성시의 1인당 우심피해액은 722,661원으로 경기 31개 시군구 중 2위다. 경기 전체 인구 기준 평균 1인당 피해액의 16.32배이며, 인구 규모에 비해 피해가 매우 크게 집중된 지역이다.",2026 파일의 인구는 2024년 12월 기준이고 피해액은 2015~2024년 누계이므로 2026년 단년 관측치로 해석하면 안 된다. 2024와 2026 파일의 시도별 인구·피해액 값이 동일하므로 연도 변화로 해석하지 않았다. 시군구 파일에는 주택·Z값·온실·소상공인 데이터가 없어 해당 지표 인사이트를 생성하지 않았다.
2026|시군구|경기|안양시|overall,2026,시군구,경기,안양시,종합,overall,종합 인사이트,,N,"2026년 경기 안양시의 인구는 556,492명으로 경기 31개 시군구 중 10위다. 우심피해액은 49.5억 원(13위)이고, 1인당 피해액은 8,896원(15위)이며 피해비중은 인구비중의 0.20배다. 인구 규모 대비 피해 부담은 매우 낮게 나타난다.",2026 파일의 인구는 2024년 12월 기준이고 피해액은 2015~2024년 누계이므로 2026년 단년 관측치로 해석하면 안 된다. 2024와 2026 파일의 시도별 인구·피해액 값이 동일하므로 연도 변화로 해석하지 않았다. 시군구 파일에는 주택·Z값·온실·소상공인 데이터가 없어 해당 지표 인사이트를 생성하지 않았다.
2026|시군구|경기|안양시|damage,2026,시군구,경기,안양시,원지표,damage,우심피해액,우심피해액(원),Y,"2026년 경기 안양시의 우심피해액은 49.5억 원으로, 경기 31개 시군구 중 13위이며 경기 전체의 0.82%다. 1인당 피해액은 8,896원이고 피해비중/인구비중은 0.20배다.",2026 파일의 인구는 2024년 12월 기준이고 피해액은 2015~2024년 누계이므로 2026년 단년 관측치로 해석하면 안 된다. 2024와 2026 파일의 시도별 인구·피해액 값이 동일하므로 연도 변화로 해석하지 않았다. 시군구 파일에는 주택·Z값·온실·소상공인 데이터가 없어 해당 지표 인사이트를 생성하지 않았다.
2026|시군구|경기|안양시|population,2026,시군구,경기,안양시,원지표,population,인구수,인구수(건),Y,"2026년 경기 안양시의 인구는 556,492명으로 경기 31개 시군구 중 10위이며 경기 전체의 4.06%를 차지한다. 경기 31개 시군구 평균의 1.26배다.",2026 파일의 인구는 2024년 12월 기준이고 피해액은 2015~2024년 누계이므로 2026년 단년 관측치로 해석하면 안 된다. 2024와 2026 파일의 시도별 인구·피해액 값이 동일하므로 연도 변화로 해석하지 않았다. 시군구 파일에는 주택·Z값·온실·소상공인 데이터가 없어 해당 지표 인사이트를 생성하지 않았다.
2026|시군구|경기|안양시|damagePerCapita,2026,시군구,경기,안양시,파생지표,damagePerCapita,1인당 우심피해액,,N,"2026년 경기 안양시의 1인당 우심피해액은 8,896원으로 경기 31개 시군구 중 15위다. 경기 전체 인구 기준 평균 1인당 피해액의 0.20배이며, 인구 규모 대비 피해 부담은 매우 낮게 나타난다.",2026 파일의 인구는 2024년 12월 기준이고 피해액은 2015~2024년 누계이므로 2026년 단년 관측치로 해석하면 안 된다. 2024와 2026 파일의 시도별 인구·피해액 값이 동일하므로 연도 변화로 해석하지 않았다. 시군구 파일에는 주택·Z값·온실·소상공인 데이터가 없어 해당 지표 인사이트를 생성하지 않았다.
2026|시군구|경기|양주시|overall,2026,시군구,경기,양주시,종합,overall,종합 인사이트,,N,"2026년 경기 양주시의 인구는 289,005명으로 경기 31개 시군구 중 17위이며 경기 인구의 2.11%다. 원자료상 우심피해액은 0원으로 기록되어 있으며, 다른 시군구 대비 피해부담 순위는 최하위권이다.",2026 파일의 인구는 2024년 12월 기준이고 피해액은 2015~2024년 누계이므로 2026년 단년 관측치로 해석하면 안 된다. 2024와 2026 파일의 시도별 인구·피해액 값이 동일하므로 연도 변화로 해석하지 않았다. 시군구 파일에는 주택·Z값·온실·소상공인 데이터가 없어 해당 지표 인사이트를 생성하지 않았다.
2026|시군구|경기|양주시|damage,2026,시군구,경기,양주시,원지표,damage,우심피해액,우심피해액(원),Y,2026년 경기 양주시의 원자료상 우심피해액은 0원으로 경기 31개 시군구 내 공동 최하위다. 0원은 집계기간에 피해액이 기록되지 않았다는 의미이며 향후 재난위험이 없다는 뜻은 아니다.,2026 파일의 인구는 2024년 12월 기준이고 피해액은 2015~2024년 누계이므로 2026년 단년 관측치로 해석하면 안 된다. 2024와 2026 파일의 시도별 인구·피해액 값이 동일하므로 연도 변화로 해석하지 않았다. 시군구 파일에는 주택·Z값·온실·소상공인 데이터가 없어 해당 지표 인사이트를 생성하지 않았다.
2026|시군구|경기|양주시|population,2026,시군구,경기,양주시,원지표,population,인구수,인구수(건),Y,"2026년 경기 양주시의 인구는 289,005명으로 경기 31개 시군구 중 17위이며 경기 전체의 2.11%를 차지한다. 경기 31개 시군구 평균의 0.65배다.",2026 파일의 인구는 2024년 12월 기준이고 피해액은 2015~2024년 누계이므로 2026년 단년 관측치로 해석하면 안 된다. 2024와 2026 파일의 시도별 인구·피해액 값이 동일하므로 연도 변화로 해석하지 않았다. 시군구 파일에는 주택·Z값·온실·소상공인 데이터가 없어 해당 지표 인사이트를 생성하지 않았다.
2026|시군구|경기|양주시|damagePerCapita,2026,시군구,경기,양주시,파생지표,damagePerCapita,1인당 우심피해액,,N,"2026년 경기 양주시의 1인당 우심피해액은 0원으로 경기 31개 시군구 중 공동 최하위다. 경기 전체 인구 기준 평균 1인당 피해액의 0.00배이며, 원자료상 피해액은 0원으로 기록되어 있다.",2026 파일의 인구는 2024년 12월 기준이고 피해액은 2015~2024년 누계이므로 2026년 단년 관측치로 해석하면 안 된다. 2024와 2026 파일의 시도별 인구·피해액 값이 동일하므로 연도 변화로 해석하지 않았다. 시군구 파일에는 주택·Z값·온실·소상공인 데이터가 없어 해당 지표 인사이트를 생성하지 않았다.
2026|시군구|경기|양평군|overall,2026,시군구,경기,양평군,종합,overall,종합 인사이트,,N,"2026년 경기 양평군의 인구는 126,804명으로 경기 31개 시군구 중 26위다. 우심피해액은 537.4억 원(4위)이고, 1인당 피해액은 423,834원(3위)이며 피해비중은 인구비중의 9.57배다. 인구 규모에 비해 피해가 매우 크게 집중된 지역이다.",2026 파일의 인구는 2024년 12월 기준이고 피해액은 2015~2024년 누계이므로 2026년 단년 관측치로 해석하면 안 된다. 2024와 2026 파일의 시도별 인구·피해액 값이 동일하므로 연도 변화로 해석하지 않았다. 시군구 파일에는 주택·Z값·온실·소상공인 데이터가 없어 해당 지표 인사이트를 생성하지 않았다.
2026|시군구|경기|양평군|damage,2026,시군구,경기,양평군,원지표,damage,우심피해액,우심피해액(원),Y,"2026년 경기 양평군의 우심피해액은 537.4억 원으로, 경기 31개 시군구 중 4위이며 경기 전체의 8.86%다. 1인당 피해액은 423,834원이고 피해비중/인구비중은 9.57배다.",2026 파일의 인구는 2024년 12월 기준이고 피해액은 2015~2024년 누계이므로 2026년 단년 관측치로 해석하면 안 된다. 2024와 2026 파일의 시도별 인구·피해액 값이 동일하므로 연도 변화로 해석하지 않았다. 시군구 파일에는 주택·Z값·온실·소상공인 데이터가 없어 해당 지표 인사이트를 생성하지 않았다.
2026|시군구|경기|양평군|population,2026,시군구,경기,양평군,원지표,population,인구수,인구수(건),Y,"2026년 경기 양평군의 인구는 126,804명으로 경기 31개 시군구 중 26위이며 경기 전체의 0.93%를 차지한다. 경기 31개 시군구 평균의 0.29배다.",2026 파일의 인구는 2024년 12월 기준이고 피해액은 2015~2024년 누계이므로 2026년 단년 관측치로 해석하면 안 된다. 2024와 2026 파일의 시도별 인구·피해액 값이 동일하므로 연도 변화로 해석하지 않았다. 시군구 파일에는 주택·Z값·온실·소상공인 데이터가 없어 해당 지표 인사이트를 생성하지 않았다.
2026|시군구|경기|양평군|damagePerCapita,2026,시군구,경기,양평군,파생지표,damagePerCapita,1인당 우심피해액,,N,"2026년 경기 양평군의 1인당 우심피해액은 423,834원으로 경기 31개 시군구 중 3위다. 경기 전체 인구 기준 평균 1인당 피해액의 9.57배이며, 인구 규모에 비해 피해가 매우 크게 집중된 지역이다.",2026 파일의 인구는 2024년 12월 기준이고 피해액은 2015~2024년 누계이므로 2026년 단년 관측치로 해석하면 안 된다. 2024와 2026 파일의 시도별 인구·피해액 값이 동일하므로 연도 변화로 해석하지 않았다. 시군구 파일에는 주택·Z값·온실·소상공인 데이터가 없어 해당 지표 인사이트를 생성하지 않았다.
2026|시군구|경기|여주시|overall,2026,시군구,경기,여주시,종합,overall,종합 인사이트,,N,"2026년 경기 여주시의 인구는 114,610명으로 경기 31개 시군구 중 27위다. 우심피해액은 300.3억 원(8위)이고, 1인당 피해액은 262,002원(4위)이며 피해비중은 인구비중의 5.92배다. 인구 규모에 비해 피해가 매우 크게 집중된 지역이다.",2026 파일의 인구는 2024년 12월 기준이고 피해액은 2015~2024년 누계이므로 2026년 단년 관측치로 해석하면 안 된다. 2024와 2026 파일의 시도별 인구·피해액 값이 동일하므로 연도 변화로 해석하지 않았다. 시군구 파일에는 주택·Z값·온실·소상공인 데이터가 없어 해당 지표 인사이트를 생성하지 않았다.
2026|시군구|경기|여주시|damage,2026,시군구,경기,여주시,원지표,damage,우심피해액,우심피해액(원),Y,"2026년 경기 여주시의 우심피해액은 300.3억 원으로, 경기 31개 시군구 중 8위이며 경기 전체의 4.95%다. 1인당 피해액은 262,002원이고 피해비중/인구비중은 5.92배다.",2026 파일의 인구는 2024년 12월 기준이고 피해액은 2015~2024년 누계이므로 2026년 단년 관측치로 해석하면 안 된다. 2024와 2026 파일의 시도별 인구·피해액 값이 동일하므로 연도 변화로 해석하지 않았다. 시군구 파일에는 주택·Z값·온실·소상공인 데이터가 없어 해당 지표 인사이트를 생성하지 않았다.
2026|시군구|경기|여주시|population,2026,시군구,경기,여주시,원지표,population,인구수,인구수(건),Y,"2026년 경기 여주시의 인구는 114,610명으로 경기 31개 시군구 중 27위이며 경기 전체의 0.84%를 차지한다. 경기 31개 시군구 평균의 0.26배다.",2026 파일의 인구는 2024년 12월 기준이고 피해액은 2015~2024년 누계이므로 2026년 단년 관측치로 해석하면 안 된다. 2024와 2026 파일의 시도별 인구·피해액 값이 동일하므로 연도 변화로 해석하지 않았다. 시군구 파일에는 주택·Z값·온실·소상공인 데이터가 없어 해당 지표 인사이트를 생성하지 않았다.
2026|시군구|경기|여주시|damagePerCapita,2026,시군구,경기,여주시,파생지표,damagePerCapita,1인당 우심피해액,,N,"2026년 경기 여주시의 1인당 우심피해액은 262,002원으로 경기 31개 시군구 중 4위다. 경기 전체 인구 기준 평균 1인당 피해액의 5.92배이며, 인구 규모에 비해 피해가 매우 크게 집중된 지역이다.",2026 파일의 인구는 2024년 12월 기준이고 피해액은 2015~2024년 누계이므로 2026년 단년 관측치로 해석하면 안 된다. 2024와 2026 파일의 시도별 인구·피해액 값이 동일하므로 연도 변화로 해석하지 않았다. 시군구 파일에는 주택·Z값·온실·소상공인 데이터가 없어 해당 지표 인사이트를 생성하지 않았다.
2026|시군구|경기|연천군|overall,2026,시군구,경기,연천군,종합,overall,종합 인사이트,,N,"2026년 경기 연천군의 인구는 40,866명으로 경기 31개 시군구 중 31위(최하위)다. 우심피해액은 388.1억 원(7위)이고, 1인당 피해액은 949,756원(1위)이며 피해비중은 인구비중의 21.45배다. 인구 규모에 비해 피해가 매우 크게 집중된 지역이다.",2026 파일의 인구는 2024년 12월 기준이고 피해액은 2015~2024년 누계이므로 2026년 단년 관측치로 해석하면 안 된다. 2024와 2026 파일의 시도별 인구·피해액 값이 동일하므로 연도 변화로 해석하지 않았다. 시군구 파일에는 주택·Z값·온실·소상공인 데이터가 없어 해당 지표 인사이트를 생성하지 않았다.
2026|시군구|경기|연천군|damage,2026,시군구,경기,연천군,원지표,damage,우심피해액,우심피해액(원),Y,"2026년 경기 연천군의 우심피해액은 388.1억 원으로, 경기 31개 시군구 중 7위이며 경기 전체의 6.40%다. 1인당 피해액은 949,756원이고 피해비중/인구비중은 21.45배다.",2026 파일의 인구는 2024년 12월 기준이고 피해액은 2015~2024년 누계이므로 2026년 단년 관측치로 해석하면 안 된다. 2024와 2026 파일의 시도별 인구·피해액 값이 동일하므로 연도 변화로 해석하지 않았다. 시군구 파일에는 주택·Z값·온실·소상공인 데이터가 없어 해당 지표 인사이트를 생성하지 않았다.
2026|시군구|경기|연천군|population,2026,시군구,경기,연천군,원지표,population,인구수,인구수(건),Y,"2026년 경기 연천군의 인구는 40,866명으로 경기 31개 시군구 중 31위(최하위)이며 경기 전체의 0.30%를 차지한다. 경기 31개 시군구 평균의 0.09배다.",2026 파일의 인구는 2024년 12월 기준이고 피해액은 2015~2024년 누계이므로 2026년 단년 관측치로 해석하면 안 된다. 2024와 2026 파일의 시도별 인구·피해액 값이 동일하므로 연도 변화로 해석하지 않았다. 시군구 파일에는 주택·Z값·온실·소상공인 데이터가 없어 해당 지표 인사이트를 생성하지 않았다.
2026|시군구|경기|연천군|damagePerCapita,2026,시군구,경기,연천군,파생지표,damagePerCapita,1인당 우심피해액,,N,"2026년 경기 연천군의 1인당 우심피해액은 949,756원으로 경기 31개 시군구 중 1위다. 경기 전체 인구 기준 평균 1인당 피해액의 21.45배이며, 인구 규모에 비해 피해가 매우 크게 집중된 지역이다.",2026 파일의 인구는 2024년 12월 기준이고 피해액은 2015~2024년 누계이므로 2026년 단년 관측치로 해석하면 안 된다. 2024와 2026 파일의 시도별 인구·피해액 값이 동일하므로 연도 변화로 해석하지 않았다. 시군구 파일에는 주택·Z값·온실·소상공인 데이터가 없어 해당 지표 인사이트를 생성하지 않았다.
2026|시군구|경기|오산시|overall,2026,시군구,경기,오산시,종합,overall,종합 인사이트,,N,"2026년 경기 오산시의 인구는 242,065명으로 경기 31개 시군구 중 20위이며 경기 인구의 1.77%다. 원자료상 우심피해액은 0원으로 기록되어 있으며, 다른 시군구 대비 피해부담 순위는 최하위권이다.",2026 파일의 인구는 2024년 12월 기준이고 피해액은 2015~2024년 누계이므로 2026년 단년 관측치로 해석하면 안 된다. 2024와 2026 파일의 시도별 인구·피해액 값이 동일하므로 연도 변화로 해석하지 않았다. 시군구 파일에는 주택·Z값·온실·소상공인 데이터가 없어 해당 지표 인사이트를 생성하지 않았다.
2026|시군구|경기|오산시|damage,2026,시군구,경기,오산시,원지표,damage,우심피해액,우심피해액(원),Y,2026년 경기 오산시의 원자료상 우심피해액은 0원으로 경기 31개 시군구 내 공동 최하위다. 0원은 집계기간에 피해액이 기록되지 않았다는 의미이며 향후 재난위험이 없다는 뜻은 아니다.,2026 파일의 인구는 2024년 12월 기준이고 피해액은 2015~2024년 누계이므로 2026년 단년 관측치로 해석하면 안 된다. 2024와 2026 파일의 시도별 인구·피해액 값이 동일하므로 연도 변화로 해석하지 않았다. 시군구 파일에는 주택·Z값·온실·소상공인 데이터가 없어 해당 지표 인사이트를 생성하지 않았다.
2026|시군구|경기|오산시|population,2026,시군구,경기,오산시,원지표,population,인구수,인구수(건),Y,"2026년 경기 오산시의 인구는 242,065명으로 경기 31개 시군구 중 20위이며 경기 전체의 1.77%를 차지한다. 경기 31개 시군구 평균의 0.55배다.",2026 파일의 인구는 2024년 12월 기준이고 피해액은 2015~2024년 누계이므로 2026년 단년 관측치로 해석하면 안 된다. 2024와 2026 파일의 시도별 인구·피해액 값이 동일하므로 연도 변화로 해석하지 않았다. 시군구 파일에는 주택·Z값·온실·소상공인 데이터가 없어 해당 지표 인사이트를 생성하지 않았다.
2026|시군구|경기|오산시|damagePerCapita,2026,시군구,경기,오산시,파생지표,damagePerCapita,1인당 우심피해액,,N,"2026년 경기 오산시의 1인당 우심피해액은 0원으로 경기 31개 시군구 중 공동 최하위다. 경기 전체 인구 기준 평균 1인당 피해액의 0.00배이며, 원자료상 피해액은 0원으로 기록되어 있다.",2026 파일의 인구는 2024년 12월 기준이고 피해액은 2015~2024년 누계이므로 2026년 단년 관측치로 해석하면 안 된다. 2024와 2026 파일의 시도별 인구·피해액 값이 동일하므로 연도 변화로 해석하지 않았다. 시군구 파일에는 주택·Z값·온실·소상공인 데이터가 없어 해당 지표 인사이트를 생성하지 않았다.
2026|시군구|경기|용인시|overall,2026,시군구,경기,용인시,종합,overall,종합 인사이트,,N,"2026년 경기 용인시의 인구는 1,085,864명으로 경기 31개 시군구 중 2위다. 우심피해액은 463.2억 원(6위)이고, 1인당 피해액은 42,656원(10위)이며 피해비중은 인구비중의 0.96배다. 인구 비중과 피해 비중이 대체로 비슷한 수준이다.",2026 파일의 인구는 2024년 12월 기준이고 피해액은 2015~2024년 누계이므로 2026년 단년 관측치로 해석하면 안 된다. 2024와 2026 파일의 시도별 인구·피해액 값이 동일하므로 연도 변화로 해석하지 않았다. 시군구 파일에는 주택·Z값·온실·소상공인 데이터가 없어 해당 지표 인사이트를 생성하지 않았다.
2026|시군구|경기|용인시|damage,2026,시군구,경기,용인시,원지표,damage,우심피해액,우심피해액(원),Y,"2026년 경기 용인시의 우심피해액은 463.2억 원으로, 경기 31개 시군구 중 6위이며 경기 전체의 7.64%다. 1인당 피해액은 42,656원이고 피해비중/인구비중은 0.96배다.",2026 파일의 인구는 2024년 12월 기준이고 피해액은 2015~2024년 누계이므로 2026년 단년 관측치로 해석하면 안 된다. 2024와 2026 파일의 시도별 인구·피해액 값이 동일하므로 연도 변화로 해석하지 않았다. 시군구 파일에는 주택·Z값·온실·소상공인 데이터가 없어 해당 지표 인사이트를 생성하지 않았다.
2026|시군구|경기|용인시|population,2026,시군구,경기,용인시,원지표,population,인구수,인구수(건),Y,"2026년 경기 용인시의 인구는 1,085,864명으로 경기 31개 시군구 중 2위이며 경기 전체의 7.93%를 차지한다. 경기 31개 시군구 평균의 2.46배다.",2026 파일의 인구는 2024년 12월 기준이고 피해액은 2015~2024년 누계이므로 2026년 단년 관측치로 해석하면 안 된다. 2024와 2026 파일의 시도별 인구·피해액 값이 동일하므로 연도 변화로 해석하지 않았다. 시군구 파일에는 주택·Z값·온실·소상공인 데이터가 없어 해당 지표 인사이트를 생성하지 않았다.
2026|시군구|경기|용인시|damagePerCapita,2026,시군구,경기,용인시,파생지표,damagePerCapita,1인당 우심피해액,,N,"2026년 경기 용인시의 1인당 우심피해액은 42,656원으로 경기 31개 시군구 중 10위다. 경기 전체 인구 기준 평균 1인당 피해액의 0.96배이며, 인구 비중과 피해 비중이 대체로 비슷한 수준이다.",2026 파일의 인구는 2024년 12월 기준이고 피해액은 2015~2024년 누계이므로 2026년 단년 관측치로 해석하면 안 된다. 2024와 2026 파일의 시도별 인구·피해액 값이 동일하므로 연도 변화로 해석하지 않았다. 시군구 파일에는 주택·Z값·온실·소상공인 데이터가 없어 해당 지표 인사이트를 생성하지 않았다.
2026|시군구|경기|의왕시|overall,2026,시군구,경기,의왕시,종합,overall,종합 인사이트,,N,"2026년 경기 의왕시의 인구는 154,488명으로 경기 31개 시군구 중 24위다. 우심피해액은 46.6억 원(14위)이고, 1인당 피해액은 30,142원(12위)이며 피해비중은 인구비중의 0.68배다. 인구 규모 대비 피해 부담은 낮은 편이다.",2026 파일의 인구는 2024년 12월 기준이고 피해액은 2015~2024년 누계이므로 2026년 단년 관측치로 해석하면 안 된다. 2024와 2026 파일의 시도별 인구·피해액 값이 동일하므로 연도 변화로 해석하지 않았다. 시군구 파일에는 주택·Z값·온실·소상공인 데이터가 없어 해당 지표 인사이트를 생성하지 않았다.
2026|시군구|경기|의왕시|damage,2026,시군구,경기,의왕시,원지표,damage,우심피해액,우심피해액(원),Y,"2026년 경기 의왕시의 우심피해액은 46.6억 원으로, 경기 31개 시군구 중 14위이며 경기 전체의 0.77%다. 1인당 피해액은 30,142원이고 피해비중/인구비중은 0.68배다.",2026 파일의 인구는 2024년 12월 기준이고 피해액은 2015~2024년 누계이므로 2026년 단년 관측치로 해석하면 안 된다. 2024와 2026 파일의 시도별 인구·피해액 값이 동일하므로 연도 변화로 해석하지 않았다. 시군구 파일에는 주택·Z값·온실·소상공인 데이터가 없어 해당 지표 인사이트를 생성하지 않았다.
2026|시군구|경기|의왕시|population,2026,시군구,경기,의왕시,원지표,population,인구수,인구수(건),Y,"2026년 경기 의왕시의 인구는 154,488명으로 경기 31개 시군구 중 24위이며 경기 전체의 1.13%를 차지한다. 경기 31개 시군구 평균의 0.35배다.",2026 파일의 인구는 2024년 12월 기준이고 피해액은 2015~2024년 누계이므로 2026년 단년 관측치로 해석하면 안 된다. 2024와 2026 파일의 시도별 인구·피해액 값이 동일하므로 연도 변화로 해석하지 않았다. 시군구 파일에는 주택·Z값·온실·소상공인 데이터가 없어 해당 지표 인사이트를 생성하지 않았다.
2026|시군구|경기|의왕시|damagePerCapita,2026,시군구,경기,의왕시,파생지표,damagePerCapita,1인당 우심피해액,,N,"2026년 경기 의왕시의 1인당 우심피해액은 30,142원으로 경기 31개 시군구 중 12위다. 경기 전체 인구 기준 평균 1인당 피해액의 0.68배이며, 인구 규모 대비 피해 부담은 낮은 편이다.",2026 파일의 인구는 2024년 12월 기준이고 피해액은 2015~2024년 누계이므로 2026년 단년 관측치로 해석하면 안 된다. 2024와 2026 파일의 시도별 인구·피해액 값이 동일하므로 연도 변화로 해석하지 않았다. 시군구 파일에는 주택·Z값·온실·소상공인 데이터가 없어 해당 지표 인사이트를 생성하지 않았다.
2026|시군구|경기|의정부시|overall,2026,시군구,경기,의정부시,종합,overall,종합 인사이트,,N,"2026년 경기 의정부시의 인구는 461,271명으로 경기 31개 시군구 중 14위이며 경기 인구의 3.37%다. 원자료상 우심피해액은 0원으로 기록되어 있으며, 다른 시군구 대비 피해부담 순위는 최하위권이다.",2026 파일의 인구는 2024년 12월 기준이고 피해액은 2015~2024년 누계이므로 2026년 단년 관측치로 해석하면 안 된다. 2024와 2026 파일의 시도별 인구·피해액 값이 동일하므로 연도 변화로 해석하지 않았다. 시군구 파일에는 주택·Z값·온실·소상공인 데이터가 없어 해당 지표 인사이트를 생성하지 않았다.
2026|시군구|경기|의정부시|damage,2026,시군구,경기,의정부시,원지표,damage,우심피해액,우심피해액(원),Y,2026년 경기 의정부시의 원자료상 우심피해액은 0원으로 경기 31개 시군구 내 공동 최하위다. 0원은 집계기간에 피해액이 기록되지 않았다는 의미이며 향후 재난위험이 없다는 뜻은 아니다.,2026 파일의 인구는 2024년 12월 기준이고 피해액은 2015~2024년 누계이므로 2026년 단년 관측치로 해석하면 안 된다. 2024와 2026 파일의 시도별 인구·피해액 값이 동일하므로 연도 변화로 해석하지 않았다. 시군구 파일에는 주택·Z값·온실·소상공인 데이터가 없어 해당 지표 인사이트를 생성하지 않았다.
2026|시군구|경기|의정부시|population,2026,시군구,경기,의정부시,원지표,population,인구수,인구수(건),Y,"2026년 경기 의정부시의 인구는 461,271명으로 경기 31개 시군구 중 14위이며 경기 전체의 3.37%를 차지한다. 경기 31개 시군구 평균의 1.04배다.",2026 파일의 인구는 2024년 12월 기준이고 피해액은 2015~2024년 누계이므로 2026년 단년 관측치로 해석하면 안 된다. 2024와 2026 파일의 시도별 인구·피해액 값이 동일하므로 연도 변화로 해석하지 않았다. 시군구 파일에는 주택·Z값·온실·소상공인 데이터가 없어 해당 지표 인사이트를 생성하지 않았다.
2026|시군구|경기|의정부시|damagePerCapita,2026,시군구,경기,의정부시,파생지표,damagePerCapita,1인당 우심피해액,,N,"2026년 경기 의정부시의 1인당 우심피해액은 0원으로 경기 31개 시군구 중 공동 최하위다. 경기 전체 인구 기준 평균 1인당 피해액의 0.00배이며, 원자료상 피해액은 0원으로 기록되어 있다.",2026 파일의 인구는 2024년 12월 기준이고 피해액은 2015~2024년 누계이므로 2026년 단년 관측치로 해석하면 안 된다. 2024와 2026 파일의 시도별 인구·피해액 값이 동일하므로 연도 변화로 해석하지 않았다. 시군구 파일에는 주택·Z값·온실·소상공인 데이터가 없어 해당 지표 인사이트를 생성하지 않았다.
2026|시군구|경기|이천시|overall,2026,시군구,경기,이천시,종합,overall,종합 인사이트,,N,"2026년 경기 이천시의 인구는 222,443명으로 경기 31개 시군구 중 21위다. 우심피해액은 478.2억 원(5위)이고, 1인당 피해액은 214,961원(6위)이며 피해비중은 인구비중의 4.85배다. 인구 규모에 비해 피해가 매우 크게 집중된 지역이다.",2026 파일의 인구는 2024년 12월 기준이고 피해액은 2015~2024년 누계이므로 2026년 단년 관측치로 해석하면 안 된다. 2024와 2026 파일의 시도별 인구·피해액 값이 동일하므로 연도 변화로 해석하지 않았다. 시군구 파일에는 주택·Z값·온실·소상공인 데이터가 없어 해당 지표 인사이트를 생성하지 않았다.
2026|시군구|경기|이천시|damage,2026,시군구,경기,이천시,원지표,damage,우심피해액,우심피해액(원),Y,"2026년 경기 이천시의 우심피해액은 478.2억 원으로, 경기 31개 시군구 중 5위이며 경기 전체의 7.88%다. 1인당 피해액은 214,961원이고 피해비중/인구비중은 4.85배다.",2026 파일의 인구는 2024년 12월 기준이고 피해액은 2015~2024년 누계이므로 2026년 단년 관측치로 해석하면 안 된다. 2024와 2026 파일의 시도별 인구·피해액 값이 동일하므로 연도 변화로 해석하지 않았다. 시군구 파일에는 주택·Z값·온실·소상공인 데이터가 없어 해당 지표 인사이트를 생성하지 않았다.
2026|시군구|경기|이천시|population,2026,시군구,경기,이천시,원지표,population,인구수,인구수(건),Y,"2026년 경기 이천시의 인구는 222,443명으로 경기 31개 시군구 중 21위이며 경기 전체의 1.62%를 차지한다. 경기 31개 시군구 평균의 0.50배다.",2026 파일의 인구는 2024년 12월 기준이고 피해액은 2015~2024년 누계이므로 2026년 단년 관측치로 해석하면 안 된다. 2024와 2026 파일의 시도별 인구·피해액 값이 동일하므로 연도 변화로 해석하지 않았다. 시군구 파일에는 주택·Z값·온실·소상공인 데이터가 없어 해당 지표 인사이트를 생성하지 않았다.
2026|시군구|경기|이천시|damagePerCapita,2026,시군구,경기,이천시,파생지표,damagePerCapita,1인당 우심피해액,,N,"2026년 경기 이천시의 1인당 우심피해액은 214,961원으로 경기 31개 시군구 중 6위다. 경기 전체 인구 기준 평균 1인당 피해액의 4.85배이며, 인구 규모에 비해 피해가 매우 크게 집중된 지역이다.",2026 파일의 인구는 2024년 12월 기준이고 피해액은 2015~2024년 누계이므로 2026년 단년 관측치로 해석하면 안 된다. 2024와 2026 파일의 시도별 인구·피해액 값이 동일하므로 연도 변화로 해석하지 않았다. 시군구 파일에는 주택·Z값·온실·소상공인 데이터가 없어 해당 지표 인사이트를 생성하지 않았다.
2026|시군구|경기|파주시|overall,2026,시군구,경기,파주시,종합,overall,종합 인사이트,,N,"2026년 경기 파주시의 인구는 511,308명으로 경기 31개 시군구 중 12위다. 우심피해액은 69.2억 원(12위)이고, 1인당 피해액은 13,531원(14위)이며 피해비중은 인구비중의 0.31배다. 인구 규모 대비 피해 부담은 매우 낮게 나타난다.",2026 파일의 인구는 2024년 12월 기준이고 피해액은 2015~2024년 누계이므로 2026년 단년 관측치로 해석하면 안 된다. 2024와 2026 파일의 시도별 인구·피해액 값이 동일하므로 연도 변화로 해석하지 않았다. 시군구 파일에는 주택·Z값·온실·소상공인 데이터가 없어 해당 지표 인사이트를 생성하지 않았다.
2026|시군구|경기|파주시|damage,2026,시군구,경기,파주시,원지표,damage,우심피해액,우심피해액(원),Y,"2026년 경기 파주시의 우심피해액은 69.2억 원으로, 경기 31개 시군구 중 12위이며 경기 전체의 1.14%다. 1인당 피해액은 13,531원이고 피해비중/인구비중은 0.31배다.",2026 파일의 인구는 2024년 12월 기준이고 피해액은 2015~2024년 누계이므로 2026년 단년 관측치로 해석하면 안 된다. 2024와 2026 파일의 시도별 인구·피해액 값이 동일하므로 연도 변화로 해석하지 않았다. 시군구 파일에는 주택·Z값·온실·소상공인 데이터가 없어 해당 지표 인사이트를 생성하지 않았다.
2026|시군구|경기|파주시|population,2026,시군구,경기,파주시,원지표,population,인구수,인구수(건),Y,"2026년 경기 파주시의 인구는 511,308명으로 경기 31개 시군구 중 12위이며 경기 전체의 3.73%를 차지한다. 경기 31개 시군구 평균의 1.16배다.",2026 파일의 인구는 2024년 12월 기준이고 피해액은 2015~2024년 누계이므로 2026년 단년 관측치로 해석하면 안 된다. 2024와 2026 파일의 시도별 인구·피해액 값이 동일하므로 연도 변화로 해석하지 않았다. 시군구 파일에는 주택·Z값·온실·소상공인 데이터가 없어 해당 지표 인사이트를 생성하지 않았다.
2026|시군구|경기|파주시|damagePerCapita,2026,시군구,경기,파주시,파생지표,damagePerCapita,1인당 우심피해액,,N,"2026년 경기 파주시의 1인당 우심피해액은 13,531원으로 경기 31개 시군구 중 14위다. 경기 전체 인구 기준 평균 1인당 피해액의 0.31배이며, 인구 규모 대비 피해 부담은 매우 낮게 나타난다.",2026 파일의 인구는 2024년 12월 기준이고 피해액은 2015~2024년 누계이므로 2026년 단년 관측치로 해석하면 안 된다. 2024와 2026 파일의 시도별 인구·피해액 값이 동일하므로 연도 변화로 해석하지 않았다. 시군구 파일에는 주택·Z값·온실·소상공인 데이터가 없어 해당 지표 인사이트를 생성하지 않았다.
2026|시군구|경기|평택시|overall,2026,시군구,경기,평택시,종합,overall,종합 인사이트,,N,"2026년 경기 평택시의 인구는 598,556명으로 경기 31개 시군구 중 9위다. 우심피해액은 1,011.6억 원(2위)이고, 1인당 피해액은 169,005원(7위)이며 피해비중은 인구비중의 3.82배다. 인구 규모에 비해 피해가 매우 크게 집중된 지역이다.",2026 파일의 인구는 2024년 12월 기준이고 피해액은 2015~2024년 누계이므로 2026년 단년 관측치로 해석하면 안 된다. 2024와 2026 파일의 시도별 인구·피해액 값이 동일하므로 연도 변화로 해석하지 않았다. 시군구 파일에는 주택·Z값·온실·소상공인 데이터가 없어 해당 지표 인사이트를 생성하지 않았다.
2026|시군구|경기|평택시|damage,2026,시군구,경기,평택시,원지표,damage,우심피해액,우심피해액(원),Y,"2026년 경기 평택시의 우심피해액은 1,011.6억 원으로, 경기 31개 시군구 중 2위이며 경기 전체의 16.68%다. 1인당 피해액은 169,005원이고 피해비중/인구비중은 3.82배다.",2026 파일의 인구는 2024년 12월 기준이고 피해액은 2015~2024년 누계이므로 2026년 단년 관측치로 해석하면 안 된다. 2024와 2026 파일의 시도별 인구·피해액 값이 동일하므로 연도 변화로 해석하지 않았다. 시군구 파일에는 주택·Z값·온실·소상공인 데이터가 없어 해당 지표 인사이트를 생성하지 않았다.
2026|시군구|경기|평택시|population,2026,시군구,경기,평택시,원지표,population,인구수,인구수(건),Y,"2026년 경기 평택시의 인구는 598,556명으로 경기 31개 시군구 중 9위이며 경기 전체의 4.37%를 차지한다. 경기 31개 시군구 평균의 1.35배다.",2026 파일의 인구는 2024년 12월 기준이고 피해액은 2015~2024년 누계이므로 2026년 단년 관측치로 해석하면 안 된다. 2024와 2026 파일의 시도별 인구·피해액 값이 동일하므로 연도 변화로 해석하지 않았다. 시군구 파일에는 주택·Z값·온실·소상공인 데이터가 없어 해당 지표 인사이트를 생성하지 않았다.
2026|시군구|경기|평택시|damagePerCapita,2026,시군구,경기,평택시,파생지표,damagePerCapita,1인당 우심피해액,,N,"2026년 경기 평택시의 1인당 우심피해액은 169,005원으로 경기 31개 시군구 중 7위다. 경기 전체 인구 기준 평균 1인당 피해액의 3.82배이며, 인구 규모에 비해 피해가 매우 크게 집중된 지역이다.",2026 파일의 인구는 2024년 12월 기준이고 피해액은 2015~2024년 누계이므로 2026년 단년 관측치로 해석하면 안 된다. 2024와 2026 파일의 시도별 인구·피해액 값이 동일하므로 연도 변화로 해석하지 않았다. 시군구 파일에는 주택·Z값·온실·소상공인 데이터가 없어 해당 지표 인사이트를 생성하지 않았다.
2026|시군구|경기|포천시|overall,2026,시군구,경기,포천시,종합,overall,종합 인사이트,,N,"2026년 경기 포천시의 인구는 141,463명으로 경기 31개 시군구 중 25위다. 우심피해액은 44.5억 원(15위)이고, 1인당 피해액은 31,484원(11위)이며 피해비중은 인구비중의 0.71배다. 인구 규모 대비 피해 부담은 낮은 편이다.",2026 파일의 인구는 2024년 12월 기준이고 피해액은 2015~2024년 누계이므로 2026년 단년 관측치로 해석하면 안 된다. 2024와 2026 파일의 시도별 인구·피해액 값이 동일하므로 연도 변화로 해석하지 않았다. 시군구 파일에는 주택·Z값·온실·소상공인 데이터가 없어 해당 지표 인사이트를 생성하지 않았다.
2026|시군구|경기|포천시|damage,2026,시군구,경기,포천시,원지표,damage,우심피해액,우심피해액(원),Y,"2026년 경기 포천시의 우심피해액은 44.5억 원으로, 경기 31개 시군구 중 15위이며 경기 전체의 0.73%다. 1인당 피해액은 31,484원이고 피해비중/인구비중은 0.71배다.",2026 파일의 인구는 2024년 12월 기준이고 피해액은 2015~2024년 누계이므로 2026년 단년 관측치로 해석하면 안 된다. 2024와 2026 파일의 시도별 인구·피해액 값이 동일하므로 연도 변화로 해석하지 않았다. 시군구 파일에는 주택·Z값·온실·소상공인 데이터가 없어 해당 지표 인사이트를 생성하지 않았다.
2026|시군구|경기|포천시|population,2026,시군구,경기,포천시,원지표,population,인구수,인구수(건),Y,"2026년 경기 포천시의 인구는 141,463명으로 경기 31개 시군구 중 25위이며 경기 전체의 1.03%를 차지한다. 경기 31개 시군구 평균의 0.32배다.",2026 파일의 인구는 2024년 12월 기준이고 피해액은 2015~2024년 누계이므로 2026년 단년 관측치로 해석하면 안 된다. 2024와 2026 파일의 시도별 인구·피해액 값이 동일하므로 연도 변화로 해석하지 않았다. 시군구 파일에는 주택·Z값·온실·소상공인 데이터가 없어 해당 지표 인사이트를 생성하지 않았다.
2026|시군구|경기|포천시|damagePerCapita,2026,시군구,경기,포천시,파생지표,damagePerCapita,1인당 우심피해액,,N,"2026년 경기 포천시의 1인당 우심피해액은 31,484원으로 경기 31개 시군구 중 11위다. 경기 전체 인구 기준 평균 1인당 피해액의 0.71배이며, 인구 규모 대비 피해 부담은 낮은 편이다.",2026 파일의 인구는 2024년 12월 기준이고 피해액은 2015~2024년 누계이므로 2026년 단년 관측치로 해석하면 안 된다. 2024와 2026 파일의 시도별 인구·피해액 값이 동일하므로 연도 변화로 해석하지 않았다. 시군구 파일에는 주택·Z값·온실·소상공인 데이터가 없어 해당 지표 인사이트를 생성하지 않았다.
2026|시군구|경기|하남시|overall,2026,시군구,경기,하남시,종합,overall,종합 인사이트,,N,"2026년 경기 하남시의 인구는 329,120명으로 경기 31개 시군구 중 16위이며 경기 인구의 2.40%다. 원자료상 우심피해액은 0원으로 기록되어 있으며, 다른 시군구 대비 피해부담 순위는 최하위권이다.",2026 파일의 인구는 2024년 12월 기준이고 피해액은 2015~2024년 누계이므로 2026년 단년 관측치로 해석하면 안 된다. 2024와 2026 파일의 시도별 인구·피해액 값이 동일하므로 연도 변화로 해석하지 않았다. 시군구 파일에는 주택·Z값·온실·소상공인 데이터가 없어 해당 지표 인사이트를 생성하지 않았다.
2026|시군구|경기|하남시|damage,2026,시군구,경기,하남시,원지표,damage,우심피해액,우심피해액(원),Y,2026년 경기 하남시의 원자료상 우심피해액은 0원으로 경기 31개 시군구 내 공동 최하위다. 0원은 집계기간에 피해액이 기록되지 않았다는 의미이며 향후 재난위험이 없다는 뜻은 아니다.,2026 파일의 인구는 2024년 12월 기준이고 피해액은 2015~2024년 누계이므로 2026년 단년 관측치로 해석하면 안 된다. 2024와 2026 파일의 시도별 인구·피해액 값이 동일하므로 연도 변화로 해석하지 않았다. 시군구 파일에는 주택·Z값·온실·소상공인 데이터가 없어 해당 지표 인사이트를 생성하지 않았다.
2026|시군구|경기|하남시|population,2026,시군구,경기,하남시,원지표,population,인구수,인구수(건),Y,"2026년 경기 하남시의 인구는 329,120명으로 경기 31개 시군구 중 16위이며 경기 전체의 2.40%를 차지한다. 경기 31개 시군구 평균의 0.75배다.",2026 파일의 인구는 2024년 12월 기준이고 피해액은 2015~2024년 누계이므로 2026년 단년 관측치로 해석하면 안 된다. 2024와 2026 파일의 시도별 인구·피해액 값이 동일하므로 연도 변화로 해석하지 않았다. 시군구 파일에는 주택·Z값·온실·소상공인 데이터가 없어 해당 지표 인사이트를 생성하지 않았다.
2026|시군구|경기|하남시|damagePerCapita,2026,시군구,경기,하남시,파생지표,damagePerCapita,1인당 우심피해액,,N,"2026년 경기 하남시의 1인당 우심피해액은 0원으로 경기 31개 시군구 중 공동 최하위다. 경기 전체 인구 기준 평균 1인당 피해액의 0.00배이며, 원자료상 피해액은 0원으로 기록되어 있다.",2026 파일의 인구는 2024년 12월 기준이고 피해액은 2015~2024년 누계이므로 2026년 단년 관측치로 해석하면 안 된다. 2024와 2026 파일의 시도별 인구·피해액 값이 동일하므로 연도 변화로 해석하지 않았다. 시군구 파일에는 주택·Z값·온실·소상공인 데이터가 없어 해당 지표 인사이트를 생성하지 않았다.
2026|시군구|경기|화성시|overall,2026,시군구,경기,화성시,종합,overall,종합 인사이트,,N,"2026년 경기 화성시의 인구는 968,821명으로 경기 31개 시군구 중 4위다. 우심피해액은 734.9억 원(3위)이고, 1인당 피해액은 75,850원(8위)이며 피해비중은 인구비중의 1.71배다. 인구 규모보다 피해 부담이 뚜렷하게 높은 편이다.",2026 파일의 인구는 2024년 12월 기준이고 피해액은 2015~2024년 누계이므로 2026년 단년 관측치로 해석하면 안 된다. 2024와 2026 파일의 시도별 인구·피해액 값이 동일하므로 연도 변화로 해석하지 않았다. 시군구 파일에는 주택·Z값·온실·소상공인 데이터가 없어 해당 지표 인사이트를 생성하지 않았다.
2026|시군구|경기|화성시|damage,2026,시군구,경기,화성시,원지표,damage,우심피해액,우심피해액(원),Y,"2026년 경기 화성시의 우심피해액은 734.9억 원으로, 경기 31개 시군구 중 3위이며 경기 전체의 12.12%다. 1인당 피해액은 75,850원이고 피해비중/인구비중은 1.71배다.",2026 파일의 인구는 2024년 12월 기준이고 피해액은 2015~2024년 누계이므로 2026년 단년 관측치로 해석하면 안 된다. 2024와 2026 파일의 시도별 인구·피해액 값이 동일하므로 연도 변화로 해석하지 않았다. 시군구 파일에는 주택·Z값·온실·소상공인 데이터가 없어 해당 지표 인사이트를 생성하지 않았다.
2026|시군구|경기|화성시|population,2026,시군구,경기,화성시,원지표,population,인구수,인구수(건),Y,"2026년 경기 화성시의 인구는 968,821명으로 경기 31개 시군구 중 4위이며 경기 전체의 7.07%를 차지한다. 경기 31개 시군구 평균의 2.19배다.",2026 파일의 인구는 2024년 12월 기준이고 피해액은 2015~2024년 누계이므로 2026년 단년 관측치로 해석하면 안 된다. 2024와 2026 파일의 시도별 인구·피해액 값이 동일하므로 연도 변화로 해석하지 않았다. 시군구 파일에는 주택·Z값·온실·소상공인 데이터가 없어 해당 지표 인사이트를 생성하지 않았다.
2026|시군구|경기|화성시|damagePerCapita,2026,시군구,경기,화성시,파생지표,damagePerCapita,1인당 우심피해액,,N,"2026년 경기 화성시의 1인당 우심피해액은 75,850원으로 경기 31개 시군구 중 8위다. 경기 전체 인구 기준 평균 1인당 피해액의 1.71배이며, 인구 규모보다 피해 부담이 뚜렷하게 높은 편이다.",2026 파일의 인구는 2024년 12월 기준이고 피해액은 2015~2024년 누계이므로 2026년 단년 관측치로 해석하면 안 된다. 2024와 2026 파일의 시도별 인구·피해액 값이 동일하므로 연도 변화로 해석하지 않았다. 시군구 파일에는 주택·Z값·온실·소상공인 데이터가 없어 해당 지표 인사이트를 생성하지 않았다.
2026|시군구|강원|강릉시|overall,2026,시군구,강원,강릉시,종합,overall,종합 인사이트,,N,"2026년 강원 강릉시의 인구는 207,731명으로 강원 18개 시군구 중 3위다. 우심피해액은 138.5억 원(8위)이고, 1인당 피해액은 66,663원(13위)이며 피해비중은 인구비중의 0.39배다. 인구 규모 대비 피해 부담은 매우 낮게 나타난다.",2026 파일의 인구는 2024년 12월 기준이고 피해액은 2015~2024년 누계이므로 2026년 단년 관측치로 해석하면 안 된다. 2024와 2026 파일의 시도별 인구·피해액 값이 동일하므로 연도 변화로 해석하지 않았다. 시군구 파일에는 주택·Z값·온실·소상공인 데이터가 없어 해당 지표 인사이트를 생성하지 않았다.
2026|시군구|강원|강릉시|damage,2026,시군구,강원,강릉시,원지표,damage,우심피해액,우심피해액(원),Y,"2026년 강원 강릉시의 우심피해액은 138.5억 원으로, 강원 18개 시군구 중 8위이며 강원 전체의 5.39%다. 1인당 피해액은 66,663원이고 피해비중/인구비중은 0.39배다.",2026 파일의 인구는 2024년 12월 기준이고 피해액은 2015~2024년 누계이므로 2026년 단년 관측치로 해석하면 안 된다. 2024와 2026 파일의 시도별 인구·피해액 값이 동일하므로 연도 변화로 해석하지 않았다. 시군구 파일에는 주택·Z값·온실·소상공인 데이터가 없어 해당 지표 인사이트를 생성하지 않았다.
2026|시군구|강원|강릉시|population,2026,시군구,강원,강릉시,원지표,population,인구수,인구수(건),Y,"2026년 강원 강릉시의 인구는 207,731명으로 강원 18개 시군구 중 3위이며 강원 전체의 13.69%를 차지한다. 강원 18개 시군구 평균의 2.46배다.",2026 파일의 인구는 2024년 12월 기준이고 피해액은 2015~2024년 누계이므로 2026년 단년 관측치로 해석하면 안 된다. 2024와 2026 파일의 시도별 인구·피해액 값이 동일하므로 연도 변화로 해석하지 않았다. 시군구 파일에는 주택·Z값·온실·소상공인 데이터가 없어 해당 지표 인사이트를 생성하지 않았다.
2026|시군구|강원|강릉시|damagePerCapita,2026,시군구,강원,강릉시,파생지표,damagePerCapita,1인당 우심피해액,,N,"2026년 강원 강릉시의 1인당 우심피해액은 66,663원으로 강원 18개 시군구 중 13위다. 강원 전체 인구 기준 평균 1인당 피해액의 0.39배이며, 인구 규모 대비 피해 부담은 매우 낮게 나타난다.",2026 파일의 인구는 2024년 12월 기준이고 피해액은 2015~2024년 누계이므로 2026년 단년 관측치로 해석하면 안 된다. 2024와 2026 파일의 시도별 인구·피해액 값이 동일하므로 연도 변화로 해석하지 않았다. 시군구 파일에는 주택·Z값·온실·소상공인 데이터가 없어 해당 지표 인사이트를 생성하지 않았다.
2026|시군구|강원|고성군|overall,2026,시군구,강원,고성군,종합,overall,종합 인사이트,,N,"2026년 강원 고성군의 인구는 26,999명으로 강원 18개 시군구 중 16위다. 우심피해액은 194.2억 원(6위)이고, 1인당 피해액은 719,374원(2위)이며 피해비중은 인구비중의 4.25배다. 인구 규모에 비해 피해가 매우 크게 집중된 지역이다.",2026 파일의 인구는 2024년 12월 기준이고 피해액은 2015~2024년 누계이므로 2026년 단년 관측치로 해석하면 안 된다. 2024와 2026 파일의 시도별 인구·피해액 값이 동일하므로 연도 변화로 해석하지 않았다. 시군구 파일에는 주택·Z값·온실·소상공인 데이터가 없어 해당 지표 인사이트를 생성하지 않았다.
2026|시군구|강원|고성군|damage,2026,시군구,강원,고성군,원지표,damage,우심피해액,우심피해액(원),Y,"2026년 강원 고성군의 우심피해액은 194.2억 원으로, 강원 18개 시군구 중 6위이며 강원 전체의 7.56%다. 1인당 피해액은 719,374원이고 피해비중/인구비중은 4.25배다.",2026 파일의 인구는 2024년 12월 기준이고 피해액은 2015~2024년 누계이므로 2026년 단년 관측치로 해석하면 안 된다. 2024와 2026 파일의 시도별 인구·피해액 값이 동일하므로 연도 변화로 해석하지 않았다. 시군구 파일에는 주택·Z값·온실·소상공인 데이터가 없어 해당 지표 인사이트를 생성하지 않았다.
2026|시군구|강원|고성군|population,2026,시군구,강원,고성군,원지표,population,인구수,인구수(건),Y,"2026년 강원 고성군의 인구는 26,999명으로 강원 18개 시군구 중 16위이며 강원 전체의 1.78%를 차지한다. 강원 18개 시군구 평균의 0.32배다.",2026 파일의 인구는 2024년 12월 기준이고 피해액은 2015~2024년 누계이므로 2026년 단년 관측치로 해석하면 안 된다. 2024와 2026 파일의 시도별 인구·피해액 값이 동일하므로 연도 변화로 해석하지 않았다. 시군구 파일에는 주택·Z값·온실·소상공인 데이터가 없어 해당 지표 인사이트를 생성하지 않았다.
2026|시군구|강원|고성군|damagePerCapita,2026,시군구,강원,고성군,파생지표,damagePerCapita,1인당 우심피해액,,N,"2026년 강원 고성군의 1인당 우심피해액은 719,374원으로 강원 18개 시군구 중 2위다. 강원 전체 인구 기준 평균 1인당 피해액의 4.25배이며, 인구 규모에 비해 피해가 매우 크게 집중된 지역이다.",2026 파일의 인구는 2024년 12월 기준이고 피해액은 2015~2024년 누계이므로 2026년 단년 관측치로 해석하면 안 된다. 2024와 2026 파일의 시도별 인구·피해액 값이 동일하므로 연도 변화로 해석하지 않았다. 시군구 파일에는 주택·Z값·온실·소상공인 데이터가 없어 해당 지표 인사이트를 생성하지 않았다.
2026|시군구|강원|동해시|overall,2026,시군구,강원,동해시,종합,overall,종합 인사이트,,N,"2026년 강원 동해시의 인구는 87,675명으로 강원 18개 시군구 중 4위다. 우심피해액은 34.2억 원(15위)이고, 1인당 피해액은 38,957원(14위)이며 피해비중은 인구비중의 0.23배다. 인구 규모 대비 피해 부담은 매우 낮게 나타난다.",2026 파일의 인구는 2024년 12월 기준이고 피해액은 2015~2024년 누계이므로 2026년 단년 관측치로 해석하면 안 된다. 2024와 2026 파일의 시도별 인구·피해액 값이 동일하므로 연도 변화로 해석하지 않았다. 시군구 파일에는 주택·Z값·온실·소상공인 데이터가 없어 해당 지표 인사이트를 생성하지 않았다.
2026|시군구|강원|동해시|damage,2026,시군구,강원,동해시,원지표,damage,우심피해액,우심피해액(원),Y,"2026년 강원 동해시의 우심피해액은 34.2억 원으로, 강원 18개 시군구 중 15위이며 강원 전체의 1.33%다. 1인당 피해액은 38,957원이고 피해비중/인구비중은 0.23배다.",2026 파일의 인구는 2024년 12월 기준이고 피해액은 2015~2024년 누계이므로 2026년 단년 관측치로 해석하면 안 된다. 2024와 2026 파일의 시도별 인구·피해액 값이 동일하므로 연도 변화로 해석하지 않았다. 시군구 파일에는 주택·Z값·온실·소상공인 데이터가 없어 해당 지표 인사이트를 생성하지 않았다.
2026|시군구|강원|동해시|population,2026,시군구,강원,동해시,원지표,population,인구수,인구수(건),Y,"2026년 강원 동해시의 인구는 87,675명으로 강원 18개 시군구 중 4위이며 강원 전체의 5.78%를 차지한다. 강원 18개 시군구 평균의 1.04배다.",2026 파일의 인구는 2024년 12월 기준이고 피해액은 2015~2024년 누계이므로 2026년 단년 관측치로 해석하면 안 된다. 2024와 2026 파일의 시도별 인구·피해액 값이 동일하므로 연도 변화로 해석하지 않았다. 시군구 파일에는 주택·Z값·온실·소상공인 데이터가 없어 해당 지표 인사이트를 생성하지 않았다.
2026|시군구|강원|동해시|damagePerCapita,2026,시군구,강원,동해시,파생지표,damagePerCapita,1인당 우심피해액,,N,"2026년 강원 동해시의 1인당 우심피해액은 38,957원으로 강원 18개 시군구 중 14위다. 강원 전체 인구 기준 평균 1인당 피해액의 0.23배이며, 인구 규모 대비 피해 부담은 매우 낮게 나타난다.",2026 파일의 인구는 2024년 12월 기준이고 피해액은 2015~2024년 누계이므로 2026년 단년 관측치로 해석하면 안 된다. 2024와 2026 파일의 시도별 인구·피해액 값이 동일하므로 연도 변화로 해석하지 않았다. 시군구 파일에는 주택·Z값·온실·소상공인 데이터가 없어 해당 지표 인사이트를 생성하지 않았다.
2026|시군구|강원|삼척시|overall,2026,시군구,강원,삼척시,종합,overall,종합 인사이트,,N,"2026년 강원 삼척시의 인구는 61,735명으로 강원 18개 시군구 중 7위다. 우심피해액은 379.0억 원(2위)이고, 1인당 피해액은 613,911원(5위)이며 피해비중은 인구비중의 3.63배다. 인구 규모에 비해 피해가 매우 크게 집중된 지역이다.",2026 파일의 인구는 2024년 12월 기준이고 피해액은 2015~2024년 누계이므로 2026년 단년 관측치로 해석하면 안 된다. 2024와 2026 파일의 시도별 인구·피해액 값이 동일하므로 연도 변화로 해석하지 않았다. 시군구 파일에는 주택·Z값·온실·소상공인 데이터가 없어 해당 지표 인사이트를 생성하지 않았다.
2026|시군구|강원|삼척시|damage,2026,시군구,강원,삼척시,원지표,damage,우심피해액,우심피해액(원),Y,"2026년 강원 삼척시의 우심피해액은 379.0억 원으로, 강원 18개 시군구 중 2위이며 강원 전체의 14.75%다. 1인당 피해액은 613,911원이고 피해비중/인구비중은 3.63배다.",2026 파일의 인구는 2024년 12월 기준이고 피해액은 2015~2024년 누계이므로 2026년 단년 관측치로 해석하면 안 된다. 2024와 2026 파일의 시도별 인구·피해액 값이 동일하므로 연도 변화로 해석하지 않았다. 시군구 파일에는 주택·Z값·온실·소상공인 데이터가 없어 해당 지표 인사이트를 생성하지 않았다.
2026|시군구|강원|삼척시|population,2026,시군구,강원,삼척시,원지표,population,인구수,인구수(건),Y,"2026년 강원 삼척시의 인구는 61,735명으로 강원 18개 시군구 중 7위이며 강원 전체의 4.07%를 차지한다. 강원 18개 시군구 평균의 0.73배다.",2026 파일의 인구는 2024년 12월 기준이고 피해액은 2015~2024년 누계이므로 2026년 단년 관측치로 해석하면 안 된다. 2024와 2026 파일의 시도별 인구·피해액 값이 동일하므로 연도 변화로 해석하지 않았다. 시군구 파일에는 주택·Z값·온실·소상공인 데이터가 없어 해당 지표 인사이트를 생성하지 않았다.
2026|시군구|강원|삼척시|damagePerCapita,2026,시군구,강원,삼척시,파생지표,damagePerCapita,1인당 우심피해액,,N,"2026년 강원 삼척시의 1인당 우심피해액은 613,911원으로 강원 18개 시군구 중 5위다. 강원 전체 인구 기준 평균 1인당 피해액의 3.63배이며, 인구 규모에 비해 피해가 매우 크게 집중된 지역이다.",2026 파일의 인구는 2024년 12월 기준이고 피해액은 2015~2024년 누계이므로 2026년 단년 관측치로 해석하면 안 된다. 2024와 2026 파일의 시도별 인구·피해액 값이 동일하므로 연도 변화로 해석하지 않았다. 시군구 파일에는 주택·Z값·온실·소상공인 데이터가 없어 해당 지표 인사이트를 생성하지 않았다.
2026|시군구|강원|속초시|overall,2026,시군구,강원,속초시,종합,overall,종합 인사이트,,N,"2026년 강원 속초시의 인구는 80,933명으로 강원 18개 시군구 중 5위다. 우심피해액은 61.6억 원(11위)이고, 1인당 피해액은 76,160원(12위)이며 피해비중은 인구비중의 0.45배다. 인구 규모 대비 피해 부담은 낮은 편이다.",2026 파일의 인구는 2024년 12월 기준이고 피해액은 2015~2024년 누계이므로 2026년 단년 관측치로 해석하면 안 된다. 2024와 2026 파일의 시도별 인구·피해액 값이 동일하므로 연도 변화로 해석하지 않았다. 시군구 파일에는 주택·Z값·온실·소상공인 데이터가 없어 해당 지표 인사이트를 생성하지 않았다.
2026|시군구|강원|속초시|damage,2026,시군구,강원,속초시,원지표,damage,우심피해액,우심피해액(원),Y,"2026년 강원 속초시의 우심피해액은 61.6억 원으로, 강원 18개 시군구 중 11위이며 강원 전체의 2.40%다. 1인당 피해액은 76,160원이고 피해비중/인구비중은 0.45배다.",2026 파일의 인구는 2024년 12월 기준이고 피해액은 2015~2024년 누계이므로 2026년 단년 관측치로 해석하면 안 된다. 2024와 2026 파일의 시도별 인구·피해액 값이 동일하므로 연도 변화로 해석하지 않았다. 시군구 파일에는 주택·Z값·온실·소상공인 데이터가 없어 해당 지표 인사이트를 생성하지 않았다.
2026|시군구|강원|속초시|population,2026,시군구,강원,속초시,원지표,population,인구수,인구수(건),Y,"2026년 강원 속초시의 인구는 80,933명으로 강원 18개 시군구 중 5위이며 강원 전체의 5.33%를 차지한다. 강원 18개 시군구 평균의 0.96배다.",2026 파일의 인구는 2024년 12월 기준이고 피해액은 2015~2024년 누계이므로 2026년 단년 관측치로 해석하면 안 된다. 2024와 2026 파일의 시도별 인구·피해액 값이 동일하므로 연도 변화로 해석하지 않았다. 시군구 파일에는 주택·Z값·온실·소상공인 데이터가 없어 해당 지표 인사이트를 생성하지 않았다.
2026|시군구|강원|속초시|damagePerCapita,2026,시군구,강원,속초시,파생지표,damagePerCapita,1인당 우심피해액,,N,"2026년 강원 속초시의 1인당 우심피해액은 76,160원으로 강원 18개 시군구 중 12위다. 강원 전체 인구 기준 평균 1인당 피해액의 0.45배이며, 인구 규모 대비 피해 부담은 낮은 편이다.",2026 파일의 인구는 2024년 12월 기준이고 피해액은 2015~2024년 누계이므로 2026년 단년 관측치로 해석하면 안 된다. 2024와 2026 파일의 시도별 인구·피해액 값이 동일하므로 연도 변화로 해석하지 않았다. 시군구 파일에는 주택·Z값·온실·소상공인 데이터가 없어 해당 지표 인사이트를 생성하지 않았다.
2026|시군구|강원|양구군|overall,2026,시군구,강원,양구군,종합,overall,종합 인사이트,,N,"2026년 강원 양구군의 인구는 20,621명으로 강원 18개 시군구 중 18위(최하위)다. 우심피해액은 92.1억 원(10위)이고, 1인당 피해액은 446,611원(8위)이며 피해비중은 인구비중의 2.64배다. 인구 규모보다 피해 부담이 뚜렷하게 높은 편이다.",2026 파일의 인구는 2024년 12월 기준이고 피해액은 2015~2024년 누계이므로 2026년 단년 관측치로 해석하면 안 된다. 2024와 2026 파일의 시도별 인구·피해액 값이 동일하므로 연도 변화로 해석하지 않았다. 시군구 파일에는 주택·Z값·온실·소상공인 데이터가 없어 해당 지표 인사이트를 생성하지 않았다.
2026|시군구|강원|양구군|damage,2026,시군구,강원,양구군,원지표,damage,우심피해액,우심피해액(원),Y,"2026년 강원 양구군의 우심피해액은 92.1억 원으로, 강원 18개 시군구 중 10위이며 강원 전체의 3.58%다. 1인당 피해액은 446,611원이고 피해비중/인구비중은 2.64배다.",2026 파일의 인구는 2024년 12월 기준이고 피해액은 2015~2024년 누계이므로 2026년 단년 관측치로 해석하면 안 된다. 2024와 2026 파일의 시도별 인구·피해액 값이 동일하므로 연도 변화로 해석하지 않았다. 시군구 파일에는 주택·Z값·온실·소상공인 데이터가 없어 해당 지표 인사이트를 생성하지 않았다.
2026|시군구|강원|양구군|population,2026,시군구,강원,양구군,원지표,population,인구수,인구수(건),Y,"2026년 강원 양구군의 인구는 20,621명으로 강원 18개 시군구 중 18위(최하위)이며 강원 전체의 1.36%를 차지한다. 강원 18개 시군구 평균의 0.24배다.",2026 파일의 인구는 2024년 12월 기준이고 피해액은 2015~2024년 누계이므로 2026년 단년 관측치로 해석하면 안 된다. 2024와 2026 파일의 시도별 인구·피해액 값이 동일하므로 연도 변화로 해석하지 않았다. 시군구 파일에는 주택·Z값·온실·소상공인 데이터가 없어 해당 지표 인사이트를 생성하지 않았다.
2026|시군구|강원|양구군|damagePerCapita,2026,시군구,강원,양구군,파생지표,damagePerCapita,1인당 우심피해액,,N,"2026년 강원 양구군의 1인당 우심피해액은 446,611원으로 강원 18개 시군구 중 8위다. 강원 전체 인구 기준 평균 1인당 피해액의 2.64배이며, 인구 규모보다 피해 부담이 뚜렷하게 높은 편이다.",2026 파일의 인구는 2024년 12월 기준이고 피해액은 2015~2024년 누계이므로 2026년 단년 관측치로 해석하면 안 된다. 2024와 2026 파일의 시도별 인구·피해액 값이 동일하므로 연도 변화로 해석하지 않았다. 시군구 파일에는 주택·Z값·온실·소상공인 데이터가 없어 해당 지표 인사이트를 생성하지 않았다.
2026|시군구|강원|양양군|overall,2026,시군구,강원,양양군,종합,overall,종합 인사이트,,N,"2026년 강원 양양군의 인구는 27,489명으로 강원 18개 시군구 중 15위다. 우심피해액은 195.4억 원(5위)이고, 1인당 피해액은 710,858원(3위)이며 피해비중은 인구비중의 4.20배다. 인구 규모에 비해 피해가 매우 크게 집중된 지역이다.",2026 파일의 인구는 2024년 12월 기준이고 피해액은 2015~2024년 누계이므로 2026년 단년 관측치로 해석하면 안 된다. 2024와 2026 파일의 시도별 인구·피해액 값이 동일하므로 연도 변화로 해석하지 않았다. 시군구 파일에는 주택·Z값·온실·소상공인 데이터가 없어 해당 지표 인사이트를 생성하지 않았다.
2026|시군구|강원|양양군|damage,2026,시군구,강원,양양군,원지표,damage,우심피해액,우심피해액(원),Y,"2026년 강원 양양군의 우심피해액은 195.4억 원으로, 강원 18개 시군구 중 5위이며 강원 전체의 7.60%다. 1인당 피해액은 710,858원이고 피해비중/인구비중은 4.20배다.",2026 파일의 인구는 2024년 12월 기준이고 피해액은 2015~2024년 누계이므로 2026년 단년 관측치로 해석하면 안 된다. 2024와 2026 파일의 시도별 인구·피해액 값이 동일하므로 연도 변화로 해석하지 않았다. 시군구 파일에는 주택·Z값·온실·소상공인 데이터가 없어 해당 지표 인사이트를 생성하지 않았다.
2026|시군구|강원|양양군|population,2026,시군구,강원,양양군,원지표,population,인구수,인구수(건),Y,"2026년 강원 양양군의 인구는 27,489명으로 강원 18개 시군구 중 15위이며 강원 전체의 1.81%를 차지한다. 강원 18개 시군구 평균의 0.33배다.",2026 파일의 인구는 2024년 12월 기준이고 피해액은 2015~2024년 누계이므로 2026년 단년 관측치로 해석하면 안 된다. 2024와 2026 파일의 시도별 인구·피해액 값이 동일하므로 연도 변화로 해석하지 않았다. 시군구 파일에는 주택·Z값·온실·소상공인 데이터가 없어 해당 지표 인사이트를 생성하지 않았다.
2026|시군구|강원|양양군|damagePerCapita,2026,시군구,강원,양양군,파생지표,damagePerCapita,1인당 우심피해액,,N,"2026년 강원 양양군의 1인당 우심피해액은 710,858원으로 강원 18개 시군구 중 3위다. 강원 전체 인구 기준 평균 1인당 피해액의 4.20배이며, 인구 규모에 비해 피해가 매우 크게 집중된 지역이다.",2026 파일의 인구는 2024년 12월 기준이고 피해액은 2015~2024년 누계이므로 2026년 단년 관측치로 해석하면 안 된다. 2024와 2026 파일의 시도별 인구·피해액 값이 동일하므로 연도 변화로 해석하지 않았다. 시군구 파일에는 주택·Z값·온실·소상공인 데이터가 없어 해당 지표 인사이트를 생성하지 않았다.
2026|시군구|강원|영월군|overall,2026,시군구,강원,영월군,종합,overall,종합 인사이트,,N,"2026년 강원 영월군의 인구는 36,721명으로 강원 18개 시군구 중 12위다. 우심피해액은 40.3억 원(14위)이고, 1인당 피해액은 109,649원(11위)이며 피해비중은 인구비중의 0.65배다. 인구 규모 대비 피해 부담은 낮은 편이다.",2026 파일의 인구는 2024년 12월 기준이고 피해액은 2015~2024년 누계이므로 2026년 단년 관측치로 해석하면 안 된다. 2024와 2026 파일의 시도별 인구·피해액 값이 동일하므로 연도 변화로 해석하지 않았다. 시군구 파일에는 주택·Z값·온실·소상공인 데이터가 없어 해당 지표 인사이트를 생성하지 않았다.
2026|시군구|강원|영월군|damage,2026,시군구,강원,영월군,원지표,damage,우심피해액,우심피해액(원),Y,"2026년 강원 영월군의 우심피해액은 40.3억 원으로, 강원 18개 시군구 중 14위이며 강원 전체의 1.57%다. 1인당 피해액은 109,649원이고 피해비중/인구비중은 0.65배다.",2026 파일의 인구는 2024년 12월 기준이고 피해액은 2015~2024년 누계이므로 2026년 단년 관측치로 해석하면 안 된다. 2024와 2026 파일의 시도별 인구·피해액 값이 동일하므로 연도 변화로 해석하지 않았다. 시군구 파일에는 주택·Z값·온실·소상공인 데이터가 없어 해당 지표 인사이트를 생성하지 않았다.
2026|시군구|강원|영월군|population,2026,시군구,강원,영월군,원지표,population,인구수,인구수(건),Y,"2026년 강원 영월군의 인구는 36,721명으로 강원 18개 시군구 중 12위이며 강원 전체의 2.42%를 차지한다. 강원 18개 시군구 평균의 0.44배다.",2026 파일의 인구는 2024년 12월 기준이고 피해액은 2015~2024년 누계이므로 2026년 단년 관측치로 해석하면 안 된다. 2024와 2026 파일의 시도별 인구·피해액 값이 동일하므로 연도 변화로 해석하지 않았다. 시군구 파일에는 주택·Z값·온실·소상공인 데이터가 없어 해당 지표 인사이트를 생성하지 않았다.
2026|시군구|강원|영월군|damagePerCapita,2026,시군구,강원,영월군,파생지표,damagePerCapita,1인당 우심피해액,,N,"2026년 강원 영월군의 1인당 우심피해액은 109,649원으로 강원 18개 시군구 중 11위다. 강원 전체 인구 기준 평균 1인당 피해액의 0.65배이며, 인구 규모 대비 피해 부담은 낮은 편이다.",2026 파일의 인구는 2024년 12월 기준이고 피해액은 2015~2024년 누계이므로 2026년 단년 관측치로 해석하면 안 된다. 2024와 2026 파일의 시도별 인구·피해액 값이 동일하므로 연도 변화로 해석하지 않았다. 시군구 파일에는 주택·Z값·온실·소상공인 데이터가 없어 해당 지표 인사이트를 생성하지 않았다.
2026|시군구|강원|원주시|overall,2026,시군구,강원,원주시,종합,overall,종합 인사이트,,N,"2026년 강원 원주시의 인구는 362,164명으로 강원 18개 시군구 중 1위이며 강원 인구의 23.86%다. 원자료상 우심피해액은 0원으로 기록되어 있으며, 다른 시군구 대비 피해부담 순위는 최하위권이다.",2026 파일의 인구는 2024년 12월 기준이고 피해액은 2015~2024년 누계이므로 2026년 단년 관측치로 해석하면 안 된다. 2024와 2026 파일의 시도별 인구·피해액 값이 동일하므로 연도 변화로 해석하지 않았다. 시군구 파일에는 주택·Z값·온실·소상공인 데이터가 없어 해당 지표 인사이트를 생성하지 않았다.
2026|시군구|강원|원주시|damage,2026,시군구,강원,원주시,원지표,damage,우심피해액,우심피해액(원),Y,2026년 강원 원주시의 원자료상 우심피해액은 0원으로 강원 18개 시군구 내 공동 최하위다. 0원은 집계기간에 피해액이 기록되지 않았다는 의미이며 향후 재난위험이 없다는 뜻은 아니다.,2026 파일의 인구는 2024년 12월 기준이고 피해액은 2015~2024년 누계이므로 2026년 단년 관측치로 해석하면 안 된다. 2024와 2026 파일의 시도별 인구·피해액 값이 동일하므로 연도 변화로 해석하지 않았다. 시군구 파일에는 주택·Z값·온실·소상공인 데이터가 없어 해당 지표 인사이트를 생성하지 않았다.
2026|시군구|강원|원주시|population,2026,시군구,강원,원주시,원지표,population,인구수,인구수(건),Y,"2026년 강원 원주시의 인구는 362,164명으로 강원 18개 시군구 중 1위이며 강원 전체의 23.86%를 차지한다. 강원 18개 시군구 평균의 4.30배다.",2026 파일의 인구는 2024년 12월 기준이고 피해액은 2015~2024년 누계이므로 2026년 단년 관측치로 해석하면 안 된다. 2024와 2026 파일의 시도별 인구·피해액 값이 동일하므로 연도 변화로 해석하지 않았다. 시군구 파일에는 주택·Z값·온실·소상공인 데이터가 없어 해당 지표 인사이트를 생성하지 않았다.
2026|시군구|강원|원주시|damagePerCapita,2026,시군구,강원,원주시,파생지표,damagePerCapita,1인당 우심피해액,,N,"2026년 강원 원주시의 1인당 우심피해액은 0원으로 강원 18개 시군구 중 공동 최하위다. 강원 전체 인구 기준 평균 1인당 피해액의 0.00배이며, 원자료상 피해액은 0원으로 기록되어 있다.",2026 파일의 인구는 2024년 12월 기준이고 피해액은 2015~2024년 누계이므로 2026년 단년 관측치로 해석하면 안 된다. 2024와 2026 파일의 시도별 인구·피해액 값이 동일하므로 연도 변화로 해석하지 않았다. 시군구 파일에는 주택·Z값·온실·소상공인 데이터가 없어 해당 지표 인사이트를 생성하지 않았다.
2026|시군구|강원|인제군|overall,2026,시군구,강원,인제군,종합,overall,종합 인사이트,,N,"2026년 강원 인제군의 인구는 31,535명으로 강원 18개 시군구 중 14위다. 우심피해액은 208.2억 원(4위)이고, 1인당 피해액은 660,257원(4위)이며 피해비중은 인구비중의 3.90배다. 인구 규모에 비해 피해가 매우 크게 집중된 지역이다.",2026 파일의 인구는 2024년 12월 기준이고 피해액은 2015~2024년 누계이므로 2026년 단년 관측치로 해석하면 안 된다. 2024와 2026 파일의 시도별 인구·피해액 값이 동일하므로 연도 변화로 해석하지 않았다. 시군구 파일에는 주택·Z값·온실·소상공인 데이터가 없어 해당 지표 인사이트를 생성하지 않았다.
2026|시군구|강원|인제군|damage,2026,시군구,강원,인제군,원지표,damage,우심피해액,우심피해액(원),Y,"2026년 강원 인제군의 우심피해액은 208.2억 원으로, 강원 18개 시군구 중 4위이며 강원 전체의 8.10%다. 1인당 피해액은 660,257원이고 피해비중/인구비중은 3.90배다.",2026 파일의 인구는 2024년 12월 기준이고 피해액은 2015~2024년 누계이므로 2026년 단년 관측치로 해석하면 안 된다. 2024와 2026 파일의 시도별 인구·피해액 값이 동일하므로 연도 변화로 해석하지 않았다. 시군구 파일에는 주택·Z값·온실·소상공인 데이터가 없어 해당 지표 인사이트를 생성하지 않았다.
2026|시군구|강원|인제군|population,2026,시군구,강원,인제군,원지표,population,인구수,인구수(건),Y,"2026년 강원 인제군의 인구는 31,535명으로 강원 18개 시군구 중 14위이며 강원 전체의 2.08%를 차지한다. 강원 18개 시군구 평균의 0.37배다.",2026 파일의 인구는 2024년 12월 기준이고 피해액은 2015~2024년 누계이므로 2026년 단년 관측치로 해석하면 안 된다. 2024와 2026 파일의 시도별 인구·피해액 값이 동일하므로 연도 변화로 해석하지 않았다. 시군구 파일에는 주택·Z값·온실·소상공인 데이터가 없어 해당 지표 인사이트를 생성하지 않았다.
2026|시군구|강원|인제군|damagePerCapita,2026,시군구,강원,인제군,파생지표,damagePerCapita,1인당 우심피해액,,N,"2026년 강원 인제군의 1인당 우심피해액은 660,257원으로 강원 18개 시군구 중 4위다. 강원 전체 인구 기준 평균 1인당 피해액의 3.90배이며, 인구 규모에 비해 피해가 매우 크게 집중된 지역이다.",2026 파일의 인구는 2024년 12월 기준이고 피해액은 2015~2024년 누계이므로 2026년 단년 관측치로 해석하면 안 된다. 2024와 2026 파일의 시도별 인구·피해액 값이 동일하므로 연도 변화로 해석하지 않았다. 시군구 파일에는 주택·Z값·온실·소상공인 데이터가 없어 해당 지표 인사이트를 생성하지 않았다.
2026|시군구|강원|정선군|overall,2026,시군구,강원,정선군,종합,overall,종합 인사이트,,N,"2026년 강원 정선군의 인구는 33,515명으로 강원 18개 시군구 중 13위이며 강원 인구의 2.21%다. 원자료상 우심피해액은 0원으로 기록되어 있으며, 다른 시군구 대비 피해부담 순위는 최하위권이다.",2026 파일의 인구는 2024년 12월 기준이고 피해액은 2015~2024년 누계이므로 2026년 단년 관측치로 해석하면 안 된다. 2024와 2026 파일의 시도별 인구·피해액 값이 동일하므로 연도 변화로 해석하지 않았다. 시군구 파일에는 주택·Z값·온실·소상공인 데이터가 없어 해당 지표 인사이트를 생성하지 않았다.
2026|시군구|강원|정선군|damage,2026,시군구,강원,정선군,원지표,damage,우심피해액,우심피해액(원),Y,2026년 강원 정선군의 원자료상 우심피해액은 0원으로 강원 18개 시군구 내 공동 최하위다. 0원은 집계기간에 피해액이 기록되지 않았다는 의미이며 향후 재난위험이 없다는 뜻은 아니다.,2026 파일의 인구는 2024년 12월 기준이고 피해액은 2015~2024년 누계이므로 2026년 단년 관측치로 해석하면 안 된다. 2024와 2026 파일의 시도별 인구·피해액 값이 동일하므로 연도 변화로 해석하지 않았다. 시군구 파일에는 주택·Z값·온실·소상공인 데이터가 없어 해당 지표 인사이트를 생성하지 않았다.
2026|시군구|강원|정선군|population,2026,시군구,강원,정선군,원지표,population,인구수,인구수(건),Y,"2026년 강원 정선군의 인구는 33,515명으로 강원 18개 시군구 중 13위이며 강원 전체의 2.21%를 차지한다. 강원 18개 시군구 평균의 0.40배다.",2026 파일의 인구는 2024년 12월 기준이고 피해액은 2015~2024년 누계이므로 2026년 단년 관측치로 해석하면 안 된다. 2024와 2026 파일의 시도별 인구·피해액 값이 동일하므로 연도 변화로 해석하지 않았다. 시군구 파일에는 주택·Z값·온실·소상공인 데이터가 없어 해당 지표 인사이트를 생성하지 않았다.
2026|시군구|강원|정선군|damagePerCapita,2026,시군구,강원,정선군,파생지표,damagePerCapita,1인당 우심피해액,,N,"2026년 강원 정선군의 1인당 우심피해액은 0원으로 강원 18개 시군구 중 공동 최하위다. 강원 전체 인구 기준 평균 1인당 피해액의 0.00배이며, 원자료상 피해액은 0원으로 기록되어 있다.",2026 파일의 인구는 2024년 12월 기준이고 피해액은 2015~2024년 누계이므로 2026년 단년 관측치로 해석하면 안 된다. 2024와 2026 파일의 시도별 인구·피해액 값이 동일하므로 연도 변화로 해석하지 않았다. 시군구 파일에는 주택·Z값·온실·소상공인 데이터가 없어 해당 지표 인사이트를 생성하지 않았다.
2026|시군구|강원|철원군|overall,2026,시군구,강원,철원군,종합,overall,종합 인사이트,,N,"2026년 강원 철원군의 인구는 40,497명으로 강원 18개 시군구 중 9위다. 우심피해액은 608.5억 원(1위)이고, 1인당 피해액은 1,502,673원(1위)이며 피해비중은 인구비중의 8.87배다. 인구 규모에 비해 피해가 매우 크게 집중된 지역이다.",2026 파일의 인구는 2024년 12월 기준이고 피해액은 2015~2024년 누계이므로 2026년 단년 관측치로 해석하면 안 된다. 2024와 2026 파일의 시도별 인구·피해액 값이 동일하므로 연도 변화로 해석하지 않았다. 시군구 파일에는 주택·Z값·온실·소상공인 데이터가 없어 해당 지표 인사이트를 생성하지 않았다.
2026|시군구|강원|철원군|damage,2026,시군구,강원,철원군,원지표,damage,우심피해액,우심피해액(원),Y,"2026년 강원 철원군의 우심피해액은 608.5억 원으로, 강원 18개 시군구 중 1위이며 강원 전체의 23.68%다. 1인당 피해액은 1,502,673원이고 피해비중/인구비중은 8.87배다.",2026 파일의 인구는 2024년 12월 기준이고 피해액은 2015~2024년 누계이므로 2026년 단년 관측치로 해석하면 안 된다. 2024와 2026 파일의 시도별 인구·피해액 값이 동일하므로 연도 변화로 해석하지 않았다. 시군구 파일에는 주택·Z값·온실·소상공인 데이터가 없어 해당 지표 인사이트를 생성하지 않았다.
2026|시군구|강원|철원군|population,2026,시군구,강원,철원군,원지표,population,인구수,인구수(건),Y,"2026년 강원 철원군의 인구는 40,497명으로 강원 18개 시군구 중 9위이며 강원 전체의 2.67%를 차지한다. 강원 18개 시군구 평균의 0.48배다.",2026 파일의 인구는 2024년 12월 기준이고 피해액은 2015~2024년 누계이므로 2026년 단년 관측치로 해석하면 안 된다. 2024와 2026 파일의 시도별 인구·피해액 값이 동일하므로 연도 변화로 해석하지 않았다. 시군구 파일에는 주택·Z값·온실·소상공인 데이터가 없어 해당 지표 인사이트를 생성하지 않았다.
2026|시군구|강원|철원군|damagePerCapita,2026,시군구,강원,철원군,파생지표,damagePerCapita,1인당 우심피해액,,N,"2026년 강원 철원군의 1인당 우심피해액은 1,502,673원으로 강원 18개 시군구 중 1위다. 강원 전체 인구 기준 평균 1인당 피해액의 8.87배이며, 인구 규모에 비해 피해가 매우 크게 집중된 지역이다.",2026 파일의 인구는 2024년 12월 기준이고 피해액은 2015~2024년 누계이므로 2026년 단년 관측치로 해석하면 안 된다. 2024와 2026 파일의 시도별 인구·피해액 값이 동일하므로 연도 변화로 해석하지 않았다. 시군구 파일에는 주택·Z값·온실·소상공인 데이터가 없어 해당 지표 인사이트를 생성하지 않았다.
2026|시군구|강원|춘천시|overall,2026,시군구,강원,춘천시,종합,overall,종합 인사이트,,N,"2026년 강원 춘천시의 인구는 286,069명으로 강원 18개 시군구 중 2위다. 우심피해액은 53.0억 원(12위)이고, 1인당 피해액은 18,535원(15위)이며 피해비중은 인구비중의 0.11배다. 인구 규모 대비 피해 부담은 매우 낮게 나타난다.",2026 파일의 인구는 2024년 12월 기준이고 피해액은 2015~2024년 누계이므로 2026년 단년 관측치로 해석하면 안 된다. 2024와 2026 파일의 시도별 인구·피해액 값이 동일하므로 연도 변화로 해석하지 않았다. 시군구 파일에는 주택·Z값·온실·소상공인 데이터가 없어 해당 지표 인사이트를 생성하지 않았다.
2026|시군구|강원|춘천시|damage,2026,시군구,강원,춘천시,원지표,damage,우심피해액,우심피해액(원),Y,"2026년 강원 춘천시의 우심피해액은 53.0억 원으로, 강원 18개 시군구 중 12위이며 강원 전체의 2.06%다. 1인당 피해액은 18,535원이고 피해비중/인구비중은 0.11배다.",2026 파일의 인구는 2024년 12월 기준이고 피해액은 2015~2024년 누계이므로 2026년 단년 관측치로 해석하면 안 된다. 2024와 2026 파일의 시도별 인구·피해액 값이 동일하므로 연도 변화로 해석하지 않았다. 시군구 파일에는 주택·Z값·온실·소상공인 데이터가 없어 해당 지표 인사이트를 생성하지 않았다.
2026|시군구|강원|춘천시|population,2026,시군구,강원,춘천시,원지표,population,인구수,인구수(건),Y,"2026년 강원 춘천시의 인구는 286,069명으로 강원 18개 시군구 중 2위이며 강원 전체의 18.85%를 차지한다. 강원 18개 시군구 평균의 3.39배다.",2026 파일의 인구는 2024년 12월 기준이고 피해액은 2015~2024년 누계이므로 2026년 단년 관측치로 해석하면 안 된다. 2024와 2026 파일의 시도별 인구·피해액 값이 동일하므로 연도 변화로 해석하지 않았다. 시군구 파일에는 주택·Z값·온실·소상공인 데이터가 없어 해당 지표 인사이트를 생성하지 않았다.
2026|시군구|강원|춘천시|damagePerCapita,2026,시군구,강원,춘천시,파생지표,damagePerCapita,1인당 우심피해액,,N,"2026년 강원 춘천시의 1인당 우심피해액은 18,535원으로 강원 18개 시군구 중 15위다. 강원 전체 인구 기준 평균 1인당 피해액의 0.11배이며, 인구 규모 대비 피해 부담은 매우 낮게 나타난다.",2026 파일의 인구는 2024년 12월 기준이고 피해액은 2015~2024년 누계이므로 2026년 단년 관측치로 해석하면 안 된다. 2024와 2026 파일의 시도별 인구·피해액 값이 동일하므로 연도 변화로 해석하지 않았다. 시군구 파일에는 주택·Z값·온실·소상공인 데이터가 없어 해당 지표 인사이트를 생성하지 않았다.
2026|시군구|강원|태백시|overall,2026,시군구,강원,태백시,종합,overall,종합 인사이트,,N,"2026년 강원 태백시의 인구는 37,936명으로 강원 18개 시군구 중 11위이며 강원 인구의 2.50%다. 원자료상 우심피해액은 0원으로 기록되어 있으며, 다른 시군구 대비 피해부담 순위는 최하위권이다.",2026 파일의 인구는 2024년 12월 기준이고 피해액은 2015~2024년 누계이므로 2026년 단년 관측치로 해석하면 안 된다. 2024와 2026 파일의 시도별 인구·피해액 값이 동일하므로 연도 변화로 해석하지 않았다. 시군구 파일에는 주택·Z값·온실·소상공인 데이터가 없어 해당 지표 인사이트를 생성하지 않았다.
2026|시군구|강원|태백시|damage,2026,시군구,강원,태백시,원지표,damage,우심피해액,우심피해액(원),Y,2026년 강원 태백시의 원자료상 우심피해액은 0원으로 강원 18개 시군구 내 공동 최하위다. 0원은 집계기간에 피해액이 기록되지 않았다는 의미이며 향후 재난위험이 없다는 뜻은 아니다.,2026 파일의 인구는 2024년 12월 기준이고 피해액은 2015~2024년 누계이므로 2026년 단년 관측치로 해석하면 안 된다. 2024와 2026 파일의 시도별 인구·피해액 값이 동일하므로 연도 변화로 해석하지 않았다. 시군구 파일에는 주택·Z값·온실·소상공인 데이터가 없어 해당 지표 인사이트를 생성하지 않았다.
2026|시군구|강원|태백시|population,2026,시군구,강원,태백시,원지표,population,인구수,인구수(건),Y,"2026년 강원 태백시의 인구는 37,936명으로 강원 18개 시군구 중 11위이며 강원 전체의 2.50%를 차지한다. 강원 18개 시군구 평균의 0.45배다.",2026 파일의 인구는 2024년 12월 기준이고 피해액은 2015~2024년 누계이므로 2026년 단년 관측치로 해석하면 안 된다. 2024와 2026 파일의 시도별 인구·피해액 값이 동일하므로 연도 변화로 해석하지 않았다. 시군구 파일에는 주택·Z값·온실·소상공인 데이터가 없어 해당 지표 인사이트를 생성하지 않았다.
2026|시군구|강원|태백시|damagePerCapita,2026,시군구,강원,태백시,파생지표,damagePerCapita,1인당 우심피해액,,N,"2026년 강원 태백시의 1인당 우심피해액은 0원으로 강원 18개 시군구 중 공동 최하위다. 강원 전체 인구 기준 평균 1인당 피해액의 0.00배이며, 원자료상 피해액은 0원으로 기록되어 있다.",2026 파일의 인구는 2024년 12월 기준이고 피해액은 2015~2024년 누계이므로 2026년 단년 관측치로 해석하면 안 된다. 2024와 2026 파일의 시도별 인구·피해액 값이 동일하므로 연도 변화로 해석하지 않았다. 시군구 파일에는 주택·Z값·온실·소상공인 데이터가 없어 해당 지표 인사이트를 생성하지 않았다.
2026|시군구|강원|평창군|overall,2026,시군구,강원,평창군,종합,overall,종합 인사이트,,N,"2026년 강원 평창군의 인구는 40,396명으로 강원 18개 시군구 중 10위다. 우심피해액은 48.2억 원(13위)이고, 1인당 피해액은 119,267원(10위)이며 피해비중은 인구비중의 0.70배다. 인구 규모 대비 피해 부담은 낮은 편이다.",2026 파일의 인구는 2024년 12월 기준이고 피해액은 2015~2024년 누계이므로 2026년 단년 관측치로 해석하면 안 된다. 2024와 2026 파일의 시도별 인구·피해액 값이 동일하므로 연도 변화로 해석하지 않았다. 시군구 파일에는 주택·Z값·온실·소상공인 데이터가 없어 해당 지표 인사이트를 생성하지 않았다.
2026|시군구|강원|평창군|damage,2026,시군구,강원,평창군,원지표,damage,우심피해액,우심피해액(원),Y,"2026년 강원 평창군의 우심피해액은 48.2억 원으로, 강원 18개 시군구 중 13위이며 강원 전체의 1.87%다. 1인당 피해액은 119,267원이고 피해비중/인구비중은 0.70배다.",2026 파일의 인구는 2024년 12월 기준이고 피해액은 2015~2024년 누계이므로 2026년 단년 관측치로 해석하면 안 된다. 2024와 2026 파일의 시도별 인구·피해액 값이 동일하므로 연도 변화로 해석하지 않았다. 시군구 파일에는 주택·Z값·온실·소상공인 데이터가 없어 해당 지표 인사이트를 생성하지 않았다.
2026|시군구|강원|평창군|population,2026,시군구,강원,평창군,원지표,population,인구수,인구수(건),Y,"2026년 강원 평창군의 인구는 40,396명으로 강원 18개 시군구 중 10위이며 강원 전체의 2.66%를 차지한다. 강원 18개 시군구 평균의 0.48배다.",2026 파일의 인구는 2024년 12월 기준이고 피해액은 2015~2024년 누계이므로 2026년 단년 관측치로 해석하면 안 된다. 2024와 2026 파일의 시도별 인구·피해액 값이 동일하므로 연도 변화로 해석하지 않았다. 시군구 파일에는 주택·Z값·온실·소상공인 데이터가 없어 해당 지표 인사이트를 생성하지 않았다.
2026|시군구|강원|평창군|damagePerCapita,2026,시군구,강원,평창군,파생지표,damagePerCapita,1인당 우심피해액,,N,"2026년 강원 평창군의 1인당 우심피해액은 119,267원으로 강원 18개 시군구 중 10위다. 강원 전체 인구 기준 평균 1인당 피해액의 0.70배이며, 인구 규모 대비 피해 부담은 낮은 편이다.",2026 파일의 인구는 2024년 12월 기준이고 피해액은 2015~2024년 누계이므로 2026년 단년 관측치로 해석하면 안 된다. 2024와 2026 파일의 시도별 인구·피해액 값이 동일하므로 연도 변화로 해석하지 않았다. 시군구 파일에는 주택·Z값·온실·소상공인 데이터가 없어 해당 지표 인사이트를 생성하지 않았다.
2026|시군구|강원|홍천군|overall,2026,시군구,강원,홍천군,종합,overall,종합 인사이트,,N,"2026년 강원 홍천군의 인구는 66,717명으로 강원 18개 시군구 중 6위다. 우심피해액은 160.5억 원(7위)이고, 1인당 피해액은 240,610원(9위)이며 피해비중은 인구비중의 1.42배다. 인구 비중과 피해 비중이 대체로 비슷한 수준이다.",2026 파일의 인구는 2024년 12월 기준이고 피해액은 2015~2024년 누계이므로 2026년 단년 관측치로 해석하면 안 된다. 2024와 2026 파일의 시도별 인구·피해액 값이 동일하므로 연도 변화로 해석하지 않았다. 시군구 파일에는 주택·Z값·온실·소상공인 데이터가 없어 해당 지표 인사이트를 생성하지 않았다.
2026|시군구|강원|홍천군|damage,2026,시군구,강원,홍천군,원지표,damage,우심피해액,우심피해액(원),Y,"2026년 강원 홍천군의 우심피해액은 160.5억 원으로, 강원 18개 시군구 중 7위이며 강원 전체의 6.25%다. 1인당 피해액은 240,610원이고 피해비중/인구비중은 1.42배다.",2026 파일의 인구는 2024년 12월 기준이고 피해액은 2015~2024년 누계이므로 2026년 단년 관측치로 해석하면 안 된다. 2024와 2026 파일의 시도별 인구·피해액 값이 동일하므로 연도 변화로 해석하지 않았다. 시군구 파일에는 주택·Z값·온실·소상공인 데이터가 없어 해당 지표 인사이트를 생성하지 않았다.
2026|시군구|강원|홍천군|population,2026,시군구,강원,홍천군,원지표,population,인구수,인구수(건),Y,"2026년 강원 홍천군의 인구는 66,717명으로 강원 18개 시군구 중 6위이며 강원 전체의 4.40%를 차지한다. 강원 18개 시군구 평균의 0.79배다.",2026 파일의 인구는 2024년 12월 기준이고 피해액은 2015~2024년 누계이므로 2026년 단년 관측치로 해석하면 안 된다. 2024와 2026 파일의 시도별 인구·피해액 값이 동일하므로 연도 변화로 해석하지 않았다. 시군구 파일에는 주택·Z값·온실·소상공인 데이터가 없어 해당 지표 인사이트를 생성하지 않았다.
2026|시군구|강원|홍천군|damagePerCapita,2026,시군구,강원,홍천군,파생지표,damagePerCapita,1인당 우심피해액,,N,"2026년 강원 홍천군의 1인당 우심피해액은 240,610원으로 강원 18개 시군구 중 9위다. 강원 전체 인구 기준 평균 1인당 피해액의 1.42배이며, 인구 비중과 피해 비중이 대체로 비슷한 수준이다.",2026 파일의 인구는 2024년 12월 기준이고 피해액은 2015~2024년 누계이므로 2026년 단년 관측치로 해석하면 안 된다. 2024와 2026 파일의 시도별 인구·피해액 값이 동일하므로 연도 변화로 해석하지 않았다. 시군구 파일에는 주택·Z값·온실·소상공인 데이터가 없어 해당 지표 인사이트를 생성하지 않았다.
2026|시군구|강원|화천군|overall,2026,시군구,강원,화천군,종합,overall,종합 인사이트,,N,"2026년 강원 화천군의 인구는 22,922명으로 강원 18개 시군구 중 17위다. 우심피해액은 116.8억 원(9위)이고, 1인당 피해액은 509,716원(7위)이며 피해비중은 인구비중의 3.01배다. 인구 규모에 비해 피해가 매우 크게 집중된 지역이다.",2026 파일의 인구는 2024년 12월 기준이고 피해액은 2015~2024년 누계이므로 2026년 단년 관측치로 해석하면 안 된다. 2024와 2026 파일의 시도별 인구·피해액 값이 동일하므로 연도 변화로 해석하지 않았다. 시군구 파일에는 주택·Z값·온실·소상공인 데이터가 없어 해당 지표 인사이트를 생성하지 않았다.
2026|시군구|강원|화천군|damage,2026,시군구,강원,화천군,원지표,damage,우심피해액,우심피해액(원),Y,"2026년 강원 화천군의 우심피해액은 116.8억 원으로, 강원 18개 시군구 중 9위이며 강원 전체의 4.55%다. 1인당 피해액은 509,716원이고 피해비중/인구비중은 3.01배다.",2026 파일의 인구는 2024년 12월 기준이고 피해액은 2015~2024년 누계이므로 2026년 단년 관측치로 해석하면 안 된다. 2024와 2026 파일의 시도별 인구·피해액 값이 동일하므로 연도 변화로 해석하지 않았다. 시군구 파일에는 주택·Z값·온실·소상공인 데이터가 없어 해당 지표 인사이트를 생성하지 않았다.
2026|시군구|강원|화천군|population,2026,시군구,강원,화천군,원지표,population,인구수,인구수(건),Y,"2026년 강원 화천군의 인구는 22,922명으로 강원 18개 시군구 중 17위이며 강원 전체의 1.51%를 차지한다. 강원 18개 시군구 평균의 0.27배다.",2026 파일의 인구는 2024년 12월 기준이고 피해액은 2015~2024년 누계이므로 2026년 단년 관측치로 해석하면 안 된다. 2024와 2026 파일의 시도별 인구·피해액 값이 동일하므로 연도 변화로 해석하지 않았다. 시군구 파일에는 주택·Z값·온실·소상공인 데이터가 없어 해당 지표 인사이트를 생성하지 않았다.
2026|시군구|강원|화천군|damagePerCapita,2026,시군구,강원,화천군,파생지표,damagePerCapita,1인당 우심피해액,,N,"2026년 강원 화천군의 1인당 우심피해액은 509,716원으로 강원 18개 시군구 중 7위다. 강원 전체 인구 기준 평균 1인당 피해액의 3.01배이며, 인구 규모에 비해 피해가 매우 크게 집중된 지역이다.",2026 파일의 인구는 2024년 12월 기준이고 피해액은 2015~2024년 누계이므로 2026년 단년 관측치로 해석하면 안 된다. 2024와 2026 파일의 시도별 인구·피해액 값이 동일하므로 연도 변화로 해석하지 않았다. 시군구 파일에는 주택·Z값·온실·소상공인 데이터가 없어 해당 지표 인사이트를 생성하지 않았다.
2026|시군구|강원|횡성군|overall,2026,시군구,강원,횡성군,종합,overall,종합 인사이트,,N,"2026년 강원 횡성군의 인구는 46,111명으로 강원 18개 시군구 중 8위다. 우심피해액은 239.6억 원(3위)이고, 1인당 피해액은 519,644원(6위)이며 피해비중은 인구비중의 3.07배다. 인구 규모에 비해 피해가 매우 크게 집중된 지역이다.",2026 파일의 인구는 2024년 12월 기준이고 피해액은 2015~2024년 누계이므로 2026년 단년 관측치로 해석하면 안 된다. 2024와 2026 파일의 시도별 인구·피해액 값이 동일하므로 연도 변화로 해석하지 않았다. 시군구 파일에는 주택·Z값·온실·소상공인 데이터가 없어 해당 지표 인사이트를 생성하지 않았다.
2026|시군구|강원|횡성군|damage,2026,시군구,강원,횡성군,원지표,damage,우심피해액,우심피해액(원),Y,"2026년 강원 횡성군의 우심피해액은 239.6억 원으로, 강원 18개 시군구 중 3위이며 강원 전체의 9.32%다. 1인당 피해액은 519,644원이고 피해비중/인구비중은 3.07배다.",2026 파일의 인구는 2024년 12월 기준이고 피해액은 2015~2024년 누계이므로 2026년 단년 관측치로 해석하면 안 된다. 2024와 2026 파일의 시도별 인구·피해액 값이 동일하므로 연도 변화로 해석하지 않았다. 시군구 파일에는 주택·Z값·온실·소상공인 데이터가 없어 해당 지표 인사이트를 생성하지 않았다.
2026|시군구|강원|횡성군|population,2026,시군구,강원,횡성군,원지표,population,인구수,인구수(건),Y,"2026년 강원 횡성군의 인구는 46,111명으로 강원 18개 시군구 중 8위이며 강원 전체의 3.04%를 차지한다. 강원 18개 시군구 평균의 0.55배다.",2026 파일의 인구는 2024년 12월 기준이고 피해액은 2015~2024년 누계이므로 2026년 단년 관측치로 해석하면 안 된다. 2024와 2026 파일의 시도별 인구·피해액 값이 동일하므로 연도 변화로 해석하지 않았다. 시군구 파일에는 주택·Z값·온실·소상공인 데이터가 없어 해당 지표 인사이트를 생성하지 않았다.
2026|시군구|강원|횡성군|damagePerCapita,2026,시군구,강원,횡성군,파생지표,damagePerCapita,1인당 우심피해액,,N,"2026년 강원 횡성군의 1인당 우심피해액은 519,644원으로 강원 18개 시군구 중 6위다. 강원 전체 인구 기준 평균 1인당 피해액의 3.07배이며, 인구 규모에 비해 피해가 매우 크게 집중된 지역이다.",2026 파일의 인구는 2024년 12월 기준이고 피해액은 2015~2024년 누계이므로 2026년 단년 관측치로 해석하면 안 된다. 2024와 2026 파일의 시도별 인구·피해액 값이 동일하므로 연도 변화로 해석하지 않았다. 시군구 파일에는 주택·Z값·온실·소상공인 데이터가 없어 해당 지표 인사이트를 생성하지 않았다.
2026|시군구|충북|괴산군|overall,2026,시군구,충북,괴산군,종합,overall,종합 인사이트,,N,"2026년 충북 괴산군의 인구는 36,252명으로 충북 11개 시군구 중 9위다. 우심피해액은 581.0억 원(3위)이고, 1인당 피해액은 1,602,544원(2위)이며 피해비중은 인구비중의 5.21배다. 인구 규모에 비해 피해가 매우 크게 집중된 지역이다.",2026 파일의 인구는 2024년 12월 기준이고 피해액은 2015~2024년 누계이므로 2026년 단년 관측치로 해석하면 안 된다. 2024와 2026 파일의 시도별 인구·피해액 값이 동일하므로 연도 변화로 해석하지 않았다. 시군구 파일에는 주택·Z값·온실·소상공인 데이터가 없어 해당 지표 인사이트를 생성하지 않았다.
2026|시군구|충북|괴산군|damage,2026,시군구,충북,괴산군,원지표,damage,우심피해액,우심피해액(원),Y,"2026년 충북 괴산군의 우심피해액은 581.0억 원으로, 충북 11개 시군구 중 3위이며 충북 전체의 11.88%다. 1인당 피해액은 1,602,544원이고 피해비중/인구비중은 5.21배다.",2026 파일의 인구는 2024년 12월 기준이고 피해액은 2015~2024년 누계이므로 2026년 단년 관측치로 해석하면 안 된다. 2024와 2026 파일의 시도별 인구·피해액 값이 동일하므로 연도 변화로 해석하지 않았다. 시군구 파일에는 주택·Z값·온실·소상공인 데이터가 없어 해당 지표 인사이트를 생성하지 않았다.
2026|시군구|충북|괴산군|population,2026,시군구,충북,괴산군,원지표,population,인구수,인구수(건),Y,"2026년 충북 괴산군의 인구는 36,252명으로 충북 11개 시군구 중 9위이며 충북 전체의 2.28%를 차지한다. 충북 11개 시군구 평균의 0.25배다.",2026 파일의 인구는 2024년 12월 기준이고 피해액은 2015~2024년 누계이므로 2026년 단년 관측치로 해석하면 안 된다. 2024와 2026 파일의 시도별 인구·피해액 값이 동일하므로 연도 변화로 해석하지 않았다. 시군구 파일에는 주택·Z값·온실·소상공인 데이터가 없어 해당 지표 인사이트를 생성하지 않았다.
2026|시군구|충북|괴산군|damagePerCapita,2026,시군구,충북,괴산군,파생지표,damagePerCapita,1인당 우심피해액,,N,"2026년 충북 괴산군의 1인당 우심피해액은 1,602,544원으로 충북 11개 시군구 중 2위다. 충북 전체 인구 기준 평균 1인당 피해액의 5.21배이며, 인구 규모에 비해 피해가 매우 크게 집중된 지역이다.",2026 파일의 인구는 2024년 12월 기준이고 피해액은 2015~2024년 누계이므로 2026년 단년 관측치로 해석하면 안 된다. 2024와 2026 파일의 시도별 인구·피해액 값이 동일하므로 연도 변화로 해석하지 않았다. 시군구 파일에는 주택·Z값·온실·소상공인 데이터가 없어 해당 지표 인사이트를 생성하지 않았다.
2026|시군구|충북|단양군|overall,2026,시군구,충북,단양군,종합,overall,종합 인사이트,,N,"2026년 충북 단양군의 인구는 27,352명으로 충북 11개 시군구 중 11위(최하위)다. 우심피해액은 476.2억 원(5위)이고, 1인당 피해액은 1,740,906원(1위)이며 피해비중은 인구비중의 5.66배다. 인구 규모에 비해 피해가 매우 크게 집중된 지역이다.",2026 파일의 인구는 2024년 12월 기준이고 피해액은 2015~2024년 누계이므로 2026년 단년 관측치로 해석하면 안 된다. 2024와 2026 파일의 시도별 인구·피해액 값이 동일하므로 연도 변화로 해석하지 않았다. 시군구 파일에는 주택·Z값·온실·소상공인 데이터가 없어 해당 지표 인사이트를 생성하지 않았다.
2026|시군구|충북|단양군|damage,2026,시군구,충북,단양군,원지표,damage,우심피해액,우심피해액(원),Y,"2026년 충북 단양군의 우심피해액은 476.2억 원으로, 충북 11개 시군구 중 5위이며 충북 전체의 9.73%다. 1인당 피해액은 1,740,906원이고 피해비중/인구비중은 5.66배다.",2026 파일의 인구는 2024년 12월 기준이고 피해액은 2015~2024년 누계이므로 2026년 단년 관측치로 해석하면 안 된다. 2024와 2026 파일의 시도별 인구·피해액 값이 동일하므로 연도 변화로 해석하지 않았다. 시군구 파일에는 주택·Z값·온실·소상공인 데이터가 없어 해당 지표 인사이트를 생성하지 않았다.
2026|시군구|충북|단양군|population,2026,시군구,충북,단양군,원지표,population,인구수,인구수(건),Y,"2026년 충북 단양군의 인구는 27,352명으로 충북 11개 시군구 중 11위(최하위)이며 충북 전체의 1.72%를 차지한다. 충북 11개 시군구 평균의 0.19배다.",2026 파일의 인구는 2024년 12월 기준이고 피해액은 2015~2024년 누계이므로 2026년 단년 관측치로 해석하면 안 된다. 2024와 2026 파일의 시도별 인구·피해액 값이 동일하므로 연도 변화로 해석하지 않았다. 시군구 파일에는 주택·Z값·온실·소상공인 데이터가 없어 해당 지표 인사이트를 생성하지 않았다.
2026|시군구|충북|단양군|damagePerCapita,2026,시군구,충북,단양군,파생지표,damagePerCapita,1인당 우심피해액,,N,"2026년 충북 단양군의 1인당 우심피해액은 1,740,906원으로 충북 11개 시군구 중 1위다. 충북 전체 인구 기준 평균 1인당 피해액의 5.66배이며, 인구 규모에 비해 피해가 매우 크게 집중된 지역이다.",2026 파일의 인구는 2024년 12월 기준이고 피해액은 2015~2024년 누계이므로 2026년 단년 관측치로 해석하면 안 된다. 2024와 2026 파일의 시도별 인구·피해액 값이 동일하므로 연도 변화로 해석하지 않았다. 시군구 파일에는 주택·Z값·온실·소상공인 데이터가 없어 해당 지표 인사이트를 생성하지 않았다.
2026|시군구|충북|보은군|overall,2026,시군구,충북,보은군,종합,overall,종합 인사이트,,N,"2026년 충북 보은군의 인구는 30,527명으로 충북 11개 시군구 중 10위다. 우심피해액은 69.8억 원(11위(최하위))이고, 1인당 피해액은 228,515원(7위)이며 피해비중은 인구비중의 0.74배다. 인구 규모 대비 피해 부담은 낮은 편이다.",2026 파일의 인구는 2024년 12월 기준이고 피해액은 2015~2024년 누계이므로 2026년 단년 관측치로 해석하면 안 된다. 2024와 2026 파일의 시도별 인구·피해액 값이 동일하므로 연도 변화로 해석하지 않았다. 시군구 파일에는 주택·Z값·온실·소상공인 데이터가 없어 해당 지표 인사이트를 생성하지 않았다.
2026|시군구|충북|보은군|damage,2026,시군구,충북,보은군,원지표,damage,우심피해액,우심피해액(원),Y,"2026년 충북 보은군의 우심피해액은 69.8억 원으로, 충북 11개 시군구 중 11위(최하위)이며 충북 전체의 1.43%다. 1인당 피해액은 228,515원이고 피해비중/인구비중은 0.74배다.",2026 파일의 인구는 2024년 12월 기준이고 피해액은 2015~2024년 누계이므로 2026년 단년 관측치로 해석하면 안 된다. 2024와 2026 파일의 시도별 인구·피해액 값이 동일하므로 연도 변화로 해석하지 않았다. 시군구 파일에는 주택·Z값·온실·소상공인 데이터가 없어 해당 지표 인사이트를 생성하지 않았다.
2026|시군구|충북|보은군|population,2026,시군구,충북,보은군,원지표,population,인구수,인구수(건),Y,"2026년 충북 보은군의 인구는 30,527명으로 충북 11개 시군구 중 10위이며 충북 전체의 1.92%를 차지한다. 충북 11개 시군구 평균의 0.21배다.",2026 파일의 인구는 2024년 12월 기준이고 피해액은 2015~2024년 누계이므로 2026년 단년 관측치로 해석하면 안 된다. 2024와 2026 파일의 시도별 인구·피해액 값이 동일하므로 연도 변화로 해석하지 않았다. 시군구 파일에는 주택·Z값·온실·소상공인 데이터가 없어 해당 지표 인사이트를 생성하지 않았다.
2026|시군구|충북|보은군|damagePerCapita,2026,시군구,충북,보은군,파생지표,damagePerCapita,1인당 우심피해액,,N,"2026년 충북 보은군의 1인당 우심피해액은 228,515원으로 충북 11개 시군구 중 7위다. 충북 전체 인구 기준 평균 1인당 피해액의 0.74배이며, 인구 규모 대비 피해 부담은 낮은 편이다.",2026 파일의 인구는 2024년 12월 기준이고 피해액은 2015~2024년 누계이므로 2026년 단년 관측치로 해석하면 안 된다. 2024와 2026 파일의 시도별 인구·피해액 값이 동일하므로 연도 변화로 해석하지 않았다. 시군구 파일에는 주택·Z값·온실·소상공인 데이터가 없어 해당 지표 인사이트를 생성하지 않았다.
2026|시군구|충북|영동군|overall,2026,시군구,충북,영동군,종합,overall,종합 인사이트,,N,"2026년 충북 영동군의 인구는 43,551명으로 충북 11개 시군구 중 7위다. 우심피해액은 266.1억 원(6위)이고, 1인당 피해액은 611,019원(5위)이며 피해비중은 인구비중의 1.99배다. 인구 규모보다 피해 부담이 뚜렷하게 높은 편이다.",2026 파일의 인구는 2024년 12월 기준이고 피해액은 2015~2024년 누계이므로 2026년 단년 관측치로 해석하면 안 된다. 2024와 2026 파일의 시도별 인구·피해액 값이 동일하므로 연도 변화로 해석하지 않았다. 시군구 파일에는 주택·Z값·온실·소상공인 데이터가 없어 해당 지표 인사이트를 생성하지 않았다.
2026|시군구|충북|영동군|damage,2026,시군구,충북,영동군,원지표,damage,우심피해액,우심피해액(원),Y,"2026년 충북 영동군의 우심피해액은 266.1억 원으로, 충북 11개 시군구 중 6위이며 충북 전체의 5.44%다. 1인당 피해액은 611,019원이고 피해비중/인구비중은 1.99배다.",2026 파일의 인구는 2024년 12월 기준이고 피해액은 2015~2024년 누계이므로 2026년 단년 관측치로 해석하면 안 된다. 2024와 2026 파일의 시도별 인구·피해액 값이 동일하므로 연도 변화로 해석하지 않았다. 시군구 파일에는 주택·Z값·온실·소상공인 데이터가 없어 해당 지표 인사이트를 생성하지 않았다.
2026|시군구|충북|영동군|population,2026,시군구,충북,영동군,원지표,population,인구수,인구수(건),Y,"2026년 충북 영동군의 인구는 43,551명으로 충북 11개 시군구 중 7위이며 충북 전체의 2.74%를 차지한다. 충북 11개 시군구 평균의 0.30배다.",2026 파일의 인구는 2024년 12월 기준이고 피해액은 2015~2024년 누계이므로 2026년 단년 관측치로 해석하면 안 된다. 2024와 2026 파일의 시도별 인구·피해액 값이 동일하므로 연도 변화로 해석하지 않았다. 시군구 파일에는 주택·Z값·온실·소상공인 데이터가 없어 해당 지표 인사이트를 생성하지 않았다.
2026|시군구|충북|영동군|damagePerCapita,2026,시군구,충북,영동군,파생지표,damagePerCapita,1인당 우심피해액,,N,"2026년 충북 영동군의 1인당 우심피해액은 611,019원으로 충북 11개 시군구 중 5위다. 충북 전체 인구 기준 평균 1인당 피해액의 1.99배이며, 인구 규모보다 피해 부담이 뚜렷하게 높은 편이다.",2026 파일의 인구는 2024년 12월 기준이고 피해액은 2015~2024년 누계이므로 2026년 단년 관측치로 해석하면 안 된다. 2024와 2026 파일의 시도별 인구·피해액 값이 동일하므로 연도 변화로 해석하지 않았다. 시군구 파일에는 주택·Z값·온실·소상공인 데이터가 없어 해당 지표 인사이트를 생성하지 않았다.
2026|시군구|충북|옥천군|overall,2026,시군구,충북,옥천군,종합,overall,종합 인사이트,,N,"2026년 충북 옥천군의 인구는 48,204명으로 충북 11개 시군구 중 6위다. 우심피해액은 133.3억 원(8위)이고, 1인당 피해액은 276,458원(6위)이며 피해비중은 인구비중의 0.90배다. 인구 비중과 피해 비중이 대체로 비슷한 수준이다.",2026 파일의 인구는 2024년 12월 기준이고 피해액은 2015~2024년 누계이므로 2026년 단년 관측치로 해석하면 안 된다. 2024와 2026 파일의 시도별 인구·피해액 값이 동일하므로 연도 변화로 해석하지 않았다. 시군구 파일에는 주택·Z값·온실·소상공인 데이터가 없어 해당 지표 인사이트를 생성하지 않았다.
2026|시군구|충북|옥천군|damage,2026,시군구,충북,옥천군,원지표,damage,우심피해액,우심피해액(원),Y,"2026년 충북 옥천군의 우심피해액은 133.3억 원으로, 충북 11개 시군구 중 8위이며 충북 전체의 2.72%다. 1인당 피해액은 276,458원이고 피해비중/인구비중은 0.90배다.",2026 파일의 인구는 2024년 12월 기준이고 피해액은 2015~2024년 누계이므로 2026년 단년 관측치로 해석하면 안 된다. 2024와 2026 파일의 시도별 인구·피해액 값이 동일하므로 연도 변화로 해석하지 않았다. 시군구 파일에는 주택·Z값·온실·소상공인 데이터가 없어 해당 지표 인사이트를 생성하지 않았다.
2026|시군구|충북|옥천군|population,2026,시군구,충북,옥천군,원지표,population,인구수,인구수(건),Y,"2026년 충북 옥천군의 인구는 48,204명으로 충북 11개 시군구 중 6위이며 충북 전체의 3.03%를 차지한다. 충북 11개 시군구 평균의 0.33배다.",2026 파일의 인구는 2024년 12월 기준이고 피해액은 2015~2024년 누계이므로 2026년 단년 관측치로 해석하면 안 된다. 2024와 2026 파일의 시도별 인구·피해액 값이 동일하므로 연도 변화로 해석하지 않았다. 시군구 파일에는 주택·Z값·온실·소상공인 데이터가 없어 해당 지표 인사이트를 생성하지 않았다.
2026|시군구|충북|옥천군|damagePerCapita,2026,시군구,충북,옥천군,파생지표,damagePerCapita,1인당 우심피해액,,N,"2026년 충북 옥천군의 1인당 우심피해액은 276,458원으로 충북 11개 시군구 중 6위다. 충북 전체 인구 기준 평균 1인당 피해액의 0.90배이며, 인구 비중과 피해 비중이 대체로 비슷한 수준이다.",2026 파일의 인구는 2024년 12월 기준이고 피해액은 2015~2024년 누계이므로 2026년 단년 관측치로 해석하면 안 된다. 2024와 2026 파일의 시도별 인구·피해액 값이 동일하므로 연도 변화로 해석하지 않았다. 시군구 파일에는 주택·Z값·온실·소상공인 데이터가 없어 해당 지표 인사이트를 생성하지 않았다.
2026|시군구|충북|음성군|overall,2026,시군구,충북,음성군,종합,overall,종합 인사이트,,N,"2026년 충북 음성군의 인구는 91,236명으로 충북 11개 시군구 중 4위다. 우심피해액은 572.2억 원(4위)이고, 1인당 피해액은 627,183원(4위)이며 피해비중은 인구비중의 2.04배다. 인구 규모보다 피해 부담이 뚜렷하게 높은 편이다.",2026 파일의 인구는 2024년 12월 기준이고 피해액은 2015~2024년 누계이므로 2026년 단년 관측치로 해석하면 안 된다. 2024와 2026 파일의 시도별 인구·피해액 값이 동일하므로 연도 변화로 해석하지 않았다. 시군구 파일에는 주택·Z값·온실·소상공인 데이터가 없어 해당 지표 인사이트를 생성하지 않았다.
2026|시군구|충북|음성군|damage,2026,시군구,충북,음성군,원지표,damage,우심피해액,우심피해액(원),Y,"2026년 충북 음성군의 우심피해액은 572.2억 원으로, 충북 11개 시군구 중 4위이며 충북 전체의 11.70%다. 1인당 피해액은 627,183원이고 피해비중/인구비중은 2.04배다.",2026 파일의 인구는 2024년 12월 기준이고 피해액은 2015~2024년 누계이므로 2026년 단년 관측치로 해석하면 안 된다. 2024와 2026 파일의 시도별 인구·피해액 값이 동일하므로 연도 변화로 해석하지 않았다. 시군구 파일에는 주택·Z값·온실·소상공인 데이터가 없어 해당 지표 인사이트를 생성하지 않았다.
2026|시군구|충북|음성군|population,2026,시군구,충북,음성군,원지표,population,인구수,인구수(건),Y,"2026년 충북 음성군의 인구는 91,236명으로 충북 11개 시군구 중 4위이며 충북 전체의 5.73%를 차지한다. 충북 11개 시군구 평균의 0.63배다.",2026 파일의 인구는 2024년 12월 기준이고 피해액은 2015~2024년 누계이므로 2026년 단년 관측치로 해석하면 안 된다. 2024와 2026 파일의 시도별 인구·피해액 값이 동일하므로 연도 변화로 해석하지 않았다. 시군구 파일에는 주택·Z값·온실·소상공인 데이터가 없어 해당 지표 인사이트를 생성하지 않았다.
2026|시군구|충북|음성군|damagePerCapita,2026,시군구,충북,음성군,파생지표,damagePerCapita,1인당 우심피해액,,N,"2026년 충북 음성군의 1인당 우심피해액은 627,183원으로 충북 11개 시군구 중 4위다. 충북 전체 인구 기준 평균 1인당 피해액의 2.04배이며, 인구 규모보다 피해 부담이 뚜렷하게 높은 편이다.",2026 파일의 인구는 2024년 12월 기준이고 피해액은 2015~2024년 누계이므로 2026년 단년 관측치로 해석하면 안 된다. 2024와 2026 파일의 시도별 인구·피해액 값이 동일하므로 연도 변화로 해석하지 않았다. 시군구 파일에는 주택·Z값·온실·소상공인 데이터가 없어 해당 지표 인사이트를 생성하지 않았다.
2026|시군구|충북|제천시|overall,2026,시군구,충북,제천시,종합,overall,종합 인사이트,,N,"2026년 충북 제천시의 인구는 128,569명으로 충북 11개 시군구 중 3위다. 우심피해액은 855.2억 원(2위)이고, 1인당 피해액은 665,205원(3위)이며 피해비중은 인구비중의 2.16배다. 인구 규모보다 피해 부담이 뚜렷하게 높은 편이다.",2026 파일의 인구는 2024년 12월 기준이고 피해액은 2015~2024년 누계이므로 2026년 단년 관측치로 해석하면 안 된다. 2024와 2026 파일의 시도별 인구·피해액 값이 동일하므로 연도 변화로 해석하지 않았다. 시군구 파일에는 주택·Z값·온실·소상공인 데이터가 없어 해당 지표 인사이트를 생성하지 않았다.
2026|시군구|충북|제천시|damage,2026,시군구,충북,제천시,원지표,damage,우심피해액,우심피해액(원),Y,"2026년 충북 제천시의 우심피해액은 855.2억 원으로, 충북 11개 시군구 중 2위이며 충북 전체의 17.48%다. 1인당 피해액은 665,205원이고 피해비중/인구비중은 2.16배다.",2026 파일의 인구는 2024년 12월 기준이고 피해액은 2015~2024년 누계이므로 2026년 단년 관측치로 해석하면 안 된다. 2024와 2026 파일의 시도별 인구·피해액 값이 동일하므로 연도 변화로 해석하지 않았다. 시군구 파일에는 주택·Z값·온실·소상공인 데이터가 없어 해당 지표 인사이트를 생성하지 않았다.
2026|시군구|충북|제천시|population,2026,시군구,충북,제천시,원지표,population,인구수,인구수(건),Y,"2026년 충북 제천시의 인구는 128,569명으로 충북 11개 시군구 중 3위이며 충북 전체의 8.08%를 차지한다. 충북 11개 시군구 평균의 0.89배다.",2026 파일의 인구는 2024년 12월 기준이고 피해액은 2015~2024년 누계이므로 2026년 단년 관측치로 해석하면 안 된다. 2024와 2026 파일의 시도별 인구·피해액 값이 동일하므로 연도 변화로 해석하지 않았다. 시군구 파일에는 주택·Z값·온실·소상공인 데이터가 없어 해당 지표 인사이트를 생성하지 않았다.
2026|시군구|충북|제천시|damagePerCapita,2026,시군구,충북,제천시,파생지표,damagePerCapita,1인당 우심피해액,,N,"2026년 충북 제천시의 1인당 우심피해액은 665,205원으로 충북 11개 시군구 중 3위다. 충북 전체 인구 기준 평균 1인당 피해액의 2.16배이며, 인구 규모보다 피해 부담이 뚜렷하게 높은 편이다.",2026 파일의 인구는 2024년 12월 기준이고 피해액은 2015~2024년 누계이므로 2026년 단년 관측치로 해석하면 안 된다. 2024와 2026 파일의 시도별 인구·피해액 값이 동일하므로 연도 변화로 해석하지 않았다. 시군구 파일에는 주택·Z값·온실·소상공인 데이터가 없어 해당 지표 인사이트를 생성하지 않았다.
2026|시군구|충북|증평군|overall,2026,시군구,충북,증평군,종합,overall,종합 인사이트,,N,"2026년 충북 증평군의 인구는 37,171명으로 충북 11개 시군구 중 8위다. 우심피해액은 73.1억 원(10위)이고, 1인당 피해액은 196,681원(8위)이며 피해비중은 인구비중의 0.64배다. 인구 규모 대비 피해 부담은 낮은 편이다.",2026 파일의 인구는 2024년 12월 기준이고 피해액은 2015~2024년 누계이므로 2026년 단년 관측치로 해석하면 안 된다. 2024와 2026 파일의 시도별 인구·피해액 값이 동일하므로 연도 변화로 해석하지 않았다. 시군구 파일에는 주택·Z값·온실·소상공인 데이터가 없어 해당 지표 인사이트를 생성하지 않았다.
2026|시군구|충북|증평군|damage,2026,시군구,충북,증평군,원지표,damage,우심피해액,우심피해액(원),Y,"2026년 충북 증평군의 우심피해액은 73.1억 원으로, 충북 11개 시군구 중 10위이며 충북 전체의 1.49%다. 1인당 피해액은 196,681원이고 피해비중/인구비중은 0.64배다.",2026 파일의 인구는 2024년 12월 기준이고 피해액은 2015~2024년 누계이므로 2026년 단년 관측치로 해석하면 안 된다. 2024와 2026 파일의 시도별 인구·피해액 값이 동일하므로 연도 변화로 해석하지 않았다. 시군구 파일에는 주택·Z값·온실·소상공인 데이터가 없어 해당 지표 인사이트를 생성하지 않았다.
2026|시군구|충북|증평군|population,2026,시군구,충북,증평군,원지표,population,인구수,인구수(건),Y,"2026년 충북 증평군의 인구는 37,171명으로 충북 11개 시군구 중 8위이며 충북 전체의 2.34%를 차지한다. 충북 11개 시군구 평균의 0.26배다.",2026 파일의 인구는 2024년 12월 기준이고 피해액은 2015~2024년 누계이므로 2026년 단년 관측치로 해석하면 안 된다. 2024와 2026 파일의 시도별 인구·피해액 값이 동일하므로 연도 변화로 해석하지 않았다. 시군구 파일에는 주택·Z값·온실·소상공인 데이터가 없어 해당 지표 인사이트를 생성하지 않았다.
2026|시군구|충북|증평군|damagePerCapita,2026,시군구,충북,증평군,파생지표,damagePerCapita,1인당 우심피해액,,N,"2026년 충북 증평군의 1인당 우심피해액은 196,681원으로 충북 11개 시군구 중 8위다. 충북 전체 인구 기준 평균 1인당 피해액의 0.64배이며, 인구 규모 대비 피해 부담은 낮은 편이다.",2026 파일의 인구는 2024년 12월 기준이고 피해액은 2015~2024년 누계이므로 2026년 단년 관측치로 해석하면 안 된다. 2024와 2026 파일의 시도별 인구·피해액 값이 동일하므로 연도 변화로 해석하지 않았다. 시군구 파일에는 주택·Z값·온실·소상공인 데이터가 없어 해당 지표 인사이트를 생성하지 않았다.
2026|시군구|충북|진천군|overall,2026,시군구,충북,진천군,종합,overall,종합 인사이트,,N,"2026년 충북 진천군의 인구는 86,537명으로 충북 11개 시군구 중 5위다. 우심피해액은 88.3억 원(9위)이고, 1인당 피해액은 102,035원(11위(최하위))이며 피해비중은 인구비중의 0.33배다. 인구 규모 대비 피해 부담은 매우 낮게 나타난다.",2026 파일의 인구는 2024년 12월 기준이고 피해액은 2015~2024년 누계이므로 2026년 단년 관측치로 해석하면 안 된다. 2024와 2026 파일의 시도별 인구·피해액 값이 동일하므로 연도 변화로 해석하지 않았다. 시군구 파일에는 주택·Z값·온실·소상공인 데이터가 없어 해당 지표 인사이트를 생성하지 않았다.
2026|시군구|충북|진천군|damage,2026,시군구,충북,진천군,원지표,damage,우심피해액,우심피해액(원),Y,"2026년 충북 진천군의 우심피해액은 88.3억 원으로, 충북 11개 시군구 중 9위이며 충북 전체의 1.81%다. 1인당 피해액은 102,035원이고 피해비중/인구비중은 0.33배다.",2026 파일의 인구는 2024년 12월 기준이고 피해액은 2015~2024년 누계이므로 2026년 단년 관측치로 해석하면 안 된다. 2024와 2026 파일의 시도별 인구·피해액 값이 동일하므로 연도 변화로 해석하지 않았다. 시군구 파일에는 주택·Z값·온실·소상공인 데이터가 없어 해당 지표 인사이트를 생성하지 않았다.
2026|시군구|충북|진천군|population,2026,시군구,충북,진천군,원지표,population,인구수,인구수(건),Y,"2026년 충북 진천군의 인구는 86,537명으로 충북 11개 시군구 중 5위이며 충북 전체의 5.44%를 차지한다. 충북 11개 시군구 평균의 0.60배다.",2026 파일의 인구는 2024년 12월 기준이고 피해액은 2015~2024년 누계이므로 2026년 단년 관측치로 해석하면 안 된다. 2024와 2026 파일의 시도별 인구·피해액 값이 동일하므로 연도 변화로 해석하지 않았다. 시군구 파일에는 주택·Z값·온실·소상공인 데이터가 없어 해당 지표 인사이트를 생성하지 않았다.
2026|시군구|충북|진천군|damagePerCapita,2026,시군구,충북,진천군,파생지표,damagePerCapita,1인당 우심피해액,,N,"2026년 충북 진천군의 1인당 우심피해액은 102,035원으로 충북 11개 시군구 중 11위(최하위)다. 충북 전체 인구 기준 평균 1인당 피해액의 0.33배이며, 인구 규모 대비 피해 부담은 매우 낮게 나타난다.",2026 파일의 인구는 2024년 12월 기준이고 피해액은 2015~2024년 누계이므로 2026년 단년 관측치로 해석하면 안 된다. 2024와 2026 파일의 시도별 인구·피해액 값이 동일하므로 연도 변화로 해석하지 않았다. 시군구 파일에는 주택·Z값·온실·소상공인 데이터가 없어 해당 지표 인사이트를 생성하지 않았다.
2026|시군구|충북|청주시|overall,2026,시군구,충북,청주시,종합,overall,종합 인사이트,,N,"2026년 충북 청주시의 인구는 854,537명으로 충북 11개 시군구 중 1위다. 우심피해액은 1,534.4억 원(1위)이고, 1인당 피해액은 179,559원(9위)이며 피해비중은 인구비중의 0.58배다. 인구 규모 대비 피해 부담은 낮은 편이다.",2026 파일의 인구는 2024년 12월 기준이고 피해액은 2015~2024년 누계이므로 2026년 단년 관측치로 해석하면 안 된다. 2024와 2026 파일의 시도별 인구·피해액 값이 동일하므로 연도 변화로 해석하지 않았다. 시군구 파일에는 주택·Z값·온실·소상공인 데이터가 없어 해당 지표 인사이트를 생성하지 않았다.
2026|시군구|충북|청주시|damage,2026,시군구,충북,청주시,원지표,damage,우심피해액,우심피해액(원),Y,"2026년 충북 청주시의 우심피해액은 1,534.4억 원으로, 충북 11개 시군구 중 1위이며 충북 전체의 31.37%다. 1인당 피해액은 179,559원이고 피해비중/인구비중은 0.58배다.",2026 파일의 인구는 2024년 12월 기준이고 피해액은 2015~2024년 누계이므로 2026년 단년 관측치로 해석하면 안 된다. 2024와 2026 파일의 시도별 인구·피해액 값이 동일하므로 연도 변화로 해석하지 않았다. 시군구 파일에는 주택·Z값·온실·소상공인 데이터가 없어 해당 지표 인사이트를 생성하지 않았다.
2026|시군구|충북|청주시|population,2026,시군구,충북,청주시,원지표,population,인구수,인구수(건),Y,"2026년 충북 청주시의 인구는 854,537명으로 충북 11개 시군구 중 1위이며 충북 전체의 53.70%를 차지한다. 충북 11개 시군구 평균의 5.91배다.",2026 파일의 인구는 2024년 12월 기준이고 피해액은 2015~2024년 누계이므로 2026년 단년 관측치로 해석하면 안 된다. 2024와 2026 파일의 시도별 인구·피해액 값이 동일하므로 연도 변화로 해석하지 않았다. 시군구 파일에는 주택·Z값·온실·소상공인 데이터가 없어 해당 지표 인사이트를 생성하지 않았다.
2026|시군구|충북|청주시|damagePerCapita,2026,시군구,충북,청주시,파생지표,damagePerCapita,1인당 우심피해액,,N,"2026년 충북 청주시의 1인당 우심피해액은 179,559원으로 충북 11개 시군구 중 9위다. 충북 전체 인구 기준 평균 1인당 피해액의 0.58배이며, 인구 규모 대비 피해 부담은 낮은 편이다.",2026 파일의 인구는 2024년 12월 기준이고 피해액은 2015~2024년 누계이므로 2026년 단년 관측치로 해석하면 안 된다. 2024와 2026 파일의 시도별 인구·피해액 값이 동일하므로 연도 변화로 해석하지 않았다. 시군구 파일에는 주택·Z값·온실·소상공인 데이터가 없어 해당 지표 인사이트를 생성하지 않았다.
2026|시군구|충북|충주시|overall,2026,시군구,충북,충주시,종합,overall,종합 인사이트,,N,"2026년 충북 충주시의 인구는 207,241명으로 충북 11개 시군구 중 2위다. 우심피해액은 242.3억 원(7위)이고, 1인당 피해액은 116,895원(10위)이며 피해비중은 인구비중의 0.38배다. 인구 규모 대비 피해 부담은 매우 낮게 나타난다.",2026 파일의 인구는 2024년 12월 기준이고 피해액은 2015~2024년 누계이므로 2026년 단년 관측치로 해석하면 안 된다. 2024와 2026 파일의 시도별 인구·피해액 값이 동일하므로 연도 변화로 해석하지 않았다. 시군구 파일에는 주택·Z값·온실·소상공인 데이터가 없어 해당 지표 인사이트를 생성하지 않았다.
2026|시군구|충북|충주시|damage,2026,시군구,충북,충주시,원지표,damage,우심피해액,우심피해액(원),Y,"2026년 충북 충주시의 우심피해액은 242.3억 원으로, 충북 11개 시군구 중 7위이며 충북 전체의 4.95%다. 1인당 피해액은 116,895원이고 피해비중/인구비중은 0.38배다.",2026 파일의 인구는 2024년 12월 기준이고 피해액은 2015~2024년 누계이므로 2026년 단년 관측치로 해석하면 안 된다. 2024와 2026 파일의 시도별 인구·피해액 값이 동일하므로 연도 변화로 해석하지 않았다. 시군구 파일에는 주택·Z값·온실·소상공인 데이터가 없어 해당 지표 인사이트를 생성하지 않았다.
2026|시군구|충북|충주시|population,2026,시군구,충북,충주시,원지표,population,인구수,인구수(건),Y,"2026년 충북 충주시의 인구는 207,241명으로 충북 11개 시군구 중 2위이며 충북 전체의 13.02%를 차지한다. 충북 11개 시군구 평균의 1.43배다.",2026 파일의 인구는 2024년 12월 기준이고 피해액은 2015~2024년 누계이므로 2026년 단년 관측치로 해석하면 안 된다. 2024와 2026 파일의 시도별 인구·피해액 값이 동일하므로 연도 변화로 해석하지 않았다. 시군구 파일에는 주택·Z값·온실·소상공인 데이터가 없어 해당 지표 인사이트를 생성하지 않았다.
2026|시군구|충북|충주시|damagePerCapita,2026,시군구,충북,충주시,파생지표,damagePerCapita,1인당 우심피해액,,N,"2026년 충북 충주시의 1인당 우심피해액은 116,895원으로 충북 11개 시군구 중 10위다. 충북 전체 인구 기준 평균 1인당 피해액의 0.38배이며, 인구 규모 대비 피해 부담은 매우 낮게 나타난다.",2026 파일의 인구는 2024년 12월 기준이고 피해액은 2015~2024년 누계이므로 2026년 단년 관측치로 해석하면 안 된다. 2024와 2026 파일의 시도별 인구·피해액 값이 동일하므로 연도 변화로 해석하지 않았다. 시군구 파일에는 주택·Z값·온실·소상공인 데이터가 없어 해당 지표 인사이트를 생성하지 않았다.
2026|시군구|충남|계룡시|overall,2026,시군구,충남,계룡시,종합,overall,종합 인사이트,,N,"2026년 충남 계룡시의 인구는 46,540명으로 충남 15개 시군구 중 14위다. 우심피해액은 161.1억 원(11위)이고, 1인당 피해액은 346,055원(7위)이며 피해비중은 인구비중의 1.51배다. 인구 규모보다 피해 부담이 뚜렷하게 높은 편이다.",2026 파일의 인구는 2024년 12월 기준이고 피해액은 2015~2024년 누계이므로 2026년 단년 관측치로 해석하면 안 된다. 2024와 2026 파일의 시도별 인구·피해액 값이 동일하므로 연도 변화로 해석하지 않았다. 시군구 파일에는 주택·Z값·온실·소상공인 데이터가 없어 해당 지표 인사이트를 생성하지 않았다.
2026|시군구|충남|계룡시|damage,2026,시군구,충남,계룡시,원지표,damage,우심피해액,우심피해액(원),Y,"2026년 충남 계룡시의 우심피해액은 161.1억 원으로, 충남 15개 시군구 중 11위이며 충남 전체의 3.28%다. 1인당 피해액은 346,055원이고 피해비중/인구비중은 1.51배다.",2026 파일의 인구는 2024년 12월 기준이고 피해액은 2015~2024년 누계이므로 2026년 단년 관측치로 해석하면 안 된다. 2024와 2026 파일의 시도별 인구·피해액 값이 동일하므로 연도 변화로 해석하지 않았다. 시군구 파일에는 주택·Z값·온실·소상공인 데이터가 없어 해당 지표 인사이트를 생성하지 않았다.
2026|시군구|충남|계룡시|population,2026,시군구,충남,계룡시,원지표,population,인구수,인구수(건),Y,"2026년 충남 계룡시의 인구는 46,540명으로 충남 15개 시군구 중 14위이며 충남 전체의 2.18%를 차지한다. 충남 15개 시군구 평균의 0.33배다.",2026 파일의 인구는 2024년 12월 기준이고 피해액은 2015~2024년 누계이므로 2026년 단년 관측치로 해석하면 안 된다. 2024와 2026 파일의 시도별 인구·피해액 값이 동일하므로 연도 변화로 해석하지 않았다. 시군구 파일에는 주택·Z값·온실·소상공인 데이터가 없어 해당 지표 인사이트를 생성하지 않았다.
2026|시군구|충남|계룡시|damagePerCapita,2026,시군구,충남,계룡시,파생지표,damagePerCapita,1인당 우심피해액,,N,"2026년 충남 계룡시의 1인당 우심피해액은 346,055원으로 충남 15개 시군구 중 7위다. 충남 전체 인구 기준 평균 1인당 피해액의 1.51배이며, 인구 규모보다 피해 부담이 뚜렷하게 높은 편이다.",2026 파일의 인구는 2024년 12월 기준이고 피해액은 2015~2024년 누계이므로 2026년 단년 관측치로 해석하면 안 된다. 2024와 2026 파일의 시도별 인구·피해액 값이 동일하므로 연도 변화로 해석하지 않았다. 시군구 파일에는 주택·Z값·온실·소상공인 데이터가 없어 해당 지표 인사이트를 생성하지 않았다.
2026|시군구|충남|공주시|overall,2026,시군구,충남,공주시,종합,overall,종합 인사이트,,N,"2026년 충남 공주시의 인구는 101,285명으로 충남 15개 시군구 중 6위다. 우심피해액은 581.2억 원(5위)이고, 1인당 피해액은 573,865원(6위)이며 피해비중은 인구비중의 2.50배다. 인구 규모보다 피해 부담이 뚜렷하게 높은 편이다.",2026 파일의 인구는 2024년 12월 기준이고 피해액은 2015~2024년 누계이므로 2026년 단년 관측치로 해석하면 안 된다. 2024와 2026 파일의 시도별 인구·피해액 값이 동일하므로 연도 변화로 해석하지 않았다. 시군구 파일에는 주택·Z값·온실·소상공인 데이터가 없어 해당 지표 인사이트를 생성하지 않았다.
2026|시군구|충남|공주시|damage,2026,시군구,충남,공주시,원지표,damage,우심피해액,우심피해액(원),Y,"2026년 충남 공주시의 우심피해액은 581.2억 원으로, 충남 15개 시군구 중 5위이며 충남 전체의 11.85%다. 1인당 피해액은 573,865원이고 피해비중/인구비중은 2.50배다.",2026 파일의 인구는 2024년 12월 기준이고 피해액은 2015~2024년 누계이므로 2026년 단년 관측치로 해석하면 안 된다. 2024와 2026 파일의 시도별 인구·피해액 값이 동일하므로 연도 변화로 해석하지 않았다. 시군구 파일에는 주택·Z값·온실·소상공인 데이터가 없어 해당 지표 인사이트를 생성하지 않았다.
2026|시군구|충남|공주시|population,2026,시군구,충남,공주시,원지표,population,인구수,인구수(건),Y,"2026년 충남 공주시의 인구는 101,285명으로 충남 15개 시군구 중 6위이며 충남 전체의 4.74%를 차지한다. 충남 15개 시군구 평균의 0.71배다.",2026 파일의 인구는 2024년 12월 기준이고 피해액은 2015~2024년 누계이므로 2026년 단년 관측치로 해석하면 안 된다. 2024와 2026 파일의 시도별 인구·피해액 값이 동일하므로 연도 변화로 해석하지 않았다. 시군구 파일에는 주택·Z값·온실·소상공인 데이터가 없어 해당 지표 인사이트를 생성하지 않았다.
2026|시군구|충남|공주시|damagePerCapita,2026,시군구,충남,공주시,파생지표,damagePerCapita,1인당 우심피해액,,N,"2026년 충남 공주시의 1인당 우심피해액은 573,865원으로 충남 15개 시군구 중 6위다. 충남 전체 인구 기준 평균 1인당 피해액의 2.50배이며, 인구 규모보다 피해 부담이 뚜렷하게 높은 편이다.",2026 파일의 인구는 2024년 12월 기준이고 피해액은 2015~2024년 누계이므로 2026년 단년 관측치로 해석하면 안 된다. 2024와 2026 파일의 시도별 인구·피해액 값이 동일하므로 연도 변화로 해석하지 않았다. 시군구 파일에는 주택·Z값·온실·소상공인 데이터가 없어 해당 지표 인사이트를 생성하지 않았다.
2026|시군구|충남|금산군|overall,2026,시군구,충남,금산군,종합,overall,종합 인사이트,,N,"2026년 충남 금산군의 인구는 49,615명으로 충남 15개 시군구 중 12위다. 우심피해액은 457.1억 원(6위)이고, 1인당 피해액은 921,345원(3위)이며 피해비중은 인구비중의 4.01배다. 인구 규모에 비해 피해가 매우 크게 집중된 지역이다.",2026 파일의 인구는 2024년 12월 기준이고 피해액은 2015~2024년 누계이므로 2026년 단년 관측치로 해석하면 안 된다. 2024와 2026 파일의 시도별 인구·피해액 값이 동일하므로 연도 변화로 해석하지 않았다. 시군구 파일에는 주택·Z값·온실·소상공인 데이터가 없어 해당 지표 인사이트를 생성하지 않았다.
2026|시군구|충남|금산군|damage,2026,시군구,충남,금산군,원지표,damage,우심피해액,우심피해액(원),Y,"2026년 충남 금산군의 우심피해액은 457.1억 원으로, 충남 15개 시군구 중 6위이며 충남 전체의 9.32%다. 1인당 피해액은 921,345원이고 피해비중/인구비중은 4.01배다.",2026 파일의 인구는 2024년 12월 기준이고 피해액은 2015~2024년 누계이므로 2026년 단년 관측치로 해석하면 안 된다. 2024와 2026 파일의 시도별 인구·피해액 값이 동일하므로 연도 변화로 해석하지 않았다. 시군구 파일에는 주택·Z값·온실·소상공인 데이터가 없어 해당 지표 인사이트를 생성하지 않았다.
2026|시군구|충남|금산군|population,2026,시군구,충남,금산군,원지표,population,인구수,인구수(건),Y,"2026년 충남 금산군의 인구는 49,615명으로 충남 15개 시군구 중 12위이며 충남 전체의 2.32%를 차지한다. 충남 15개 시군구 평균의 0.35배다.",2026 파일의 인구는 2024년 12월 기준이고 피해액은 2015~2024년 누계이므로 2026년 단년 관측치로 해석하면 안 된다. 2024와 2026 파일의 시도별 인구·피해액 값이 동일하므로 연도 변화로 해석하지 않았다. 시군구 파일에는 주택·Z값·온실·소상공인 데이터가 없어 해당 지표 인사이트를 생성하지 않았다.
2026|시군구|충남|금산군|damagePerCapita,2026,시군구,충남,금산군,파생지표,damagePerCapita,1인당 우심피해액,,N,"2026년 충남 금산군의 1인당 우심피해액은 921,345원으로 충남 15개 시군구 중 3위다. 충남 전체 인구 기준 평균 1인당 피해액의 4.01배이며, 인구 규모에 비해 피해가 매우 크게 집중된 지역이다.",2026 파일의 인구는 2024년 12월 기준이고 피해액은 2015~2024년 누계이므로 2026년 단년 관측치로 해석하면 안 된다. 2024와 2026 파일의 시도별 인구·피해액 값이 동일하므로 연도 변화로 해석하지 않았다. 시군구 파일에는 주택·Z값·온실·소상공인 데이터가 없어 해당 지표 인사이트를 생성하지 않았다.
2026|시군구|충남|논산시|overall,2026,시군구,충남,논산시,종합,overall,종합 인사이트,,N,"2026년 충남 논산시의 인구는 108,529명으로 충남 15개 시군구 중 5위다. 우심피해액은 682.4억 원(2위)이고, 1인당 피해액은 628,736원(4위)이며 피해비중은 인구비중의 2.74배다. 인구 규모보다 피해 부담이 뚜렷하게 높은 편이다.",2026 파일의 인구는 2024년 12월 기준이고 피해액은 2015~2024년 누계이므로 2026년 단년 관측치로 해석하면 안 된다. 2024와 2026 파일의 시도별 인구·피해액 값이 동일하므로 연도 변화로 해석하지 않았다. 시군구 파일에는 주택·Z값·온실·소상공인 데이터가 없어 해당 지표 인사이트를 생성하지 않았다.
2026|시군구|충남|논산시|damage,2026,시군구,충남,논산시,원지표,damage,우심피해액,우심피해액(원),Y,"2026년 충남 논산시의 우심피해액은 682.4억 원으로, 충남 15개 시군구 중 2위이며 충남 전체의 13.91%다. 1인당 피해액은 628,736원이고 피해비중/인구비중은 2.74배다.",2026 파일의 인구는 2024년 12월 기준이고 피해액은 2015~2024년 누계이므로 2026년 단년 관측치로 해석하면 안 된다. 2024와 2026 파일의 시도별 인구·피해액 값이 동일하므로 연도 변화로 해석하지 않았다. 시군구 파일에는 주택·Z값·온실·소상공인 데이터가 없어 해당 지표 인사이트를 생성하지 않았다.
2026|시군구|충남|논산시|population,2026,시군구,충남,논산시,원지표,population,인구수,인구수(건),Y,"2026년 충남 논산시의 인구는 108,529명으로 충남 15개 시군구 중 5위이며 충남 전체의 5.08%를 차지한다. 충남 15개 시군구 평균의 0.76배다.",2026 파일의 인구는 2024년 12월 기준이고 피해액은 2015~2024년 누계이므로 2026년 단년 관측치로 해석하면 안 된다. 2024와 2026 파일의 시도별 인구·피해액 값이 동일하므로 연도 변화로 해석하지 않았다. 시군구 파일에는 주택·Z값·온실·소상공인 데이터가 없어 해당 지표 인사이트를 생성하지 않았다.
2026|시군구|충남|논산시|damagePerCapita,2026,시군구,충남,논산시,파생지표,damagePerCapita,1인당 우심피해액,,N,"2026년 충남 논산시의 1인당 우심피해액은 628,736원으로 충남 15개 시군구 중 4위다. 충남 전체 인구 기준 평균 1인당 피해액의 2.74배이며, 인구 규모보다 피해 부담이 뚜렷하게 높은 편이다.",2026 파일의 인구는 2024년 12월 기준이고 피해액은 2015~2024년 누계이므로 2026년 단년 관측치로 해석하면 안 된다. 2024와 2026 파일의 시도별 인구·피해액 값이 동일하므로 연도 변화로 해석하지 않았다. 시군구 파일에는 주택·Z값·온실·소상공인 데이터가 없어 해당 지표 인사이트를 생성하지 않았다.
2026|시군구|충남|당진시|overall,2026,시군구,충남,당진시,종합,overall,종합 인사이트,,N,"2026년 충남 당진시의 인구는 171,931명으로 충남 15개 시군구 중 4위다. 우심피해액은 51.6억 원(12위)이고, 1인당 피해액은 30,028원(12위)이며 피해비중은 인구비중의 0.13배다. 인구 규모 대비 피해 부담은 매우 낮게 나타난다.",2026 파일의 인구는 2024년 12월 기준이고 피해액은 2015~2024년 누계이므로 2026년 단년 관측치로 해석하면 안 된다. 2024와 2026 파일의 시도별 인구·피해액 값이 동일하므로 연도 변화로 해석하지 않았다. 시군구 파일에는 주택·Z값·온실·소상공인 데이터가 없어 해당 지표 인사이트를 생성하지 않았다.
2026|시군구|충남|당진시|damage,2026,시군구,충남,당진시,원지표,damage,우심피해액,우심피해액(원),Y,"2026년 충남 당진시의 우심피해액은 51.6억 원으로, 충남 15개 시군구 중 12위이며 충남 전체의 1.05%다. 1인당 피해액은 30,028원이고 피해비중/인구비중은 0.13배다.",2026 파일의 인구는 2024년 12월 기준이고 피해액은 2015~2024년 누계이므로 2026년 단년 관측치로 해석하면 안 된다. 2024와 2026 파일의 시도별 인구·피해액 값이 동일하므로 연도 변화로 해석하지 않았다. 시군구 파일에는 주택·Z값·온실·소상공인 데이터가 없어 해당 지표 인사이트를 생성하지 않았다.
2026|시군구|충남|당진시|population,2026,시군구,충남,당진시,원지표,population,인구수,인구수(건),Y,"2026년 충남 당진시의 인구는 171,931명으로 충남 15개 시군구 중 4위이며 충남 전체의 8.05%를 차지한다. 충남 15개 시군구 평균의 1.21배다.",2026 파일의 인구는 2024년 12월 기준이고 피해액은 2015~2024년 누계이므로 2026년 단년 관측치로 해석하면 안 된다. 2024와 2026 파일의 시도별 인구·피해액 값이 동일하므로 연도 변화로 해석하지 않았다. 시군구 파일에는 주택·Z값·온실·소상공인 데이터가 없어 해당 지표 인사이트를 생성하지 않았다.
2026|시군구|충남|당진시|damagePerCapita,2026,시군구,충남,당진시,파생지표,damagePerCapita,1인당 우심피해액,,N,"2026년 충남 당진시의 1인당 우심피해액은 30,028원으로 충남 15개 시군구 중 12위다. 충남 전체 인구 기준 평균 1인당 피해액의 0.13배이며, 인구 규모 대비 피해 부담은 매우 낮게 나타난다.",2026 파일의 인구는 2024년 12월 기준이고 피해액은 2015~2024년 누계이므로 2026년 단년 관측치로 해석하면 안 된다. 2024와 2026 파일의 시도별 인구·피해액 값이 동일하므로 연도 변화로 해석하지 않았다. 시군구 파일에는 주택·Z값·온실·소상공인 데이터가 없어 해당 지표 인사이트를 생성하지 않았다.
2026|시군구|충남|보령시|overall,2026,시군구,충남,보령시,종합,overall,종합 인사이트,,N,"2026년 충남 보령시의 인구는 93,780명으로 충남 15개 시군구 중 8위다. 우심피해액은 174.5억 원(10위)이고, 1인당 피해액은 186,091원(9위)이며 피해비중은 인구비중의 0.81배다. 인구 비중과 피해 비중이 대체로 비슷한 수준이다.",2026 파일의 인구는 2024년 12월 기준이고 피해액은 2015~2024년 누계이므로 2026년 단년 관측치로 해석하면 안 된다. 2024와 2026 파일의 시도별 인구·피해액 값이 동일하므로 연도 변화로 해석하지 않았다. 시군구 파일에는 주택·Z값·온실·소상공인 데이터가 없어 해당 지표 인사이트를 생성하지 않았다.
2026|시군구|충남|보령시|damage,2026,시군구,충남,보령시,원지표,damage,우심피해액,우심피해액(원),Y,"2026년 충남 보령시의 우심피해액은 174.5억 원으로, 충남 15개 시군구 중 10위이며 충남 전체의 3.56%다. 1인당 피해액은 186,091원이고 피해비중/인구비중은 0.81배다.",2026 파일의 인구는 2024년 12월 기준이고 피해액은 2015~2024년 누계이므로 2026년 단년 관측치로 해석하면 안 된다. 2024와 2026 파일의 시도별 인구·피해액 값이 동일하므로 연도 변화로 해석하지 않았다. 시군구 파일에는 주택·Z값·온실·소상공인 데이터가 없어 해당 지표 인사이트를 생성하지 않았다.
2026|시군구|충남|보령시|population,2026,시군구,충남,보령시,원지표,population,인구수,인구수(건),Y,"2026년 충남 보령시의 인구는 93,780명으로 충남 15개 시군구 중 8위이며 충남 전체의 4.39%를 차지한다. 충남 15개 시군구 평균의 0.66배다.",2026 파일의 인구는 2024년 12월 기준이고 피해액은 2015~2024년 누계이므로 2026년 단년 관측치로 해석하면 안 된다. 2024와 2026 파일의 시도별 인구·피해액 값이 동일하므로 연도 변화로 해석하지 않았다. 시군구 파일에는 주택·Z값·온실·소상공인 데이터가 없어 해당 지표 인사이트를 생성하지 않았다.
2026|시군구|충남|보령시|damagePerCapita,2026,시군구,충남,보령시,파생지표,damagePerCapita,1인당 우심피해액,,N,"2026년 충남 보령시의 1인당 우심피해액은 186,091원으로 충남 15개 시군구 중 9위다. 충남 전체 인구 기준 평균 1인당 피해액의 0.81배이며, 인구 비중과 피해 비중이 대체로 비슷한 수준이다.",2026 파일의 인구는 2024년 12월 기준이고 피해액은 2015~2024년 누계이므로 2026년 단년 관측치로 해석하면 안 된다. 2024와 2026 파일의 시도별 인구·피해액 값이 동일하므로 연도 변화로 해석하지 않았다. 시군구 파일에는 주택·Z값·온실·소상공인 데이터가 없어 해당 지표 인사이트를 생성하지 않았다.
2026|시군구|충남|부여군|overall,2026,시군구,충남,부여군,종합,overall,종합 인사이트,,N,"2026년 충남 부여군의 인구는 59,550명으로 충남 15개 시군구 중 11위다. 우심피해액은 839.8억 원(1위)이고, 1인당 피해액은 1,410,232원(2위)이며 피해비중은 인구비중의 6.14배다. 인구 규모에 비해 피해가 매우 크게 집중된 지역이다.",2026 파일의 인구는 2024년 12월 기준이고 피해액은 2015~2024년 누계이므로 2026년 단년 관측치로 해석하면 안 된다. 2024와 2026 파일의 시도별 인구·피해액 값이 동일하므로 연도 변화로 해석하지 않았다. 시군구 파일에는 주택·Z값·온실·소상공인 데이터가 없어 해당 지표 인사이트를 생성하지 않았다.
2026|시군구|충남|부여군|damage,2026,시군구,충남,부여군,원지표,damage,우심피해액,우심피해액(원),Y,"2026년 충남 부여군의 우심피해액은 839.8억 원으로, 충남 15개 시군구 중 1위이며 충남 전체의 17.13%다. 1인당 피해액은 1,410,232원이고 피해비중/인구비중은 6.14배다.",2026 파일의 인구는 2024년 12월 기준이고 피해액은 2015~2024년 누계이므로 2026년 단년 관측치로 해석하면 안 된다. 2024와 2026 파일의 시도별 인구·피해액 값이 동일하므로 연도 변화로 해석하지 않았다. 시군구 파일에는 주택·Z값·온실·소상공인 데이터가 없어 해당 지표 인사이트를 생성하지 않았다.
2026|시군구|충남|부여군|population,2026,시군구,충남,부여군,원지표,population,인구수,인구수(건),Y,"2026년 충남 부여군의 인구는 59,550명으로 충남 15개 시군구 중 11위이며 충남 전체의 2.79%를 차지한다. 충남 15개 시군구 평균의 0.42배다.",2026 파일의 인구는 2024년 12월 기준이고 피해액은 2015~2024년 누계이므로 2026년 단년 관측치로 해석하면 안 된다. 2024와 2026 파일의 시도별 인구·피해액 값이 동일하므로 연도 변화로 해석하지 않았다. 시군구 파일에는 주택·Z값·온실·소상공인 데이터가 없어 해당 지표 인사이트를 생성하지 않았다.
2026|시군구|충남|부여군|damagePerCapita,2026,시군구,충남,부여군,파생지표,damagePerCapita,1인당 우심피해액,,N,"2026년 충남 부여군의 1인당 우심피해액은 1,410,232원으로 충남 15개 시군구 중 2위다. 충남 전체 인구 기준 평균 1인당 피해액의 6.14배이며, 인구 규모에 비해 피해가 매우 크게 집중된 지역이다.",2026 파일의 인구는 2024년 12월 기준이고 피해액은 2015~2024년 누계이므로 2026년 단년 관측치로 해석하면 안 된다. 2024와 2026 파일의 시도별 인구·피해액 값이 동일하므로 연도 변화로 해석하지 않았다. 시군구 파일에는 주택·Z값·온실·소상공인 데이터가 없어 해당 지표 인사이트를 생성하지 않았다.
2026|시군구|충남|서산시|overall,2026,시군구,충남,서산시,종합,overall,종합 인사이트,,N,"2026년 충남 서산시의 인구는 174,445명으로 충남 15개 시군구 중 3위이며 충남 인구의 8.16%다. 원자료상 우심피해액은 0원으로 기록되어 있으며, 다른 시군구 대비 피해부담 순위는 최하위권이다.",2026 파일의 인구는 2024년 12월 기준이고 피해액은 2015~2024년 누계이므로 2026년 단년 관측치로 해석하면 안 된다. 2024와 2026 파일의 시도별 인구·피해액 값이 동일하므로 연도 변화로 해석하지 않았다. 시군구 파일에는 주택·Z값·온실·소상공인 데이터가 없어 해당 지표 인사이트를 생성하지 않았다.
2026|시군구|충남|서산시|damage,2026,시군구,충남,서산시,원지표,damage,우심피해액,우심피해액(원),Y,2026년 충남 서산시의 원자료상 우심피해액은 0원으로 충남 15개 시군구 내 공동 최하위다. 0원은 집계기간에 피해액이 기록되지 않았다는 의미이며 향후 재난위험이 없다는 뜻은 아니다.,2026 파일의 인구는 2024년 12월 기준이고 피해액은 2015~2024년 누계이므로 2026년 단년 관측치로 해석하면 안 된다. 2024와 2026 파일의 시도별 인구·피해액 값이 동일하므로 연도 변화로 해석하지 않았다. 시군구 파일에는 주택·Z값·온실·소상공인 데이터가 없어 해당 지표 인사이트를 생성하지 않았다.
2026|시군구|충남|서산시|population,2026,시군구,충남,서산시,원지표,population,인구수,인구수(건),Y,"2026년 충남 서산시의 인구는 174,445명으로 충남 15개 시군구 중 3위이며 충남 전체의 8.16%를 차지한다. 충남 15개 시군구 평균의 1.22배다.",2026 파일의 인구는 2024년 12월 기준이고 피해액은 2015~2024년 누계이므로 2026년 단년 관측치로 해석하면 안 된다. 2024와 2026 파일의 시도별 인구·피해액 값이 동일하므로 연도 변화로 해석하지 않았다. 시군구 파일에는 주택·Z값·온실·소상공인 데이터가 없어 해당 지표 인사이트를 생성하지 않았다.
2026|시군구|충남|서산시|damagePerCapita,2026,시군구,충남,서산시,파생지표,damagePerCapita,1인당 우심피해액,,N,"2026년 충남 서산시의 1인당 우심피해액은 0원으로 충남 15개 시군구 중 공동 최하위다. 충남 전체 인구 기준 평균 1인당 피해액의 0.00배이며, 원자료상 피해액은 0원으로 기록되어 있다.",2026 파일의 인구는 2024년 12월 기준이고 피해액은 2015~2024년 누계이므로 2026년 단년 관측치로 해석하면 안 된다. 2024와 2026 파일의 시도별 인구·피해액 값이 동일하므로 연도 변화로 해석하지 않았다. 시군구 파일에는 주택·Z값·온실·소상공인 데이터가 없어 해당 지표 인사이트를 생성하지 않았다.
2026|시군구|충남|서천군|overall,2026,시군구,충남,서천군,종합,overall,종합 인사이트,,N,"2026년 충남 서천군의 인구는 48,204명으로 충남 15개 시군구 중 13위다. 우심피해액은 283.9억 원(7위)이고, 1인당 피해액은 589,019원(5위)이며 피해비중은 인구비중의 2.57배다. 인구 규모보다 피해 부담이 뚜렷하게 높은 편이다.",2026 파일의 인구는 2024년 12월 기준이고 피해액은 2015~2024년 누계이므로 2026년 단년 관측치로 해석하면 안 된다. 2024와 2026 파일의 시도별 인구·피해액 값이 동일하므로 연도 변화로 해석하지 않았다. 시군구 파일에는 주택·Z값·온실·소상공인 데이터가 없어 해당 지표 인사이트를 생성하지 않았다.
2026|시군구|충남|서천군|damage,2026,시군구,충남,서천군,원지표,damage,우심피해액,우심피해액(원),Y,"2026년 충남 서천군의 우심피해액은 283.9억 원으로, 충남 15개 시군구 중 7위이며 충남 전체의 5.79%다. 1인당 피해액은 589,019원이고 피해비중/인구비중은 2.57배다.",2026 파일의 인구는 2024년 12월 기준이고 피해액은 2015~2024년 누계이므로 2026년 단년 관측치로 해석하면 안 된다. 2024와 2026 파일의 시도별 인구·피해액 값이 동일하므로 연도 변화로 해석하지 않았다. 시군구 파일에는 주택·Z값·온실·소상공인 데이터가 없어 해당 지표 인사이트를 생성하지 않았다.
2026|시군구|충남|서천군|population,2026,시군구,충남,서천군,원지표,population,인구수,인구수(건),Y,"2026년 충남 서천군의 인구는 48,204명으로 충남 15개 시군구 중 13위이며 충남 전체의 2.26%를 차지한다. 충남 15개 시군구 평균의 0.34배다.",2026 파일의 인구는 2024년 12월 기준이고 피해액은 2015~2024년 누계이므로 2026년 단년 관측치로 해석하면 안 된다. 2024와 2026 파일의 시도별 인구·피해액 값이 동일하므로 연도 변화로 해석하지 않았다. 시군구 파일에는 주택·Z값·온실·소상공인 데이터가 없어 해당 지표 인사이트를 생성하지 않았다.
2026|시군구|충남|서천군|damagePerCapita,2026,시군구,충남,서천군,파생지표,damagePerCapita,1인당 우심피해액,,N,"2026년 충남 서천군의 1인당 우심피해액은 589,019원으로 충남 15개 시군구 중 5위다. 충남 전체 인구 기준 평균 1인당 피해액의 2.57배이며, 인구 규모보다 피해 부담이 뚜렷하게 높은 편이다.",2026 파일의 인구는 2024년 12월 기준이고 피해액은 2015~2024년 누계이므로 2026년 단년 관측치로 해석하면 안 된다. 2024와 2026 파일의 시도별 인구·피해액 값이 동일하므로 연도 변화로 해석하지 않았다. 시군구 파일에는 주택·Z값·온실·소상공인 데이터가 없어 해당 지표 인사이트를 생성하지 않았다.
2026|시군구|충남|아산시|overall,2026,시군구,충남,아산시,종합,overall,종합 인사이트,,N,"2026년 충남 아산시의 인구는 355,014명으로 충남 15개 시군구 중 2위다. 우심피해액은 208.2억 원(9위)이고, 1인당 피해액은 58,636원(11위)이며 피해비중은 인구비중의 0.26배다. 인구 규모 대비 피해 부담은 매우 낮게 나타난다.",2026 파일의 인구는 2024년 12월 기준이고 피해액은 2015~2024년 누계이므로 2026년 단년 관측치로 해석하면 안 된다. 2024와 2026 파일의 시도별 인구·피해액 값이 동일하므로 연도 변화로 해석하지 않았다. 시군구 파일에는 주택·Z값·온실·소상공인 데이터가 없어 해당 지표 인사이트를 생성하지 않았다.
2026|시군구|충남|아산시|damage,2026,시군구,충남,아산시,원지표,damage,우심피해액,우심피해액(원),Y,"2026년 충남 아산시의 우심피해액은 208.2억 원으로, 충남 15개 시군구 중 9위이며 충남 전체의 4.25%다. 1인당 피해액은 58,636원이고 피해비중/인구비중은 0.26배다.",2026 파일의 인구는 2024년 12월 기준이고 피해액은 2015~2024년 누계이므로 2026년 단년 관측치로 해석하면 안 된다. 2024와 2026 파일의 시도별 인구·피해액 값이 동일하므로 연도 변화로 해석하지 않았다. 시군구 파일에는 주택·Z값·온실·소상공인 데이터가 없어 해당 지표 인사이트를 생성하지 않았다.
2026|시군구|충남|아산시|population,2026,시군구,충남,아산시,원지표,population,인구수,인구수(건),Y,"2026년 충남 아산시의 인구는 355,014명으로 충남 15개 시군구 중 2위이며 충남 전체의 16.62%를 차지한다. 충남 15개 시군구 평균의 2.49배다.",2026 파일의 인구는 2024년 12월 기준이고 피해액은 2015~2024년 누계이므로 2026년 단년 관측치로 해석하면 안 된다. 2024와 2026 파일의 시도별 인구·피해액 값이 동일하므로 연도 변화로 해석하지 않았다. 시군구 파일에는 주택·Z값·온실·소상공인 데이터가 없어 해당 지표 인사이트를 생성하지 않았다.
2026|시군구|충남|아산시|damagePerCapita,2026,시군구,충남,아산시,파생지표,damagePerCapita,1인당 우심피해액,,N,"2026년 충남 아산시의 1인당 우심피해액은 58,636원으로 충남 15개 시군구 중 11위다. 충남 전체 인구 기준 평균 1인당 피해액의 0.26배이며, 인구 규모 대비 피해 부담은 매우 낮게 나타난다.",2026 파일의 인구는 2024년 12월 기준이고 피해액은 2015~2024년 누계이므로 2026년 단년 관측치로 해석하면 안 된다. 2024와 2026 파일의 시도별 인구·피해액 값이 동일하므로 연도 변화로 해석하지 않았다. 시군구 파일에는 주택·Z값·온실·소상공인 데이터가 없어 해당 지표 인사이트를 생성하지 않았다.
2026|시군구|충남|예산군|overall,2026,시군구,충남,예산군,종합,overall,종합 인사이트,,N,"2026년 충남 예산군의 인구는 78,772명으로 충남 15개 시군구 중 9위다. 우심피해액은 242.3억 원(8위)이고, 1인당 피해액은 307,588원(8위)이며 피해비중은 인구비중의 1.34배다. 인구 비중과 피해 비중이 대체로 비슷한 수준이다.",2026 파일의 인구는 2024년 12월 기준이고 피해액은 2015~2024년 누계이므로 2026년 단년 관측치로 해석하면 안 된다. 2024와 2026 파일의 시도별 인구·피해액 값이 동일하므로 연도 변화로 해석하지 않았다. 시군구 파일에는 주택·Z값·온실·소상공인 데이터가 없어 해당 지표 인사이트를 생성하지 않았다.
2026|시군구|충남|예산군|damage,2026,시군구,충남,예산군,원지표,damage,우심피해액,우심피해액(원),Y,"2026년 충남 예산군의 우심피해액은 242.3억 원으로, 충남 15개 시군구 중 8위이며 충남 전체의 4.94%다. 1인당 피해액은 307,588원이고 피해비중/인구비중은 1.34배다.",2026 파일의 인구는 2024년 12월 기준이고 피해액은 2015~2024년 누계이므로 2026년 단년 관측치로 해석하면 안 된다. 2024와 2026 파일의 시도별 인구·피해액 값이 동일하므로 연도 변화로 해석하지 않았다. 시군구 파일에는 주택·Z값·온실·소상공인 데이터가 없어 해당 지표 인사이트를 생성하지 않았다.
2026|시군구|충남|예산군|population,2026,시군구,충남,예산군,원지표,population,인구수,인구수(건),Y,"2026년 충남 예산군의 인구는 78,772명으로 충남 15개 시군구 중 9위이며 충남 전체의 3.69%를 차지한다. 충남 15개 시군구 평균의 0.55배다.",2026 파일의 인구는 2024년 12월 기준이고 피해액은 2015~2024년 누계이므로 2026년 단년 관측치로 해석하면 안 된다. 2024와 2026 파일의 시도별 인구·피해액 값이 동일하므로 연도 변화로 해석하지 않았다. 시군구 파일에는 주택·Z값·온실·소상공인 데이터가 없어 해당 지표 인사이트를 생성하지 않았다.
2026|시군구|충남|예산군|damagePerCapita,2026,시군구,충남,예산군,파생지표,damagePerCapita,1인당 우심피해액,,N,"2026년 충남 예산군의 1인당 우심피해액은 307,588원으로 충남 15개 시군구 중 8위다. 충남 전체 인구 기준 평균 1인당 피해액의 1.34배이며, 인구 비중과 피해 비중이 대체로 비슷한 수준이다.",2026 파일의 인구는 2024년 12월 기준이고 피해액은 2015~2024년 누계이므로 2026년 단년 관측치로 해석하면 안 된다. 2024와 2026 파일의 시도별 인구·피해액 값이 동일하므로 연도 변화로 해석하지 않았다. 시군구 파일에는 주택·Z값·온실·소상공인 데이터가 없어 해당 지표 인사이트를 생성하지 않았다.
2026|시군구|충남|천안시|overall,2026,시군구,충남,천안시,종합,overall,종합 인사이트,,N,"2026년 충남 천안시의 인구는 659,920명으로 충남 15개 시군구 중 1위다. 우심피해액은 592.0억 원(4위)이고, 1인당 피해액은 89,711원(10위)이며 피해비중은 인구비중의 0.39배다. 인구 규모 대비 피해 부담은 매우 낮게 나타난다.",2026 파일의 인구는 2024년 12월 기준이고 피해액은 2015~2024년 누계이므로 2026년 단년 관측치로 해석하면 안 된다. 2024와 2026 파일의 시도별 인구·피해액 값이 동일하므로 연도 변화로 해석하지 않았다. 시군구 파일에는 주택·Z값·온실·소상공인 데이터가 없어 해당 지표 인사이트를 생성하지 않았다.
2026|시군구|충남|천안시|damage,2026,시군구,충남,천안시,원지표,damage,우심피해액,우심피해액(원),Y,"2026년 충남 천안시의 우심피해액은 592.0억 원으로, 충남 15개 시군구 중 4위이며 충남 전체의 12.07%다. 1인당 피해액은 89,711원이고 피해비중/인구비중은 0.39배다.",2026 파일의 인구는 2024년 12월 기준이고 피해액은 2015~2024년 누계이므로 2026년 단년 관측치로 해석하면 안 된다. 2024와 2026 파일의 시도별 인구·피해액 값이 동일하므로 연도 변화로 해석하지 않았다. 시군구 파일에는 주택·Z값·온실·소상공인 데이터가 없어 해당 지표 인사이트를 생성하지 않았다.
2026|시군구|충남|천안시|population,2026,시군구,충남,천안시,원지표,population,인구수,인구수(건),Y,"2026년 충남 천안시의 인구는 659,920명으로 충남 15개 시군구 중 1위이며 충남 전체의 30.89%를 차지한다. 충남 15개 시군구 평균의 4.63배다.",2026 파일의 인구는 2024년 12월 기준이고 피해액은 2015~2024년 누계이므로 2026년 단년 관측치로 해석하면 안 된다. 2024와 2026 파일의 시도별 인구·피해액 값이 동일하므로 연도 변화로 해석하지 않았다. 시군구 파일에는 주택·Z값·온실·소상공인 데이터가 없어 해당 지표 인사이트를 생성하지 않았다.
2026|시군구|충남|천안시|damagePerCapita,2026,시군구,충남,천안시,파생지표,damagePerCapita,1인당 우심피해액,,N,"2026년 충남 천안시의 1인당 우심피해액은 89,711원으로 충남 15개 시군구 중 10위다. 충남 전체 인구 기준 평균 1인당 피해액의 0.39배이며, 인구 규모 대비 피해 부담은 매우 낮게 나타난다.",2026 파일의 인구는 2024년 12월 기준이고 피해액은 2015~2024년 누계이므로 2026년 단년 관측치로 해석하면 안 된다. 2024와 2026 파일의 시도별 인구·피해액 값이 동일하므로 연도 변화로 해석하지 않았다. 시군구 파일에는 주택·Z값·온실·소상공인 데이터가 없어 해당 지표 인사이트를 생성하지 않았다.
2026|시군구|충남|청양군|overall,2026,시군구,충남,청양군,종합,overall,종합 인사이트,,N,"2026년 충남 청양군의 인구는 29,658명으로 충남 15개 시군구 중 15위(최하위)다. 우심피해액은 629.7억 원(3위)이고, 1인당 피해액은 2,123,060원(1위)이며 피해비중은 인구비중의 9.25배다. 인구 규모에 비해 피해가 매우 크게 집중된 지역이다.",2026 파일의 인구는 2024년 12월 기준이고 피해액은 2015~2024년 누계이므로 2026년 단년 관측치로 해석하면 안 된다. 2024와 2026 파일의 시도별 인구·피해액 값이 동일하므로 연도 변화로 해석하지 않았다. 시군구 파일에는 주택·Z값·온실·소상공인 데이터가 없어 해당 지표 인사이트를 생성하지 않았다.
2026|시군구|충남|청양군|damage,2026,시군구,충남,청양군,원지표,damage,우심피해액,우심피해액(원),Y,"2026년 충남 청양군의 우심피해액은 629.7억 원으로, 충남 15개 시군구 중 3위이며 충남 전체의 12.84%다. 1인당 피해액은 2,123,060원이고 피해비중/인구비중은 9.25배다.",2026 파일의 인구는 2024년 12월 기준이고 피해액은 2015~2024년 누계이므로 2026년 단년 관측치로 해석하면 안 된다. 2024와 2026 파일의 시도별 인구·피해액 값이 동일하므로 연도 변화로 해석하지 않았다. 시군구 파일에는 주택·Z값·온실·소상공인 데이터가 없어 해당 지표 인사이트를 생성하지 않았다.
2026|시군구|충남|청양군|population,2026,시군구,충남,청양군,원지표,population,인구수,인구수(건),Y,"2026년 충남 청양군의 인구는 29,658명으로 충남 15개 시군구 중 15위(최하위)이며 충남 전체의 1.39%를 차지한다. 충남 15개 시군구 평균의 0.21배다.",2026 파일의 인구는 2024년 12월 기준이고 피해액은 2015~2024년 누계이므로 2026년 단년 관측치로 해석하면 안 된다. 2024와 2026 파일의 시도별 인구·피해액 값이 동일하므로 연도 변화로 해석하지 않았다. 시군구 파일에는 주택·Z값·온실·소상공인 데이터가 없어 해당 지표 인사이트를 생성하지 않았다.
2026|시군구|충남|청양군|damagePerCapita,2026,시군구,충남,청양군,파생지표,damagePerCapita,1인당 우심피해액,,N,"2026년 충남 청양군의 1인당 우심피해액은 2,123,060원으로 충남 15개 시군구 중 1위다. 충남 전체 인구 기준 평균 1인당 피해액의 9.25배이며, 인구 규모에 비해 피해가 매우 크게 집중된 지역이다.",2026 파일의 인구는 2024년 12월 기준이고 피해액은 2015~2024년 누계이므로 2026년 단년 관측치로 해석하면 안 된다. 2024와 2026 파일의 시도별 인구·피해액 값이 동일하므로 연도 변화로 해석하지 않았다. 시군구 파일에는 주택·Z값·온실·소상공인 데이터가 없어 해당 지표 인사이트를 생성하지 않았다.
2026|시군구|충남|태안군|overall,2026,시군구,충남,태안군,종합,overall,종합 인사이트,,N,"2026년 충남 태안군의 인구는 60,133명으로 충남 15개 시군구 중 10위이며 충남 인구의 2.81%다. 원자료상 우심피해액은 0원으로 기록되어 있으며, 다른 시군구 대비 피해부담 순위는 최하위권이다.",2026 파일의 인구는 2024년 12월 기준이고 피해액은 2015~2024년 누계이므로 2026년 단년 관측치로 해석하면 안 된다. 2024와 2026 파일의 시도별 인구·피해액 값이 동일하므로 연도 변화로 해석하지 않았다. 시군구 파일에는 주택·Z값·온실·소상공인 데이터가 없어 해당 지표 인사이트를 생성하지 않았다.
2026|시군구|충남|태안군|damage,2026,시군구,충남,태안군,원지표,damage,우심피해액,우심피해액(원),Y,2026년 충남 태안군의 원자료상 우심피해액은 0원으로 충남 15개 시군구 내 공동 최하위다. 0원은 집계기간에 피해액이 기록되지 않았다는 의미이며 향후 재난위험이 없다는 뜻은 아니다.,2026 파일의 인구는 2024년 12월 기준이고 피해액은 2015~2024년 누계이므로 2026년 단년 관측치로 해석하면 안 된다. 2024와 2026 파일의 시도별 인구·피해액 값이 동일하므로 연도 변화로 해석하지 않았다. 시군구 파일에는 주택·Z값·온실·소상공인 데이터가 없어 해당 지표 인사이트를 생성하지 않았다.
2026|시군구|충남|태안군|population,2026,시군구,충남,태안군,원지표,population,인구수,인구수(건),Y,"2026년 충남 태안군의 인구는 60,133명으로 충남 15개 시군구 중 10위이며 충남 전체의 2.81%를 차지한다. 충남 15개 시군구 평균의 0.42배다.",2026 파일의 인구는 2024년 12월 기준이고 피해액은 2015~2024년 누계이므로 2026년 단년 관측치로 해석하면 안 된다. 2024와 2026 파일의 시도별 인구·피해액 값이 동일하므로 연도 변화로 해석하지 않았다. 시군구 파일에는 주택·Z값·온실·소상공인 데이터가 없어 해당 지표 인사이트를 생성하지 않았다.
2026|시군구|충남|태안군|damagePerCapita,2026,시군구,충남,태안군,파생지표,damagePerCapita,1인당 우심피해액,,N,"2026년 충남 태안군의 1인당 우심피해액은 0원으로 충남 15개 시군구 중 공동 최하위다. 충남 전체 인구 기준 평균 1인당 피해액의 0.00배이며, 원자료상 피해액은 0원으로 기록되어 있다.",2026 파일의 인구는 2024년 12월 기준이고 피해액은 2015~2024년 누계이므로 2026년 단년 관측치로 해석하면 안 된다. 2024와 2026 파일의 시도별 인구·피해액 값이 동일하므로 연도 변화로 해석하지 않았다. 시군구 파일에는 주택·Z값·온실·소상공인 데이터가 없어 해당 지표 인사이트를 생성하지 않았다.
2026|시군구|충남|홍성군|overall,2026,시군구,충남,홍성군,종합,overall,종합 인사이트,,N,"2026년 충남 홍성군의 인구는 99,198명으로 충남 15개 시군구 중 7위이며 충남 인구의 4.64%다. 원자료상 우심피해액은 0원으로 기록되어 있으며, 다른 시군구 대비 피해부담 순위는 최하위권이다.",2026 파일의 인구는 2024년 12월 기준이고 피해액은 2015~2024년 누계이므로 2026년 단년 관측치로 해석하면 안 된다. 2024와 2026 파일의 시도별 인구·피해액 값이 동일하므로 연도 변화로 해석하지 않았다. 시군구 파일에는 주택·Z값·온실·소상공인 데이터가 없어 해당 지표 인사이트를 생성하지 않았다.
2026|시군구|충남|홍성군|damage,2026,시군구,충남,홍성군,원지표,damage,우심피해액,우심피해액(원),Y,2026년 충남 홍성군의 원자료상 우심피해액은 0원으로 충남 15개 시군구 내 공동 최하위다. 0원은 집계기간에 피해액이 기록되지 않았다는 의미이며 향후 재난위험이 없다는 뜻은 아니다.,2026 파일의 인구는 2024년 12월 기준이고 피해액은 2015~2024년 누계이므로 2026년 단년 관측치로 해석하면 안 된다. 2024와 2026 파일의 시도별 인구·피해액 값이 동일하므로 연도 변화로 해석하지 않았다. 시군구 파일에는 주택·Z값·온실·소상공인 데이터가 없어 해당 지표 인사이트를 생성하지 않았다.
2026|시군구|충남|홍성군|population,2026,시군구,충남,홍성군,원지표,population,인구수,인구수(건),Y,"2026년 충남 홍성군의 인구는 99,198명으로 충남 15개 시군구 중 7위이며 충남 전체의 4.64%를 차지한다. 충남 15개 시군구 평균의 0.70배다.",2026 파일의 인구는 2024년 12월 기준이고 피해액은 2015~2024년 누계이므로 2026년 단년 관측치로 해석하면 안 된다. 2024와 2026 파일의 시도별 인구·피해액 값이 동일하므로 연도 변화로 해석하지 않았다. 시군구 파일에는 주택·Z값·온실·소상공인 데이터가 없어 해당 지표 인사이트를 생성하지 않았다.
2026|시군구|충남|홍성군|damagePerCapita,2026,시군구,충남,홍성군,파생지표,damagePerCapita,1인당 우심피해액,,N,"2026년 충남 홍성군의 1인당 우심피해액은 0원으로 충남 15개 시군구 중 공동 최하위다. 충남 전체 인구 기준 평균 1인당 피해액의 0.00배이며, 원자료상 피해액은 0원으로 기록되어 있다.",2026 파일의 인구는 2024년 12월 기준이고 피해액은 2015~2024년 누계이므로 2026년 단년 관측치로 해석하면 안 된다. 2024와 2026 파일의 시도별 인구·피해액 값이 동일하므로 연도 변화로 해석하지 않았다. 시군구 파일에는 주택·Z값·온실·소상공인 데이터가 없어 해당 지표 인사이트를 생성하지 않았다.
2026|시군구|전북|고창군|overall,2026,시군구,전북,고창군,종합,overall,종합 인사이트,,N,"2026년 전북 고창군의 인구는 50,982명으로 전북 14개 시군구 중 8위다. 우심피해액은 121.9억 원(8위)이고, 1인당 피해액은 239,048원(7위)이며 피해비중은 인구비중의 1.64배다. 인구 규모보다 피해 부담이 뚜렷하게 높은 편이다.",2026 파일의 인구는 2024년 12월 기준이고 피해액은 2015~2024년 누계이므로 2026년 단년 관측치로 해석하면 안 된다. 2024와 2026 파일의 시도별 인구·피해액 값이 동일하므로 연도 변화로 해석하지 않았다. 시군구 파일에는 주택·Z값·온실·소상공인 데이터가 없어 해당 지표 인사이트를 생성하지 않았다.
2026|시군구|전북|고창군|damage,2026,시군구,전북,고창군,원지표,damage,우심피해액,우심피해액(원),Y,"2026년 전북 고창군의 우심피해액은 121.9억 원으로, 전북 14개 시군구 중 8위이며 전북 전체의 4.80%다. 1인당 피해액은 239,048원이고 피해비중/인구비중은 1.64배다.",2026 파일의 인구는 2024년 12월 기준이고 피해액은 2015~2024년 누계이므로 2026년 단년 관측치로 해석하면 안 된다. 2024와 2026 파일의 시도별 인구·피해액 값이 동일하므로 연도 변화로 해석하지 않았다. 시군구 파일에는 주택·Z값·온실·소상공인 데이터가 없어 해당 지표 인사이트를 생성하지 않았다.
2026|시군구|전북|고창군|population,2026,시군구,전북,고창군,원지표,population,인구수,인구수(건),Y,"2026년 전북 고창군의 인구는 50,982명으로 전북 14개 시군구 중 8위이며 전북 전체의 2.93%를 차지한다. 전북 14개 시군구 평균의 0.41배다.",2026 파일의 인구는 2024년 12월 기준이고 피해액은 2015~2024년 누계이므로 2026년 단년 관측치로 해석하면 안 된다. 2024와 2026 파일의 시도별 인구·피해액 값이 동일하므로 연도 변화로 해석하지 않았다. 시군구 파일에는 주택·Z값·온실·소상공인 데이터가 없어 해당 지표 인사이트를 생성하지 않았다.
2026|시군구|전북|고창군|damagePerCapita,2026,시군구,전북,고창군,파생지표,damagePerCapita,1인당 우심피해액,,N,"2026년 전북 고창군의 1인당 우심피해액은 239,048원으로 전북 14개 시군구 중 7위다. 전북 전체 인구 기준 평균 1인당 피해액의 1.64배이며, 인구 규모보다 피해 부담이 뚜렷하게 높은 편이다.",2026 파일의 인구는 2024년 12월 기준이고 피해액은 2015~2024년 누계이므로 2026년 단년 관측치로 해석하면 안 된다. 2024와 2026 파일의 시도별 인구·피해액 값이 동일하므로 연도 변화로 해석하지 않았다. 시군구 파일에는 주택·Z값·온실·소상공인 데이터가 없어 해당 지표 인사이트를 생성하지 않았다.
2026|시군구|전북|군산시|overall,2026,시군구,전북,군산시,종합,overall,종합 인사이트,,N,"2026년 전북 군산시의 인구는 258,047명으로 전북 14개 시군구 중 3위다. 우심피해액은 98.8억 원(9위)이고, 1인당 피해액은 38,292원(13위)이며 피해비중은 인구비중의 0.26배다. 인구 규모 대비 피해 부담은 매우 낮게 나타난다.",2026 파일의 인구는 2024년 12월 기준이고 피해액은 2015~2024년 누계이므로 2026년 단년 관측치로 해석하면 안 된다. 2024와 2026 파일의 시도별 인구·피해액 값이 동일하므로 연도 변화로 해석하지 않았다. 시군구 파일에는 주택·Z값·온실·소상공인 데이터가 없어 해당 지표 인사이트를 생성하지 않았다.
2026|시군구|전북|군산시|damage,2026,시군구,전북,군산시,원지표,damage,우심피해액,우심피해액(원),Y,"2026년 전북 군산시의 우심피해액은 98.8억 원으로, 전북 14개 시군구 중 9위이며 전북 전체의 3.89%다. 1인당 피해액은 38,292원이고 피해비중/인구비중은 0.26배다.",2026 파일의 인구는 2024년 12월 기준이고 피해액은 2015~2024년 누계이므로 2026년 단년 관측치로 해석하면 안 된다. 2024와 2026 파일의 시도별 인구·피해액 값이 동일하므로 연도 변화로 해석하지 않았다. 시군구 파일에는 주택·Z값·온실·소상공인 데이터가 없어 해당 지표 인사이트를 생성하지 않았다.
2026|시군구|전북|군산시|population,2026,시군구,전북,군산시,원지표,population,인구수,인구수(건),Y,"2026년 전북 군산시의 인구는 258,047명으로 전북 14개 시군구 중 3위이며 전북 전체의 14.84%를 차지한다. 전북 14개 시군구 평균의 2.08배다.",2026 파일의 인구는 2024년 12월 기준이고 피해액은 2015~2024년 누계이므로 2026년 단년 관측치로 해석하면 안 된다. 2024와 2026 파일의 시도별 인구·피해액 값이 동일하므로 연도 변화로 해석하지 않았다. 시군구 파일에는 주택·Z값·온실·소상공인 데이터가 없어 해당 지표 인사이트를 생성하지 않았다.
2026|시군구|전북|군산시|damagePerCapita,2026,시군구,전북,군산시,파생지표,damagePerCapita,1인당 우심피해액,,N,"2026년 전북 군산시의 1인당 우심피해액은 38,292원으로 전북 14개 시군구 중 13위다. 전북 전체 인구 기준 평균 1인당 피해액의 0.26배이며, 인구 규모 대비 피해 부담은 매우 낮게 나타난다.",2026 파일의 인구는 2024년 12월 기준이고 피해액은 2015~2024년 누계이므로 2026년 단년 관측치로 해석하면 안 된다. 2024와 2026 파일의 시도별 인구·피해액 값이 동일하므로 연도 변화로 해석하지 않았다. 시군구 파일에는 주택·Z값·온실·소상공인 데이터가 없어 해당 지표 인사이트를 생성하지 않았다.
2026|시군구|전북|김제시|overall,2026,시군구,전북,김제시,종합,overall,종합 인사이트,,N,"2026년 전북 김제시의 인구는 80,635명으로 전북 14개 시군구 중 6위다. 우심피해액은 85.2억 원(10위)이고, 1인당 피해액은 105,606원(11위)이며 피해비중은 인구비중의 0.72배다. 인구 규모 대비 피해 부담은 낮은 편이다.",2026 파일의 인구는 2024년 12월 기준이고 피해액은 2015~2024년 누계이므로 2026년 단년 관측치로 해석하면 안 된다. 2024와 2026 파일의 시도별 인구·피해액 값이 동일하므로 연도 변화로 해석하지 않았다. 시군구 파일에는 주택·Z값·온실·소상공인 데이터가 없어 해당 지표 인사이트를 생성하지 않았다.
2026|시군구|전북|김제시|damage,2026,시군구,전북,김제시,원지표,damage,우심피해액,우심피해액(원),Y,"2026년 전북 김제시의 우심피해액은 85.2억 원으로, 전북 14개 시군구 중 10위이며 전북 전체의 3.35%다. 1인당 피해액은 105,606원이고 피해비중/인구비중은 0.72배다.",2026 파일의 인구는 2024년 12월 기준이고 피해액은 2015~2024년 누계이므로 2026년 단년 관측치로 해석하면 안 된다. 2024와 2026 파일의 시도별 인구·피해액 값이 동일하므로 연도 변화로 해석하지 않았다. 시군구 파일에는 주택·Z값·온실·소상공인 데이터가 없어 해당 지표 인사이트를 생성하지 않았다.
2026|시군구|전북|김제시|population,2026,시군구,전북,김제시,원지표,population,인구수,인구수(건),Y,"2026년 전북 김제시의 인구는 80,635명으로 전북 14개 시군구 중 6위이며 전북 전체의 4.64%를 차지한다. 전북 14개 시군구 평균의 0.65배다.",2026 파일의 인구는 2024년 12월 기준이고 피해액은 2015~2024년 누계이므로 2026년 단년 관측치로 해석하면 안 된다. 2024와 2026 파일의 시도별 인구·피해액 값이 동일하므로 연도 변화로 해석하지 않았다. 시군구 파일에는 주택·Z값·온실·소상공인 데이터가 없어 해당 지표 인사이트를 생성하지 않았다.
2026|시군구|전북|김제시|damagePerCapita,2026,시군구,전북,김제시,파생지표,damagePerCapita,1인당 우심피해액,,N,"2026년 전북 김제시의 1인당 우심피해액은 105,606원으로 전북 14개 시군구 중 11위다. 전북 전체 인구 기준 평균 1인당 피해액의 0.72배이며, 인구 규모 대비 피해 부담은 낮은 편이다.",2026 파일의 인구는 2024년 12월 기준이고 피해액은 2015~2024년 누계이므로 2026년 단년 관측치로 해석하면 안 된다. 2024와 2026 파일의 시도별 인구·피해액 값이 동일하므로 연도 변화로 해석하지 않았다. 시군구 파일에는 주택·Z값·온실·소상공인 데이터가 없어 해당 지표 인사이트를 생성하지 않았다.
2026|시군구|전북|남원시|overall,2026,시군구,전북,남원시,종합,overall,종합 인사이트,,N,"2026년 전북 남원시의 인구는 75,647명으로 전북 14개 시군구 중 7위다. 우심피해액은 552.8억 원(1위)이고, 1인당 피해액은 730,776원(2위)이며 피해비중은 인구비중의 5.01배다. 인구 규모에 비해 피해가 매우 크게 집중된 지역이다.",2026 파일의 인구는 2024년 12월 기준이고 피해액은 2015~2024년 누계이므로 2026년 단년 관측치로 해석하면 안 된다. 2024와 2026 파일의 시도별 인구·피해액 값이 동일하므로 연도 변화로 해석하지 않았다. 시군구 파일에는 주택·Z값·온실·소상공인 데이터가 없어 해당 지표 인사이트를 생성하지 않았다.
2026|시군구|전북|남원시|damage,2026,시군구,전북,남원시,원지표,damage,우심피해액,우심피해액(원),Y,"2026년 전북 남원시의 우심피해액은 552.8억 원으로, 전북 14개 시군구 중 1위이며 전북 전체의 21.78%다. 1인당 피해액은 730,776원이고 피해비중/인구비중은 5.01배다.",2026 파일의 인구는 2024년 12월 기준이고 피해액은 2015~2024년 누계이므로 2026년 단년 관측치로 해석하면 안 된다. 2024와 2026 파일의 시도별 인구·피해액 값이 동일하므로 연도 변화로 해석하지 않았다. 시군구 파일에는 주택·Z값·온실·소상공인 데이터가 없어 해당 지표 인사이트를 생성하지 않았다.
2026|시군구|전북|남원시|population,2026,시군구,전북,남원시,원지표,population,인구수,인구수(건),Y,"2026년 전북 남원시의 인구는 75,647명으로 전북 14개 시군구 중 7위이며 전북 전체의 4.35%를 차지한다. 전북 14개 시군구 평균의 0.61배다.",2026 파일의 인구는 2024년 12월 기준이고 피해액은 2015~2024년 누계이므로 2026년 단년 관측치로 해석하면 안 된다. 2024와 2026 파일의 시도별 인구·피해액 값이 동일하므로 연도 변화로 해석하지 않았다. 시군구 파일에는 주택·Z값·온실·소상공인 데이터가 없어 해당 지표 인사이트를 생성하지 않았다.
2026|시군구|전북|남원시|damagePerCapita,2026,시군구,전북,남원시,파생지표,damagePerCapita,1인당 우심피해액,,N,"2026년 전북 남원시의 1인당 우심피해액은 730,776원으로 전북 14개 시군구 중 2위다. 전북 전체 인구 기준 평균 1인당 피해액의 5.01배이며, 인구 규모에 비해 피해가 매우 크게 집중된 지역이다.",2026 파일의 인구는 2024년 12월 기준이고 피해액은 2015~2024년 누계이므로 2026년 단년 관측치로 해석하면 안 된다. 2024와 2026 파일의 시도별 인구·피해액 값이 동일하므로 연도 변화로 해석하지 않았다. 시군구 파일에는 주택·Z값·온실·소상공인 데이터가 없어 해당 지표 인사이트를 생성하지 않았다.
2026|시군구|전북|무주군|overall,2026,시군구,전북,무주군,종합,overall,종합 인사이트,,N,"2026년 전북 무주군의 인구는 23,032명으로 전북 14개 시군구 중 13위다. 우심피해액은 160.6억 원(5위)이고, 1인당 피해액은 697,092원(3위)이며 피해비중은 인구비중의 4.77배다. 인구 규모에 비해 피해가 매우 크게 집중된 지역이다.",2026 파일의 인구는 2024년 12월 기준이고 피해액은 2015~2024년 누계이므로 2026년 단년 관측치로 해석하면 안 된다. 2024와 2026 파일의 시도별 인구·피해액 값이 동일하므로 연도 변화로 해석하지 않았다. 시군구 파일에는 주택·Z값·온실·소상공인 데이터가 없어 해당 지표 인사이트를 생성하지 않았다.
2026|시군구|전북|무주군|damage,2026,시군구,전북,무주군,원지표,damage,우심피해액,우심피해액(원),Y,"2026년 전북 무주군의 우심피해액은 160.6억 원으로, 전북 14개 시군구 중 5위이며 전북 전체의 6.32%다. 1인당 피해액은 697,092원이고 피해비중/인구비중은 4.77배다.",2026 파일의 인구는 2024년 12월 기준이고 피해액은 2015~2024년 누계이므로 2026년 단년 관측치로 해석하면 안 된다. 2024와 2026 파일의 시도별 인구·피해액 값이 동일하므로 연도 변화로 해석하지 않았다. 시군구 파일에는 주택·Z값·온실·소상공인 데이터가 없어 해당 지표 인사이트를 생성하지 않았다.
2026|시군구|전북|무주군|population,2026,시군구,전북,무주군,원지표,population,인구수,인구수(건),Y,"2026년 전북 무주군의 인구는 23,032명으로 전북 14개 시군구 중 13위이며 전북 전체의 1.32%를 차지한다. 전북 14개 시군구 평균의 0.19배다.",2026 파일의 인구는 2024년 12월 기준이고 피해액은 2015~2024년 누계이므로 2026년 단년 관측치로 해석하면 안 된다. 2024와 2026 파일의 시도별 인구·피해액 값이 동일하므로 연도 변화로 해석하지 않았다. 시군구 파일에는 주택·Z값·온실·소상공인 데이터가 없어 해당 지표 인사이트를 생성하지 않았다.
2026|시군구|전북|무주군|damagePerCapita,2026,시군구,전북,무주군,파생지표,damagePerCapita,1인당 우심피해액,,N,"2026년 전북 무주군의 1인당 우심피해액은 697,092원으로 전북 14개 시군구 중 3위다. 전북 전체 인구 기준 평균 1인당 피해액의 4.77배이며, 인구 규모에 비해 피해가 매우 크게 집중된 지역이다.",2026 파일의 인구는 2024년 12월 기준이고 피해액은 2015~2024년 누계이므로 2026년 단년 관측치로 해석하면 안 된다. 2024와 2026 파일의 시도별 인구·피해액 값이 동일하므로 연도 변화로 해석하지 않았다. 시군구 파일에는 주택·Z값·온실·소상공인 데이터가 없어 해당 지표 인사이트를 생성하지 않았다.
2026|시군구|전북|부안군|overall,2026,시군구,전북,부안군,종합,overall,종합 인사이트,,N,"2026년 전북 부안군의 인구는 48,066명으로 전북 14개 시군구 중 9위다. 우심피해액은 61.4억 원(11위)이고, 1인당 피해액은 127,758원(10위)이며 피해비중은 인구비중의 0.88배다. 인구 비중과 피해 비중이 대체로 비슷한 수준이다.",2026 파일의 인구는 2024년 12월 기준이고 피해액은 2015~2024년 누계이므로 2026년 단년 관측치로 해석하면 안 된다. 2024와 2026 파일의 시도별 인구·피해액 값이 동일하므로 연도 변화로 해석하지 않았다. 시군구 파일에는 주택·Z값·온실·소상공인 데이터가 없어 해당 지표 인사이트를 생성하지 않았다.
2026|시군구|전북|부안군|damage,2026,시군구,전북,부안군,원지표,damage,우심피해액,우심피해액(원),Y,"2026년 전북 부안군의 우심피해액은 61.4억 원으로, 전북 14개 시군구 중 11위이며 전북 전체의 2.42%다. 1인당 피해액은 127,758원이고 피해비중/인구비중은 0.88배다.",2026 파일의 인구는 2024년 12월 기준이고 피해액은 2015~2024년 누계이므로 2026년 단년 관측치로 해석하면 안 된다. 2024와 2026 파일의 시도별 인구·피해액 값이 동일하므로 연도 변화로 해석하지 않았다. 시군구 파일에는 주택·Z값·온실·소상공인 데이터가 없어 해당 지표 인사이트를 생성하지 않았다.
2026|시군구|전북|부안군|population,2026,시군구,전북,부안군,원지표,population,인구수,인구수(건),Y,"2026년 전북 부안군의 인구는 48,066명으로 전북 14개 시군구 중 9위이며 전북 전체의 2.76%를 차지한다. 전북 14개 시군구 평균의 0.39배다.",2026 파일의 인구는 2024년 12월 기준이고 피해액은 2015~2024년 누계이므로 2026년 단년 관측치로 해석하면 안 된다. 2024와 2026 파일의 시도별 인구·피해액 값이 동일하므로 연도 변화로 해석하지 않았다. 시군구 파일에는 주택·Z값·온실·소상공인 데이터가 없어 해당 지표 인사이트를 생성하지 않았다.
2026|시군구|전북|부안군|damagePerCapita,2026,시군구,전북,부안군,파생지표,damagePerCapita,1인당 우심피해액,,N,"2026년 전북 부안군의 1인당 우심피해액은 127,758원으로 전북 14개 시군구 중 10위다. 전북 전체 인구 기준 평균 1인당 피해액의 0.88배이며, 인구 비중과 피해 비중이 대체로 비슷한 수준이다.",2026 파일의 인구는 2024년 12월 기준이고 피해액은 2015~2024년 누계이므로 2026년 단년 관측치로 해석하면 안 된다. 2024와 2026 파일의 시도별 인구·피해액 값이 동일하므로 연도 변화로 해석하지 않았다. 시군구 파일에는 주택·Z값·온실·소상공인 데이터가 없어 해당 지표 인사이트를 생성하지 않았다.
2026|시군구|전북|순창군|overall,2026,시군구,전북,순창군,종합,overall,종합 인사이트,,N,"2026년 전북 순창군의 인구는 26,822명으로 전북 14개 시군구 중 10위다. 우심피해액은 147.0억 원(6위)이고, 1인당 피해액은 548,097원(4위)이며 피해비중은 인구비중의 3.75배다. 인구 규모에 비해 피해가 매우 크게 집중된 지역이다.",2026 파일의 인구는 2024년 12월 기준이고 피해액은 2015~2024년 누계이므로 2026년 단년 관측치로 해석하면 안 된다. 2024와 2026 파일의 시도별 인구·피해액 값이 동일하므로 연도 변화로 해석하지 않았다. 시군구 파일에는 주택·Z값·온실·소상공인 데이터가 없어 해당 지표 인사이트를 생성하지 않았다.
2026|시군구|전북|순창군|damage,2026,시군구,전북,순창군,원지표,damage,우심피해액,우심피해액(원),Y,"2026년 전북 순창군의 우심피해액은 147.0억 원으로, 전북 14개 시군구 중 6위이며 전북 전체의 5.79%다. 1인당 피해액은 548,097원이고 피해비중/인구비중은 3.75배다.",2026 파일의 인구는 2024년 12월 기준이고 피해액은 2015~2024년 누계이므로 2026년 단년 관측치로 해석하면 안 된다. 2024와 2026 파일의 시도별 인구·피해액 값이 동일하므로 연도 변화로 해석하지 않았다. 시군구 파일에는 주택·Z값·온실·소상공인 데이터가 없어 해당 지표 인사이트를 생성하지 않았다.
2026|시군구|전북|순창군|population,2026,시군구,전북,순창군,원지표,population,인구수,인구수(건),Y,"2026년 전북 순창군의 인구는 26,822명으로 전북 14개 시군구 중 10위이며 전북 전체의 1.54%를 차지한다. 전북 14개 시군구 평균의 0.22배다.",2026 파일의 인구는 2024년 12월 기준이고 피해액은 2015~2024년 누계이므로 2026년 단년 관측치로 해석하면 안 된다. 2024와 2026 파일의 시도별 인구·피해액 값이 동일하므로 연도 변화로 해석하지 않았다. 시군구 파일에는 주택·Z값·온실·소상공인 데이터가 없어 해당 지표 인사이트를 생성하지 않았다.
2026|시군구|전북|순창군|damagePerCapita,2026,시군구,전북,순창군,파생지표,damagePerCapita,1인당 우심피해액,,N,"2026년 전북 순창군의 1인당 우심피해액은 548,097원으로 전북 14개 시군구 중 4위다. 전북 전체 인구 기준 평균 1인당 피해액의 3.75배이며, 인구 규모에 비해 피해가 매우 크게 집중된 지역이다.",2026 파일의 인구는 2024년 12월 기준이고 피해액은 2015~2024년 누계이므로 2026년 단년 관측치로 해석하면 안 된다. 2024와 2026 파일의 시도별 인구·피해액 값이 동일하므로 연도 변화로 해석하지 않았다. 시군구 파일에는 주택·Z값·온실·소상공인 데이터가 없어 해당 지표 인사이트를 생성하지 않았다.
2026|시군구|전북|완주군|overall,2026,시군구,전북,완주군,종합,overall,종합 인사이트,,N,"2026년 전북 완주군의 인구는 99,279명으로 전북 14개 시군구 중 5위다. 우심피해액은 522.3억 원(2위)이고, 1인당 피해액은 526,113원(5위)이며 피해비중은 인구비중의 3.60배다. 인구 규모에 비해 피해가 매우 크게 집중된 지역이다.",2026 파일의 인구는 2024년 12월 기준이고 피해액은 2015~2024년 누계이므로 2026년 단년 관측치로 해석하면 안 된다. 2024와 2026 파일의 시도별 인구·피해액 값이 동일하므로 연도 변화로 해석하지 않았다. 시군구 파일에는 주택·Z값·온실·소상공인 데이터가 없어 해당 지표 인사이트를 생성하지 않았다.
2026|시군구|전북|완주군|damage,2026,시군구,전북,완주군,원지표,damage,우심피해액,우심피해액(원),Y,"2026년 전북 완주군의 우심피해액은 522.3억 원으로, 전북 14개 시군구 중 2위이며 전북 전체의 20.58%다. 1인당 피해액은 526,113원이고 피해비중/인구비중은 3.60배다.",2026 파일의 인구는 2024년 12월 기준이고 피해액은 2015~2024년 누계이므로 2026년 단년 관측치로 해석하면 안 된다. 2024와 2026 파일의 시도별 인구·피해액 값이 동일하므로 연도 변화로 해석하지 않았다. 시군구 파일에는 주택·Z값·온실·소상공인 데이터가 없어 해당 지표 인사이트를 생성하지 않았다.
2026|시군구|전북|완주군|population,2026,시군구,전북,완주군,원지표,population,인구수,인구수(건),Y,"2026년 전북 완주군의 인구는 99,279명으로 전북 14개 시군구 중 5위이며 전북 전체의 5.71%를 차지한다. 전북 14개 시군구 평균의 0.80배다.",2026 파일의 인구는 2024년 12월 기준이고 피해액은 2015~2024년 누계이므로 2026년 단년 관측치로 해석하면 안 된다. 2024와 2026 파일의 시도별 인구·피해액 값이 동일하므로 연도 변화로 해석하지 않았다. 시군구 파일에는 주택·Z값·온실·소상공인 데이터가 없어 해당 지표 인사이트를 생성하지 않았다.
2026|시군구|전북|완주군|damagePerCapita,2026,시군구,전북,완주군,파생지표,damagePerCapita,1인당 우심피해액,,N,"2026년 전북 완주군의 1인당 우심피해액은 526,113원으로 전북 14개 시군구 중 5위다. 전북 전체 인구 기준 평균 1인당 피해액의 3.60배이며, 인구 규모에 비해 피해가 매우 크게 집중된 지역이다.",2026 파일의 인구는 2024년 12월 기준이고 피해액은 2015~2024년 누계이므로 2026년 단년 관측치로 해석하면 안 된다. 2024와 2026 파일의 시도별 인구·피해액 값이 동일하므로 연도 변화로 해석하지 않았다. 시군구 파일에는 주택·Z값·온실·소상공인 데이터가 없어 해당 지표 인사이트를 생성하지 않았다.
2026|시군구|전북|익산시|overall,2026,시군구,전북,익산시,종합,overall,종합 인사이트,,N,"2026년 전북 익산시의 인구는 268,001명으로 전북 14개 시군구 중 2위다. 우심피해액은 387.2억 원(3위)이고, 1인당 피해액은 144,491원(9위)이며 피해비중은 인구비중의 0.99배다. 인구 비중과 피해 비중이 대체로 비슷한 수준이다.",2026 파일의 인구는 2024년 12월 기준이고 피해액은 2015~2024년 누계이므로 2026년 단년 관측치로 해석하면 안 된다. 2024와 2026 파일의 시도별 인구·피해액 값이 동일하므로 연도 변화로 해석하지 않았다. 시군구 파일에는 주택·Z값·온실·소상공인 데이터가 없어 해당 지표 인사이트를 생성하지 않았다.
2026|시군구|전북|익산시|damage,2026,시군구,전북,익산시,원지표,damage,우심피해액,우심피해액(원),Y,"2026년 전북 익산시의 우심피해액은 387.2억 원으로, 전북 14개 시군구 중 3위이며 전북 전체의 15.25%다. 1인당 피해액은 144,491원이고 피해비중/인구비중은 0.99배다.",2026 파일의 인구는 2024년 12월 기준이고 피해액은 2015~2024년 누계이므로 2026년 단년 관측치로 해석하면 안 된다. 2024와 2026 파일의 시도별 인구·피해액 값이 동일하므로 연도 변화로 해석하지 않았다. 시군구 파일에는 주택·Z값·온실·소상공인 데이터가 없어 해당 지표 인사이트를 생성하지 않았다.
2026|시군구|전북|익산시|population,2026,시군구,전북,익산시,원지표,population,인구수,인구수(건),Y,"2026년 전북 익산시의 인구는 268,001명으로 전북 14개 시군구 중 2위이며 전북 전체의 15.41%를 차지한다. 전북 14개 시군구 평균의 2.16배다.",2026 파일의 인구는 2024년 12월 기준이고 피해액은 2015~2024년 누계이므로 2026년 단년 관측치로 해석하면 안 된다. 2024와 2026 파일의 시도별 인구·피해액 값이 동일하므로 연도 변화로 해석하지 않았다. 시군구 파일에는 주택·Z값·온실·소상공인 데이터가 없어 해당 지표 인사이트를 생성하지 않았다.
2026|시군구|전북|익산시|damagePerCapita,2026,시군구,전북,익산시,파생지표,damagePerCapita,1인당 우심피해액,,N,"2026년 전북 익산시의 1인당 우심피해액은 144,491원으로 전북 14개 시군구 중 9위다. 전북 전체 인구 기준 평균 1인당 피해액의 0.99배이며, 인구 비중과 피해 비중이 대체로 비슷한 수준이다.",2026 파일의 인구는 2024년 12월 기준이고 피해액은 2015~2024년 누계이므로 2026년 단년 관측치로 해석하면 안 된다. 2024와 2026 파일의 시도별 인구·피해액 값이 동일하므로 연도 변화로 해석하지 않았다. 시군구 파일에는 주택·Z값·온실·소상공인 데이터가 없어 해당 지표 인사이트를 생성하지 않았다.
2026|시군구|전북|임실군|overall,2026,시군구,전북,임실군,종합,overall,종합 인사이트,,N,"2026년 전북 임실군의 인구는 25,577명으로 전북 14개 시군구 중 11위다. 우심피해액은 38.9억 원(13위)이고, 1인당 피해액은 152,278원(8위)이며 피해비중은 인구비중의 1.04배다. 인구 비중과 피해 비중이 대체로 비슷한 수준이다.",2026 파일의 인구는 2024년 12월 기준이고 피해액은 2015~2024년 누계이므로 2026년 단년 관측치로 해석하면 안 된다. 2024와 2026 파일의 시도별 인구·피해액 값이 동일하므로 연도 변화로 해석하지 않았다. 시군구 파일에는 주택·Z값·온실·소상공인 데이터가 없어 해당 지표 인사이트를 생성하지 않았다.
2026|시군구|전북|임실군|damage,2026,시군구,전북,임실군,원지표,damage,우심피해액,우심피해액(원),Y,"2026년 전북 임실군의 우심피해액은 38.9억 원으로, 전북 14개 시군구 중 13위이며 전북 전체의 1.53%다. 1인당 피해액은 152,278원이고 피해비중/인구비중은 1.04배다.",2026 파일의 인구는 2024년 12월 기준이고 피해액은 2015~2024년 누계이므로 2026년 단년 관측치로 해석하면 안 된다. 2024와 2026 파일의 시도별 인구·피해액 값이 동일하므로 연도 변화로 해석하지 않았다. 시군구 파일에는 주택·Z값·온실·소상공인 데이터가 없어 해당 지표 인사이트를 생성하지 않았다.
2026|시군구|전북|임실군|population,2026,시군구,전북,임실군,원지표,population,인구수,인구수(건),Y,"2026년 전북 임실군의 인구는 25,577명으로 전북 14개 시군구 중 11위이며 전북 전체의 1.47%를 차지한다. 전북 14개 시군구 평균의 0.21배다.",2026 파일의 인구는 2024년 12월 기준이고 피해액은 2015~2024년 누계이므로 2026년 단년 관측치로 해석하면 안 된다. 2024와 2026 파일의 시도별 인구·피해액 값이 동일하므로 연도 변화로 해석하지 않았다. 시군구 파일에는 주택·Z값·온실·소상공인 데이터가 없어 해당 지표 인사이트를 생성하지 않았다.
2026|시군구|전북|임실군|damagePerCapita,2026,시군구,전북,임실군,파생지표,damagePerCapita,1인당 우심피해액,,N,"2026년 전북 임실군의 1인당 우심피해액은 152,278원으로 전북 14개 시군구 중 8위다. 전북 전체 인구 기준 평균 1인당 피해액의 1.04배이며, 인구 비중과 피해 비중이 대체로 비슷한 수준이다.",2026 파일의 인구는 2024년 12월 기준이고 피해액은 2015~2024년 누계이므로 2026년 단년 관측치로 해석하면 안 된다. 2024와 2026 파일의 시도별 인구·피해액 값이 동일하므로 연도 변화로 해석하지 않았다. 시군구 파일에는 주택·Z값·온실·소상공인 데이터가 없어 해당 지표 인사이트를 생성하지 않았다.
2026|시군구|전북|장수군|overall,2026,시군구,전북,장수군,종합,overall,종합 인사이트,,N,"2026년 전북 장수군의 인구는 20,663명으로 전북 14개 시군구 중 14위(최하위)다. 우심피해액은 199.4억 원(4위)이고, 1인당 피해액은 965,087원(1위)이며 피해비중은 인구비중의 6.61배다. 인구 규모에 비해 피해가 매우 크게 집중된 지역이다.",2026 파일의 인구는 2024년 12월 기준이고 피해액은 2015~2024년 누계이므로 2026년 단년 관측치로 해석하면 안 된다. 2024와 2026 파일의 시도별 인구·피해액 값이 동일하므로 연도 변화로 해석하지 않았다. 시군구 파일에는 주택·Z값·온실·소상공인 데이터가 없어 해당 지표 인사이트를 생성하지 않았다.
2026|시군구|전북|장수군|damage,2026,시군구,전북,장수군,원지표,damage,우심피해액,우심피해액(원),Y,"2026년 전북 장수군의 우심피해액은 199.4억 원으로, 전북 14개 시군구 중 4위이며 전북 전체의 7.86%다. 1인당 피해액은 965,087원이고 피해비중/인구비중은 6.61배다.",2026 파일의 인구는 2024년 12월 기준이고 피해액은 2015~2024년 누계이므로 2026년 단년 관측치로 해석하면 안 된다. 2024와 2026 파일의 시도별 인구·피해액 값이 동일하므로 연도 변화로 해석하지 않았다. 시군구 파일에는 주택·Z값·온실·소상공인 데이터가 없어 해당 지표 인사이트를 생성하지 않았다.
2026|시군구|전북|장수군|population,2026,시군구,전북,장수군,원지표,population,인구수,인구수(건),Y,"2026년 전북 장수군의 인구는 20,663명으로 전북 14개 시군구 중 14위(최하위)이며 전북 전체의 1.19%를 차지한다. 전북 14개 시군구 평균의 0.17배다.",2026 파일의 인구는 2024년 12월 기준이고 피해액은 2015~2024년 누계이므로 2026년 단년 관측치로 해석하면 안 된다. 2024와 2026 파일의 시도별 인구·피해액 값이 동일하므로 연도 변화로 해석하지 않았다. 시군구 파일에는 주택·Z값·온실·소상공인 데이터가 없어 해당 지표 인사이트를 생성하지 않았다.
2026|시군구|전북|장수군|damagePerCapita,2026,시군구,전북,장수군,파생지표,damagePerCapita,1인당 우심피해액,,N,"2026년 전북 장수군의 1인당 우심피해액은 965,087원으로 전북 14개 시군구 중 1위다. 전북 전체 인구 기준 평균 1인당 피해액의 6.61배이며, 인구 규모에 비해 피해가 매우 크게 집중된 지역이다.",2026 파일의 인구는 2024년 12월 기준이고 피해액은 2015~2024년 누계이므로 2026년 단년 관측치로 해석하면 안 된다. 2024와 2026 파일의 시도별 인구·피해액 값이 동일하므로 연도 변화로 해석하지 않았다. 시군구 파일에는 주택·Z값·온실·소상공인 데이터가 없어 해당 지표 인사이트를 생성하지 않았다.
2026|시군구|전북|전주시|overall,2026,시군구,전북,전주시,종합,overall,종합 인사이트,,N,"2026년 전북 전주시의 인구는 635,651명으로 전북 14개 시군구 중 1위이며 전북 인구의 36.56%다. 원자료상 우심피해액은 0원으로 기록되어 있으며, 다른 시군구 대비 피해부담 순위는 최하위권이다.",2026 파일의 인구는 2024년 12월 기준이고 피해액은 2015~2024년 누계이므로 2026년 단년 관측치로 해석하면 안 된다. 2024와 2026 파일의 시도별 인구·피해액 값이 동일하므로 연도 변화로 해석하지 않았다. 시군구 파일에는 주택·Z값·온실·소상공인 데이터가 없어 해당 지표 인사이트를 생성하지 않았다.
2026|시군구|전북|전주시|damage,2026,시군구,전북,전주시,원지표,damage,우심피해액,우심피해액(원),Y,2026년 전북 전주시의 원자료상 우심피해액은 0원으로 전북 14개 시군구 내 14위(최하위)다. 0원은 집계기간에 피해액이 기록되지 않았다는 의미이며 향후 재난위험이 없다는 뜻은 아니다.,2026 파일의 인구는 2024년 12월 기준이고 피해액은 2015~2024년 누계이므로 2026년 단년 관측치로 해석하면 안 된다. 2024와 2026 파일의 시도별 인구·피해액 값이 동일하므로 연도 변화로 해석하지 않았다. 시군구 파일에는 주택·Z값·온실·소상공인 데이터가 없어 해당 지표 인사이트를 생성하지 않았다.
2026|시군구|전북|전주시|population,2026,시군구,전북,전주시,원지표,population,인구수,인구수(건),Y,"2026년 전북 전주시의 인구는 635,651명으로 전북 14개 시군구 중 1위이며 전북 전체의 36.56%를 차지한다. 전북 14개 시군구 평균의 5.12배다.",2026 파일의 인구는 2024년 12월 기준이고 피해액은 2015~2024년 누계이므로 2026년 단년 관측치로 해석하면 안 된다. 2024와 2026 파일의 시도별 인구·피해액 값이 동일하므로 연도 변화로 해석하지 않았다. 시군구 파일에는 주택·Z값·온실·소상공인 데이터가 없어 해당 지표 인사이트를 생성하지 않았다.
2026|시군구|전북|전주시|damagePerCapita,2026,시군구,전북,전주시,파생지표,damagePerCapita,1인당 우심피해액,,N,"2026년 전북 전주시의 1인당 우심피해액은 0원으로 전북 14개 시군구 중 14위(최하위)다. 전북 전체 인구 기준 평균 1인당 피해액의 0.00배이며, 원자료상 피해액은 0원으로 기록되어 있다.",2026 파일의 인구는 2024년 12월 기준이고 피해액은 2015~2024년 누계이므로 2026년 단년 관측치로 해석하면 안 된다. 2024와 2026 파일의 시도별 인구·피해액 값이 동일하므로 연도 변화로 해석하지 않았다. 시군구 파일에는 주택·Z값·온실·소상공인 데이터가 없어 해당 지표 인사이트를 생성하지 않았다.
2026|시군구|전북|정읍시|overall,2026,시군구,전북,정읍시,종합,overall,종합 인사이트,,N,"2026년 전북 정읍시의 인구는 102,127명으로 전북 14개 시군구 중 4위다. 우심피해액은 39.4억 원(12위)이고, 1인당 피해액은 38,593원(12위)이며 피해비중은 인구비중의 0.26배다. 인구 규모 대비 피해 부담은 매우 낮게 나타난다.",2026 파일의 인구는 2024년 12월 기준이고 피해액은 2015~2024년 누계이므로 2026년 단년 관측치로 해석하면 안 된다. 2024와 2026 파일의 시도별 인구·피해액 값이 동일하므로 연도 변화로 해석하지 않았다. 시군구 파일에는 주택·Z값·온실·소상공인 데이터가 없어 해당 지표 인사이트를 생성하지 않았다.
2026|시군구|전북|정읍시|damage,2026,시군구,전북,정읍시,원지표,damage,우심피해액,우심피해액(원),Y,"2026년 전북 정읍시의 우심피해액은 39.4억 원으로, 전북 14개 시군구 중 12위이며 전북 전체의 1.55%다. 1인당 피해액은 38,593원이고 피해비중/인구비중은 0.26배다.",2026 파일의 인구는 2024년 12월 기준이고 피해액은 2015~2024년 누계이므로 2026년 단년 관측치로 해석하면 안 된다. 2024와 2026 파일의 시도별 인구·피해액 값이 동일하므로 연도 변화로 해석하지 않았다. 시군구 파일에는 주택·Z값·온실·소상공인 데이터가 없어 해당 지표 인사이트를 생성하지 않았다.
2026|시군구|전북|정읍시|population,2026,시군구,전북,정읍시,원지표,population,인구수,인구수(건),Y,"2026년 전북 정읍시의 인구는 102,127명으로 전북 14개 시군구 중 4위이며 전북 전체의 5.87%를 차지한다. 전북 14개 시군구 평균의 0.82배다.",2026 파일의 인구는 2024년 12월 기준이고 피해액은 2015~2024년 누계이므로 2026년 단년 관측치로 해석하면 안 된다. 2024와 2026 파일의 시도별 인구·피해액 값이 동일하므로 연도 변화로 해석하지 않았다. 시군구 파일에는 주택·Z값·온실·소상공인 데이터가 없어 해당 지표 인사이트를 생성하지 않았다.
2026|시군구|전북|정읍시|damagePerCapita,2026,시군구,전북,정읍시,파생지표,damagePerCapita,1인당 우심피해액,,N,"2026년 전북 정읍시의 1인당 우심피해액은 38,593원으로 전북 14개 시군구 중 12위다. 전북 전체 인구 기준 평균 1인당 피해액의 0.26배이며, 인구 규모 대비 피해 부담은 매우 낮게 나타난다.",2026 파일의 인구는 2024년 12월 기준이고 피해액은 2015~2024년 누계이므로 2026년 단년 관측치로 해석하면 안 된다. 2024와 2026 파일의 시도별 인구·피해액 값이 동일하므로 연도 변화로 해석하지 않았다. 시군구 파일에는 주택·Z값·온실·소상공인 데이터가 없어 해당 지표 인사이트를 생성하지 않았다.
2026|시군구|전북|진안군|overall,2026,시군구,전북,진안군,종합,overall,종합 인사이트,,N,"2026년 전북 진안군의 인구는 24,161명으로 전북 14개 시군구 중 12위다. 우심피해액은 123.6억 원(7위)이고, 1인당 피해액은 511,440원(6위)이며 피해비중은 인구비중의 3.50배다. 인구 규모에 비해 피해가 매우 크게 집중된 지역이다.",2026 파일의 인구는 2024년 12월 기준이고 피해액은 2015~2024년 누계이므로 2026년 단년 관측치로 해석하면 안 된다. 2024와 2026 파일의 시도별 인구·피해액 값이 동일하므로 연도 변화로 해석하지 않았다. 시군구 파일에는 주택·Z값·온실·소상공인 데이터가 없어 해당 지표 인사이트를 생성하지 않았다.
2026|시군구|전북|진안군|damage,2026,시군구,전북,진안군,원지표,damage,우심피해액,우심피해액(원),Y,"2026년 전북 진안군의 우심피해액은 123.6억 원으로, 전북 14개 시군구 중 7위이며 전북 전체의 4.87%다. 1인당 피해액은 511,440원이고 피해비중/인구비중은 3.50배다.",2026 파일의 인구는 2024년 12월 기준이고 피해액은 2015~2024년 누계이므로 2026년 단년 관측치로 해석하면 안 된다. 2024와 2026 파일의 시도별 인구·피해액 값이 동일하므로 연도 변화로 해석하지 않았다. 시군구 파일에는 주택·Z값·온실·소상공인 데이터가 없어 해당 지표 인사이트를 생성하지 않았다.
2026|시군구|전북|진안군|population,2026,시군구,전북,진안군,원지표,population,인구수,인구수(건),Y,"2026년 전북 진안군의 인구는 24,161명으로 전북 14개 시군구 중 12위이며 전북 전체의 1.39%를 차지한다. 전북 14개 시군구 평균의 0.19배다.",2026 파일의 인구는 2024년 12월 기준이고 피해액은 2015~2024년 누계이므로 2026년 단년 관측치로 해석하면 안 된다. 2024와 2026 파일의 시도별 인구·피해액 값이 동일하므로 연도 변화로 해석하지 않았다. 시군구 파일에는 주택·Z값·온실·소상공인 데이터가 없어 해당 지표 인사이트를 생성하지 않았다.
2026|시군구|전북|진안군|damagePerCapita,2026,시군구,전북,진안군,파생지표,damagePerCapita,1인당 우심피해액,,N,"2026년 전북 진안군의 1인당 우심피해액은 511,440원으로 전북 14개 시군구 중 6위다. 전북 전체 인구 기준 평균 1인당 피해액의 3.50배이며, 인구 규모에 비해 피해가 매우 크게 집중된 지역이다.",2026 파일의 인구는 2024년 12월 기준이고 피해액은 2015~2024년 누계이므로 2026년 단년 관측치로 해석하면 안 된다. 2024와 2026 파일의 시도별 인구·피해액 값이 동일하므로 연도 변화로 해석하지 않았다. 시군구 파일에는 주택·Z값·온실·소상공인 데이터가 없어 해당 지표 인사이트를 생성하지 않았다.
2026|시군구|전남|강진군|overall,2026,시군구,전남,강진군,종합,overall,종합 인사이트,,N,"2026년 전남 강진군의 인구는 32,189명으로 전남 22개 시군구 중 18위다. 우심피해액은 112.5억 원(8위)이고, 1인당 피해액은 349,549원(5위)이며 피해비중은 인구비중의 2.16배다. 인구 규모보다 피해 부담이 뚜렷하게 높은 편이다.",2026 파일의 인구는 2024년 12월 기준이고 피해액은 2015~2024년 누계이므로 2026년 단년 관측치로 해석하면 안 된다. 2024와 2026 파일의 시도별 인구·피해액 값이 동일하므로 연도 변화로 해석하지 않았다. 시군구 파일에는 주택·Z값·온실·소상공인 데이터가 없어 해당 지표 인사이트를 생성하지 않았다.
2026|시군구|전남|강진군|damage,2026,시군구,전남,강진군,원지표,damage,우심피해액,우심피해액(원),Y,"2026년 전남 강진군의 우심피해액은 112.5억 원으로, 전남 22개 시군구 중 8위이며 전남 전체의 3.88%다. 1인당 피해액은 349,549원이고 피해비중/인구비중은 2.16배다.",2026 파일의 인구는 2024년 12월 기준이고 피해액은 2015~2024년 누계이므로 2026년 단년 관측치로 해석하면 안 된다. 2024와 2026 파일의 시도별 인구·피해액 값이 동일하므로 연도 변화로 해석하지 않았다. 시군구 파일에는 주택·Z값·온실·소상공인 데이터가 없어 해당 지표 인사이트를 생성하지 않았다.
2026|시군구|전남|강진군|population,2026,시군구,전남,강진군,원지표,population,인구수,인구수(건),Y,"2026년 전남 강진군의 인구는 32,189명으로 전남 22개 시군구 중 18위이며 전남 전체의 1.80%를 차지한다. 전남 22개 시군구 평균의 0.40배다.",2026 파일의 인구는 2024년 12월 기준이고 피해액은 2015~2024년 누계이므로 2026년 단년 관측치로 해석하면 안 된다. 2024와 2026 파일의 시도별 인구·피해액 값이 동일하므로 연도 변화로 해석하지 않았다. 시군구 파일에는 주택·Z값·온실·소상공인 데이터가 없어 해당 지표 인사이트를 생성하지 않았다.
2026|시군구|전남|강진군|damagePerCapita,2026,시군구,전남,강진군,파생지표,damagePerCapita,1인당 우심피해액,,N,"2026년 전남 강진군의 1인당 우심피해액은 349,549원으로 전남 22개 시군구 중 5위다. 전남 전체 인구 기준 평균 1인당 피해액의 2.16배이며, 인구 규모보다 피해 부담이 뚜렷하게 높은 편이다.",2026 파일의 인구는 2024년 12월 기준이고 피해액은 2015~2024년 누계이므로 2026년 단년 관측치로 해석하면 안 된다. 2024와 2026 파일의 시도별 인구·피해액 값이 동일하므로 연도 변화로 해석하지 않았다. 시군구 파일에는 주택·Z값·온실·소상공인 데이터가 없어 해당 지표 인사이트를 생성하지 않았다.
2026|시군구|전남|고흥군|overall,2026,시군구,전남,고흥군,종합,overall,종합 인사이트,,N,"2026년 전남 고흥군의 인구는 60,190명으로 전남 22개 시군구 중 9위다. 우심피해액은 24.6억 원(20위)이고, 1인당 피해액은 40,850원(18위)이며 피해비중은 인구비중의 0.25배다. 인구 규모 대비 피해 부담은 매우 낮게 나타난다.",2026 파일의 인구는 2024년 12월 기준이고 피해액은 2015~2024년 누계이므로 2026년 단년 관측치로 해석하면 안 된다. 2024와 2026 파일의 시도별 인구·피해액 값이 동일하므로 연도 변화로 해석하지 않았다. 시군구 파일에는 주택·Z값·온실·소상공인 데이터가 없어 해당 지표 인사이트를 생성하지 않았다.
2026|시군구|전남|고흥군|damage,2026,시군구,전남,고흥군,원지표,damage,우심피해액,우심피해액(원),Y,"2026년 전남 고흥군의 우심피해액은 24.6억 원으로, 전남 22개 시군구 중 20위이며 전남 전체의 0.85%다. 1인당 피해액은 40,850원이고 피해비중/인구비중은 0.25배다.",2026 파일의 인구는 2024년 12월 기준이고 피해액은 2015~2024년 누계이므로 2026년 단년 관측치로 해석하면 안 된다. 2024와 2026 파일의 시도별 인구·피해액 값이 동일하므로 연도 변화로 해석하지 않았다. 시군구 파일에는 주택·Z값·온실·소상공인 데이터가 없어 해당 지표 인사이트를 생성하지 않았다.
2026|시군구|전남|고흥군|population,2026,시군구,전남,고흥군,원지표,population,인구수,인구수(건),Y,"2026년 전남 고흥군의 인구는 60,190명으로 전남 22개 시군구 중 9위이며 전남 전체의 3.36%를 차지한다. 전남 22개 시군구 평균의 0.74배다.",2026 파일의 인구는 2024년 12월 기준이고 피해액은 2015~2024년 누계이므로 2026년 단년 관측치로 해석하면 안 된다. 2024와 2026 파일의 시도별 인구·피해액 값이 동일하므로 연도 변화로 해석하지 않았다. 시군구 파일에는 주택·Z값·온실·소상공인 데이터가 없어 해당 지표 인사이트를 생성하지 않았다.
2026|시군구|전남|고흥군|damagePerCapita,2026,시군구,전남,고흥군,파생지표,damagePerCapita,1인당 우심피해액,,N,"2026년 전남 고흥군의 1인당 우심피해액은 40,850원으로 전남 22개 시군구 중 18위다. 전남 전체 인구 기준 평균 1인당 피해액의 0.25배이며, 인구 규모 대비 피해 부담은 매우 낮게 나타난다.",2026 파일의 인구는 2024년 12월 기준이고 피해액은 2015~2024년 누계이므로 2026년 단년 관측치로 해석하면 안 된다. 2024와 2026 파일의 시도별 인구·피해액 값이 동일하므로 연도 변화로 해석하지 않았다. 시군구 파일에는 주택·Z값·온실·소상공인 데이터가 없어 해당 지표 인사이트를 생성하지 않았다.
2026|시군구|전남|곡성군|overall,2026,시군구,전남,곡성군,종합,overall,종합 인사이트,,N,"2026년 전남 곡성군의 인구는 26,566명으로 전남 22개 시군구 중 21위다. 우심피해액은 295.2억 원(3위)이고, 1인당 피해액은 1,111,034원(3위)이며 피해비중은 인구비중의 6.85배다. 인구 규모에 비해 피해가 매우 크게 집중된 지역이다.",2026 파일의 인구는 2024년 12월 기준이고 피해액은 2015~2024년 누계이므로 2026년 단년 관측치로 해석하면 안 된다. 2024와 2026 파일의 시도별 인구·피해액 값이 동일하므로 연도 변화로 해석하지 않았다. 시군구 파일에는 주택·Z값·온실·소상공인 데이터가 없어 해당 지표 인사이트를 생성하지 않았다.
2026|시군구|전남|곡성군|damage,2026,시군구,전남,곡성군,원지표,damage,우심피해액,우심피해액(원),Y,"2026년 전남 곡성군의 우심피해액은 295.2억 원으로, 전남 22개 시군구 중 3위이며 전남 전체의 10.18%다. 1인당 피해액은 1,111,034원이고 피해비중/인구비중은 6.85배다.",2026 파일의 인구는 2024년 12월 기준이고 피해액은 2015~2024년 누계이므로 2026년 단년 관측치로 해석하면 안 된다. 2024와 2026 파일의 시도별 인구·피해액 값이 동일하므로 연도 변화로 해석하지 않았다. 시군구 파일에는 주택·Z값·온실·소상공인 데이터가 없어 해당 지표 인사이트를 생성하지 않았다.
2026|시군구|전남|곡성군|population,2026,시군구,전남,곡성군,원지표,population,인구수,인구수(건),Y,"2026년 전남 곡성군의 인구는 26,566명으로 전남 22개 시군구 중 21위이며 전남 전체의 1.49%를 차지한다. 전남 22개 시군구 평균의 0.33배다.",2026 파일의 인구는 2024년 12월 기준이고 피해액은 2015~2024년 누계이므로 2026년 단년 관측치로 해석하면 안 된다. 2024와 2026 파일의 시도별 인구·피해액 값이 동일하므로 연도 변화로 해석하지 않았다. 시군구 파일에는 주택·Z값·온실·소상공인 데이터가 없어 해당 지표 인사이트를 생성하지 않았다.
2026|시군구|전남|곡성군|damagePerCapita,2026,시군구,전남,곡성군,파생지표,damagePerCapita,1인당 우심피해액,,N,"2026년 전남 곡성군의 1인당 우심피해액은 1,111,034원으로 전남 22개 시군구 중 3위다. 전남 전체 인구 기준 평균 1인당 피해액의 6.85배이며, 인구 규모에 비해 피해가 매우 크게 집중된 지역이다.",2026 파일의 인구는 2024년 12월 기준이고 피해액은 2015~2024년 누계이므로 2026년 단년 관측치로 해석하면 안 된다. 2024와 2026 파일의 시도별 인구·피해액 값이 동일하므로 연도 변화로 해석하지 않았다. 시군구 파일에는 주택·Z값·온실·소상공인 데이터가 없어 해당 지표 인사이트를 생성하지 않았다.
2026|시군구|전남|광양시|overall,2026,시군구,전남,광양시,종합,overall,종합 인사이트,,N,"2026년 전남 광양시의 인구는 154,692명으로 전남 22개 시군구 중 4위다. 우심피해액은 64.7억 원(16위)이고, 1인당 피해액은 41,823원(17위)이며 피해비중은 인구비중의 0.26배다. 인구 규모 대비 피해 부담은 매우 낮게 나타난다.",2026 파일의 인구는 2024년 12월 기준이고 피해액은 2015~2024년 누계이므로 2026년 단년 관측치로 해석하면 안 된다. 2024와 2026 파일의 시도별 인구·피해액 값이 동일하므로 연도 변화로 해석하지 않았다. 시군구 파일에는 주택·Z값·온실·소상공인 데이터가 없어 해당 지표 인사이트를 생성하지 않았다.
2026|시군구|전남|광양시|damage,2026,시군구,전남,광양시,원지표,damage,우심피해액,우심피해액(원),Y,"2026년 전남 광양시의 우심피해액은 64.7억 원으로, 전남 22개 시군구 중 16위이며 전남 전체의 2.23%다. 1인당 피해액은 41,823원이고 피해비중/인구비중은 0.26배다.",2026 파일의 인구는 2024년 12월 기준이고 피해액은 2015~2024년 누계이므로 2026년 단년 관측치로 해석하면 안 된다. 2024와 2026 파일의 시도별 인구·피해액 값이 동일하므로 연도 변화로 해석하지 않았다. 시군구 파일에는 주택·Z값·온실·소상공인 데이터가 없어 해당 지표 인사이트를 생성하지 않았다.
2026|시군구|전남|광양시|population,2026,시군구,전남,광양시,원지표,population,인구수,인구수(건),Y,"2026년 전남 광양시의 인구는 154,692명으로 전남 22개 시군구 중 4위이며 전남 전체의 8.65%를 차지한다. 전남 22개 시군구 평균의 1.90배다.",2026 파일의 인구는 2024년 12월 기준이고 피해액은 2015~2024년 누계이므로 2026년 단년 관측치로 해석하면 안 된다. 2024와 2026 파일의 시도별 인구·피해액 값이 동일하므로 연도 변화로 해석하지 않았다. 시군구 파일에는 주택·Z값·온실·소상공인 데이터가 없어 해당 지표 인사이트를 생성하지 않았다.
2026|시군구|전남|광양시|damagePerCapita,2026,시군구,전남,광양시,파생지표,damagePerCapita,1인당 우심피해액,,N,"2026년 전남 광양시의 1인당 우심피해액은 41,823원으로 전남 22개 시군구 중 17위다. 전남 전체 인구 기준 평균 1인당 피해액의 0.26배이며, 인구 규모 대비 피해 부담은 매우 낮게 나타난다.",2026 파일의 인구는 2024년 12월 기준이고 피해액은 2015~2024년 누계이므로 2026년 단년 관측치로 해석하면 안 된다. 2024와 2026 파일의 시도별 인구·피해액 값이 동일하므로 연도 변화로 해석하지 않았다. 시군구 파일에는 주택·Z값·온실·소상공인 데이터가 없어 해당 지표 인사이트를 생성하지 않았다.
2026|시군구|전남|구례군|overall,2026,시군구,전남,구례군,종합,overall,종합 인사이트,,N,"2026년 전남 구례군의 인구는 24,025명으로 전남 22개 시군구 중 22위(최하위)다. 우심피해액은 418.7억 원(2위)이고, 1인당 피해액은 1,742,774원(1위)이며 피해비중은 인구비중의 10.75배다. 인구 규모에 비해 피해가 매우 크게 집중된 지역이다.",2026 파일의 인구는 2024년 12월 기준이고 피해액은 2015~2024년 누계이므로 2026년 단년 관측치로 해석하면 안 된다. 2024와 2026 파일의 시도별 인구·피해액 값이 동일하므로 연도 변화로 해석하지 않았다. 시군구 파일에는 주택·Z값·온실·소상공인 데이터가 없어 해당 지표 인사이트를 생성하지 않았다.
2026|시군구|전남|구례군|damage,2026,시군구,전남,구례군,원지표,damage,우심피해액,우심피해액(원),Y,"2026년 전남 구례군의 우심피해액은 418.7억 원으로, 전남 22개 시군구 중 2위이며 전남 전체의 14.44%다. 1인당 피해액은 1,742,774원이고 피해비중/인구비중은 10.75배다.",2026 파일의 인구는 2024년 12월 기준이고 피해액은 2015~2024년 누계이므로 2026년 단년 관측치로 해석하면 안 된다. 2024와 2026 파일의 시도별 인구·피해액 값이 동일하므로 연도 변화로 해석하지 않았다. 시군구 파일에는 주택·Z값·온실·소상공인 데이터가 없어 해당 지표 인사이트를 생성하지 않았다.
2026|시군구|전남|구례군|population,2026,시군구,전남,구례군,원지표,population,인구수,인구수(건),Y,"2026년 전남 구례군의 인구는 24,025명으로 전남 22개 시군구 중 22위(최하위)이며 전남 전체의 1.34%를 차지한다. 전남 22개 시군구 평균의 0.30배다.",2026 파일의 인구는 2024년 12월 기준이고 피해액은 2015~2024년 누계이므로 2026년 단년 관측치로 해석하면 안 된다. 2024와 2026 파일의 시도별 인구·피해액 값이 동일하므로 연도 변화로 해석하지 않았다. 시군구 파일에는 주택·Z값·온실·소상공인 데이터가 없어 해당 지표 인사이트를 생성하지 않았다.
2026|시군구|전남|구례군|damagePerCapita,2026,시군구,전남,구례군,파생지표,damagePerCapita,1인당 우심피해액,,N,"2026년 전남 구례군의 1인당 우심피해액은 1,742,774원으로 전남 22개 시군구 중 1위다. 전남 전체 인구 기준 평균 1인당 피해액의 10.75배이며, 인구 규모에 비해 피해가 매우 크게 집중된 지역이다.",2026 파일의 인구는 2024년 12월 기준이고 피해액은 2015~2024년 누계이므로 2026년 단년 관측치로 해석하면 안 된다. 2024와 2026 파일의 시도별 인구·피해액 값이 동일하므로 연도 변화로 해석하지 않았다. 시군구 파일에는 주택·Z값·온실·소상공인 데이터가 없어 해당 지표 인사이트를 생성하지 않았다.
2026|시군구|전남|나주시|overall,2026,시군구,전남,나주시,종합,overall,종합 인사이트,,N,"2026년 전남 나주시의 인구는 116,654명으로 전남 22개 시군구 중 5위다. 우심피해액은 154.4억 원(6위)이고, 1인당 피해액은 132,394원(15위)이며 피해비중은 인구비중의 0.82배다. 인구 비중과 피해 비중이 대체로 비슷한 수준이다.",2026 파일의 인구는 2024년 12월 기준이고 피해액은 2015~2024년 누계이므로 2026년 단년 관측치로 해석하면 안 된다. 2024와 2026 파일의 시도별 인구·피해액 값이 동일하므로 연도 변화로 해석하지 않았다. 시군구 파일에는 주택·Z값·온실·소상공인 데이터가 없어 해당 지표 인사이트를 생성하지 않았다.
2026|시군구|전남|나주시|damage,2026,시군구,전남,나주시,원지표,damage,우심피해액,우심피해액(원),Y,"2026년 전남 나주시의 우심피해액은 154.4억 원으로, 전남 22개 시군구 중 6위이며 전남 전체의 5.33%다. 1인당 피해액은 132,394원이고 피해비중/인구비중은 0.82배다.",2026 파일의 인구는 2024년 12월 기준이고 피해액은 2015~2024년 누계이므로 2026년 단년 관측치로 해석하면 안 된다. 2024와 2026 파일의 시도별 인구·피해액 값이 동일하므로 연도 변화로 해석하지 않았다. 시군구 파일에는 주택·Z값·온실·소상공인 데이터가 없어 해당 지표 인사이트를 생성하지 않았다.
2026|시군구|전남|나주시|population,2026,시군구,전남,나주시,원지표,population,인구수,인구수(건),Y,"2026년 전남 나주시의 인구는 116,654명으로 전남 22개 시군구 중 5위이며 전남 전체의 6.52%를 차지한다. 전남 22개 시군구 평균의 1.43배다.",2026 파일의 인구는 2024년 12월 기준이고 피해액은 2015~2024년 누계이므로 2026년 단년 관측치로 해석하면 안 된다. 2024와 2026 파일의 시도별 인구·피해액 값이 동일하므로 연도 변화로 해석하지 않았다. 시군구 파일에는 주택·Z값·온실·소상공인 데이터가 없어 해당 지표 인사이트를 생성하지 않았다.
2026|시군구|전남|나주시|damagePerCapita,2026,시군구,전남,나주시,파생지표,damagePerCapita,1인당 우심피해액,,N,"2026년 전남 나주시의 1인당 우심피해액은 132,394원으로 전남 22개 시군구 중 15위다. 전남 전체 인구 기준 평균 1인당 피해액의 0.82배이며, 인구 비중과 피해 비중이 대체로 비슷한 수준이다.",2026 파일의 인구는 2024년 12월 기준이고 피해액은 2015~2024년 누계이므로 2026년 단년 관측치로 해석하면 안 된다. 2024와 2026 파일의 시도별 인구·피해액 값이 동일하므로 연도 변화로 해석하지 않았다. 시군구 파일에는 주택·Z값·온실·소상공인 데이터가 없어 해당 지표 인사이트를 생성하지 않았다.
2026|시군구|전남|담양군|overall,2026,시군구,전남,담양군,종합,overall,종합 인사이트,,N,"2026년 전남 담양군의 인구는 44,623명으로 전남 22개 시군구 중 13위다. 우심피해액은 506.0억 원(1위)이고, 1인당 피해액은 1,133,860원(2위)이며 피해비중은 인구비중의 6.99배다. 인구 규모에 비해 피해가 매우 크게 집중된 지역이다.",2026 파일의 인구는 2024년 12월 기준이고 피해액은 2015~2024년 누계이므로 2026년 단년 관측치로 해석하면 안 된다. 2024와 2026 파일의 시도별 인구·피해액 값이 동일하므로 연도 변화로 해석하지 않았다. 시군구 파일에는 주택·Z값·온실·소상공인 데이터가 없어 해당 지표 인사이트를 생성하지 않았다.
2026|시군구|전남|담양군|damage,2026,시군구,전남,담양군,원지표,damage,우심피해액,우심피해액(원),Y,"2026년 전남 담양군의 우심피해액은 506.0억 원으로, 전남 22개 시군구 중 1위이며 전남 전체의 17.45%다. 1인당 피해액은 1,133,860원이고 피해비중/인구비중은 6.99배다.",2026 파일의 인구는 2024년 12월 기준이고 피해액은 2015~2024년 누계이므로 2026년 단년 관측치로 해석하면 안 된다. 2024와 2026 파일의 시도별 인구·피해액 값이 동일하므로 연도 변화로 해석하지 않았다. 시군구 파일에는 주택·Z값·온실·소상공인 데이터가 없어 해당 지표 인사이트를 생성하지 않았다.
2026|시군구|전남|담양군|population,2026,시군구,전남,담양군,원지표,population,인구수,인구수(건),Y,"2026년 전남 담양군의 인구는 44,623명으로 전남 22개 시군구 중 13위이며 전남 전체의 2.49%를 차지한다. 전남 22개 시군구 평균의 0.55배다.",2026 파일의 인구는 2024년 12월 기준이고 피해액은 2015~2024년 누계이므로 2026년 단년 관측치로 해석하면 안 된다. 2024와 2026 파일의 시도별 인구·피해액 값이 동일하므로 연도 변화로 해석하지 않았다. 시군구 파일에는 주택·Z값·온실·소상공인 데이터가 없어 해당 지표 인사이트를 생성하지 않았다.
2026|시군구|전남|담양군|damagePerCapita,2026,시군구,전남,담양군,파생지표,damagePerCapita,1인당 우심피해액,,N,"2026년 전남 담양군의 1인당 우심피해액은 1,133,860원으로 전남 22개 시군구 중 2위다. 전남 전체 인구 기준 평균 1인당 피해액의 6.99배이며, 인구 규모에 비해 피해가 매우 크게 집중된 지역이다.",2026 파일의 인구는 2024년 12월 기준이고 피해액은 2015~2024년 누계이므로 2026년 단년 관측치로 해석하면 안 된다. 2024와 2026 파일의 시도별 인구·피해액 값이 동일하므로 연도 변화로 해석하지 않았다. 시군구 파일에는 주택·Z값·온실·소상공인 데이터가 없어 해당 지표 인사이트를 생성하지 않았다.
2026|시군구|전남|목포시|overall,2026,시군구,전남,목포시,종합,overall,종합 인사이트,,N,"2026년 전남 목포시의 인구는 209,890명으로 전남 22개 시군구 중 3위이며 전남 인구의 11.73%다. 원자료상 우심피해액은 0원으로 기록되어 있으며, 다른 시군구 대비 피해부담 순위는 최하위권이다.",2026 파일의 인구는 2024년 12월 기준이고 피해액은 2015~2024년 누계이므로 2026년 단년 관측치로 해석하면 안 된다. 2024와 2026 파일의 시도별 인구·피해액 값이 동일하므로 연도 변화로 해석하지 않았다. 시군구 파일에는 주택·Z값·온실·소상공인 데이터가 없어 해당 지표 인사이트를 생성하지 않았다.
2026|시군구|전남|목포시|damage,2026,시군구,전남,목포시,원지표,damage,우심피해액,우심피해액(원),Y,2026년 전남 목포시의 원자료상 우심피해액은 0원으로 전남 22개 시군구 내 공동 최하위다. 0원은 집계기간에 피해액이 기록되지 않았다는 의미이며 향후 재난위험이 없다는 뜻은 아니다.,2026 파일의 인구는 2024년 12월 기준이고 피해액은 2015~2024년 누계이므로 2026년 단년 관측치로 해석하면 안 된다. 2024와 2026 파일의 시도별 인구·피해액 값이 동일하므로 연도 변화로 해석하지 않았다. 시군구 파일에는 주택·Z값·온실·소상공인 데이터가 없어 해당 지표 인사이트를 생성하지 않았다.
2026|시군구|전남|목포시|population,2026,시군구,전남,목포시,원지표,population,인구수,인구수(건),Y,"2026년 전남 목포시의 인구는 209,890명으로 전남 22개 시군구 중 3위이며 전남 전체의 11.73%를 차지한다. 전남 22개 시군구 평균의 2.58배다.",2026 파일의 인구는 2024년 12월 기준이고 피해액은 2015~2024년 누계이므로 2026년 단년 관측치로 해석하면 안 된다. 2024와 2026 파일의 시도별 인구·피해액 값이 동일하므로 연도 변화로 해석하지 않았다. 시군구 파일에는 주택·Z값·온실·소상공인 데이터가 없어 해당 지표 인사이트를 생성하지 않았다.
2026|시군구|전남|목포시|damagePerCapita,2026,시군구,전남,목포시,파생지표,damagePerCapita,1인당 우심피해액,,N,"2026년 전남 목포시의 1인당 우심피해액은 0원으로 전남 22개 시군구 중 공동 최하위다. 전남 전체 인구 기준 평균 1인당 피해액의 0.00배이며, 원자료상 피해액은 0원으로 기록되어 있다.",2026 파일의 인구는 2024년 12월 기준이고 피해액은 2015~2024년 누계이므로 2026년 단년 관측치로 해석하면 안 된다. 2024와 2026 파일의 시도별 인구·피해액 값이 동일하므로 연도 변화로 해석하지 않았다. 시군구 파일에는 주택·Z값·온실·소상공인 데이터가 없어 해당 지표 인사이트를 생성하지 않았다.
2026|시군구|전남|무안군|overall,2026,시군구,전남,무안군,종합,overall,종합 인사이트,,N,"2026년 전남 무안군의 인구는 92,687명으로 전남 22개 시군구 중 6위이며 전남 인구의 5.18%다. 원자료상 우심피해액은 0원으로 기록되어 있으며, 다른 시군구 대비 피해부담 순위는 최하위권이다.",2026 파일의 인구는 2024년 12월 기준이고 피해액은 2015~2024년 누계이므로 2026년 단년 관측치로 해석하면 안 된다. 2024와 2026 파일의 시도별 인구·피해액 값이 동일하므로 연도 변화로 해석하지 않았다. 시군구 파일에는 주택·Z값·온실·소상공인 데이터가 없어 해당 지표 인사이트를 생성하지 않았다.
2026|시군구|전남|무안군|damage,2026,시군구,전남,무안군,원지표,damage,우심피해액,우심피해액(원),Y,2026년 전남 무안군의 원자료상 우심피해액은 0원으로 전남 22개 시군구 내 공동 최하위다. 0원은 집계기간에 피해액이 기록되지 않았다는 의미이며 향후 재난위험이 없다는 뜻은 아니다.,2026 파일의 인구는 2024년 12월 기준이고 피해액은 2015~2024년 누계이므로 2026년 단년 관측치로 해석하면 안 된다. 2024와 2026 파일의 시도별 인구·피해액 값이 동일하므로 연도 변화로 해석하지 않았다. 시군구 파일에는 주택·Z값·온실·소상공인 데이터가 없어 해당 지표 인사이트를 생성하지 않았다.
2026|시군구|전남|무안군|population,2026,시군구,전남,무안군,원지표,population,인구수,인구수(건),Y,"2026년 전남 무안군의 인구는 92,687명으로 전남 22개 시군구 중 6위이며 전남 전체의 5.18%를 차지한다. 전남 22개 시군구 평균의 1.14배다.",2026 파일의 인구는 2024년 12월 기준이고 피해액은 2015~2024년 누계이므로 2026년 단년 관측치로 해석하면 안 된다. 2024와 2026 파일의 시도별 인구·피해액 값이 동일하므로 연도 변화로 해석하지 않았다. 시군구 파일에는 주택·Z값·온실·소상공인 데이터가 없어 해당 지표 인사이트를 생성하지 않았다.
2026|시군구|전남|무안군|damagePerCapita,2026,시군구,전남,무안군,파생지표,damagePerCapita,1인당 우심피해액,,N,"2026년 전남 무안군의 1인당 우심피해액은 0원으로 전남 22개 시군구 중 공동 최하위다. 전남 전체 인구 기준 평균 1인당 피해액의 0.00배이며, 원자료상 피해액은 0원으로 기록되어 있다.",2026 파일의 인구는 2024년 12월 기준이고 피해액은 2015~2024년 누계이므로 2026년 단년 관측치로 해석하면 안 된다. 2024와 2026 파일의 시도별 인구·피해액 값이 동일하므로 연도 변화로 해석하지 않았다. 시군구 파일에는 주택·Z값·온실·소상공인 데이터가 없어 해당 지표 인사이트를 생성하지 않았다.
2026|시군구|전남|보성군|overall,2026,시군구,전남,보성군,종합,overall,종합 인사이트,,N,"2026년 전남 보성군의 인구는 37,045명으로 전남 22개 시군구 중 16위다. 우심피해액은 28.1억 원(19위)이고, 1인당 피해액은 75,871원(16위)이며 피해비중은 인구비중의 0.47배다. 인구 규모 대비 피해 부담은 낮은 편이다.",2026 파일의 인구는 2024년 12월 기준이고 피해액은 2015~2024년 누계이므로 2026년 단년 관측치로 해석하면 안 된다. 2024와 2026 파일의 시도별 인구·피해액 값이 동일하므로 연도 변화로 해석하지 않았다. 시군구 파일에는 주택·Z값·온실·소상공인 데이터가 없어 해당 지표 인사이트를 생성하지 않았다.
2026|시군구|전남|보성군|damage,2026,시군구,전남,보성군,원지표,damage,우심피해액,우심피해액(원),Y,"2026년 전남 보성군의 우심피해액은 28.1억 원으로, 전남 22개 시군구 중 19위이며 전남 전체의 0.97%다. 1인당 피해액은 75,871원이고 피해비중/인구비중은 0.47배다.",2026 파일의 인구는 2024년 12월 기준이고 피해액은 2015~2024년 누계이므로 2026년 단년 관측치로 해석하면 안 된다. 2024와 2026 파일의 시도별 인구·피해액 값이 동일하므로 연도 변화로 해석하지 않았다. 시군구 파일에는 주택·Z값·온실·소상공인 데이터가 없어 해당 지표 인사이트를 생성하지 않았다.
2026|시군구|전남|보성군|population,2026,시군구,전남,보성군,원지표,population,인구수,인구수(건),Y,"2026년 전남 보성군의 인구는 37,045명으로 전남 22개 시군구 중 16위이며 전남 전체의 2.07%를 차지한다. 전남 22개 시군구 평균의 0.46배다.",2026 파일의 인구는 2024년 12월 기준이고 피해액은 2015~2024년 누계이므로 2026년 단년 관측치로 해석하면 안 된다. 2024와 2026 파일의 시도별 인구·피해액 값이 동일하므로 연도 변화로 해석하지 않았다. 시군구 파일에는 주택·Z값·온실·소상공인 데이터가 없어 해당 지표 인사이트를 생성하지 않았다.
2026|시군구|전남|보성군|damagePerCapita,2026,시군구,전남,보성군,파생지표,damagePerCapita,1인당 우심피해액,,N,"2026년 전남 보성군의 1인당 우심피해액은 75,871원으로 전남 22개 시군구 중 16위다. 전남 전체 인구 기준 평균 1인당 피해액의 0.47배이며, 인구 규모 대비 피해 부담은 낮은 편이다.",2026 파일의 인구는 2024년 12월 기준이고 피해액은 2015~2024년 누계이므로 2026년 단년 관측치로 해석하면 안 된다. 2024와 2026 파일의 시도별 인구·피해액 값이 동일하므로 연도 변화로 해석하지 않았다. 시군구 파일에는 주택·Z값·온실·소상공인 데이터가 없어 해당 지표 인사이트를 생성하지 않았다.
2026|시군구|전남|순천시|overall,2026,시군구,전남,순천시,종합,overall,종합 인사이트,,N,"2026년 전남 순천시의 인구는 276,329명으로 전남 22개 시군구 중 1위다. 우심피해액은 37.9억 원(17위)이고, 1인당 피해액은 13,731원(19위)이며 피해비중은 인구비중의 0.08배다. 인구 규모 대비 피해 부담은 매우 낮게 나타난다.",2026 파일의 인구는 2024년 12월 기준이고 피해액은 2015~2024년 누계이므로 2026년 단년 관측치로 해석하면 안 된다. 2024와 2026 파일의 시도별 인구·피해액 값이 동일하므로 연도 변화로 해석하지 않았다. 시군구 파일에는 주택·Z값·온실·소상공인 데이터가 없어 해당 지표 인사이트를 생성하지 않았다.
2026|시군구|전남|순천시|damage,2026,시군구,전남,순천시,원지표,damage,우심피해액,우심피해액(원),Y,"2026년 전남 순천시의 우심피해액은 37.9억 원으로, 전남 22개 시군구 중 17위이며 전남 전체의 1.31%다. 1인당 피해액은 13,731원이고 피해비중/인구비중은 0.08배다.",2026 파일의 인구는 2024년 12월 기준이고 피해액은 2015~2024년 누계이므로 2026년 단년 관측치로 해석하면 안 된다. 2024와 2026 파일의 시도별 인구·피해액 값이 동일하므로 연도 변화로 해석하지 않았다. 시군구 파일에는 주택·Z값·온실·소상공인 데이터가 없어 해당 지표 인사이트를 생성하지 않았다.
2026|시군구|전남|순천시|population,2026,시군구,전남,순천시,원지표,population,인구수,인구수(건),Y,"2026년 전남 순천시의 인구는 276,329명으로 전남 22개 시군구 중 1위이며 전남 전체의 15.45%를 차지한다. 전남 22개 시군구 평균의 3.40배다.",2026 파일의 인구는 2024년 12월 기준이고 피해액은 2015~2024년 누계이므로 2026년 단년 관측치로 해석하면 안 된다. 2024와 2026 파일의 시도별 인구·피해액 값이 동일하므로 연도 변화로 해석하지 않았다. 시군구 파일에는 주택·Z값·온실·소상공인 데이터가 없어 해당 지표 인사이트를 생성하지 않았다.
2026|시군구|전남|순천시|damagePerCapita,2026,시군구,전남,순천시,파생지표,damagePerCapita,1인당 우심피해액,,N,"2026년 전남 순천시의 1인당 우심피해액은 13,731원으로 전남 22개 시군구 중 19위다. 전남 전체 인구 기준 평균 1인당 피해액의 0.08배이며, 인구 규모 대비 피해 부담은 매우 낮게 나타난다.",2026 파일의 인구는 2024년 12월 기준이고 피해액은 2015~2024년 누계이므로 2026년 단년 관측치로 해석하면 안 된다. 2024와 2026 파일의 시도별 인구·피해액 값이 동일하므로 연도 변화로 해석하지 않았다. 시군구 파일에는 주택·Z값·온실·소상공인 데이터가 없어 해당 지표 인사이트를 생성하지 않았다.
2026|시군구|전남|신안군|overall,2026,시군구,전남,신안군,종합,overall,종합 인사이트,,N,"2026년 전남 신안군의 인구는 38,173명으로 전남 22개 시군구 중 15위다. 우심피해액은 111.3억 원(9위)이고, 1인당 피해액은 291,588원(8위)이며 피해비중은 인구비중의 1.80배다. 인구 규모보다 피해 부담이 뚜렷하게 높은 편이다.",2026 파일의 인구는 2024년 12월 기준이고 피해액은 2015~2024년 누계이므로 2026년 단년 관측치로 해석하면 안 된다. 2024와 2026 파일의 시도별 인구·피해액 값이 동일하므로 연도 변화로 해석하지 않았다. 시군구 파일에는 주택·Z값·온실·소상공인 데이터가 없어 해당 지표 인사이트를 생성하지 않았다.
2026|시군구|전남|신안군|damage,2026,시군구,전남,신안군,원지표,damage,우심피해액,우심피해액(원),Y,"2026년 전남 신안군의 우심피해액은 111.3억 원으로, 전남 22개 시군구 중 9위이며 전남 전체의 3.84%다. 1인당 피해액은 291,588원이고 피해비중/인구비중은 1.80배다.",2026 파일의 인구는 2024년 12월 기준이고 피해액은 2015~2024년 누계이므로 2026년 단년 관측치로 해석하면 안 된다. 2024와 2026 파일의 시도별 인구·피해액 값이 동일하므로 연도 변화로 해석하지 않았다. 시군구 파일에는 주택·Z값·온실·소상공인 데이터가 없어 해당 지표 인사이트를 생성하지 않았다.
2026|시군구|전남|신안군|population,2026,시군구,전남,신안군,원지표,population,인구수,인구수(건),Y,"2026년 전남 신안군의 인구는 38,173명으로 전남 22개 시군구 중 15위이며 전남 전체의 2.13%를 차지한다. 전남 22개 시군구 평균의 0.47배다.",2026 파일의 인구는 2024년 12월 기준이고 피해액은 2015~2024년 누계이므로 2026년 단년 관측치로 해석하면 안 된다. 2024와 2026 파일의 시도별 인구·피해액 값이 동일하므로 연도 변화로 해석하지 않았다. 시군구 파일에는 주택·Z값·온실·소상공인 데이터가 없어 해당 지표 인사이트를 생성하지 않았다.
2026|시군구|전남|신안군|damagePerCapita,2026,시군구,전남,신안군,파생지표,damagePerCapita,1인당 우심피해액,,N,"2026년 전남 신안군의 1인당 우심피해액은 291,588원으로 전남 22개 시군구 중 8위다. 전남 전체 인구 기준 평균 1인당 피해액의 1.80배이며, 인구 규모보다 피해 부담이 뚜렷하게 높은 편이다.",2026 파일의 인구는 2024년 12월 기준이고 피해액은 2015~2024년 누계이므로 2026년 단년 관측치로 해석하면 안 된다. 2024와 2026 파일의 시도별 인구·피해액 값이 동일하므로 연도 변화로 해석하지 않았다. 시군구 파일에는 주택·Z값·온실·소상공인 데이터가 없어 해당 지표 인사이트를 생성하지 않았다.
2026|시군구|전남|여수시|overall,2026,시군구,전남,여수시,종합,overall,종합 인사이트,,N,"2026년 전남 여수시의 인구는 267,816명으로 전남 22개 시군구 중 2위다. 우심피해액은 34.5억 원(18위)이고, 1인당 피해액은 12,889원(20위)이며 피해비중은 인구비중의 0.08배다. 인구 규모 대비 피해 부담은 매우 낮게 나타난다.",2026 파일의 인구는 2024년 12월 기준이고 피해액은 2015~2024년 누계이므로 2026년 단년 관측치로 해석하면 안 된다. 2024와 2026 파일의 시도별 인구·피해액 값이 동일하므로 연도 변화로 해석하지 않았다. 시군구 파일에는 주택·Z값·온실·소상공인 데이터가 없어 해당 지표 인사이트를 생성하지 않았다.
2026|시군구|전남|여수시|damage,2026,시군구,전남,여수시,원지표,damage,우심피해액,우심피해액(원),Y,"2026년 전남 여수시의 우심피해액은 34.5억 원으로, 전남 22개 시군구 중 18위이며 전남 전체의 1.19%다. 1인당 피해액은 12,889원이고 피해비중/인구비중은 0.08배다.",2026 파일의 인구는 2024년 12월 기준이고 피해액은 2015~2024년 누계이므로 2026년 단년 관측치로 해석하면 안 된다. 2024와 2026 파일의 시도별 인구·피해액 값이 동일하므로 연도 변화로 해석하지 않았다. 시군구 파일에는 주택·Z값·온실·소상공인 데이터가 없어 해당 지표 인사이트를 생성하지 않았다.
2026|시군구|전남|여수시|population,2026,시군구,전남,여수시,원지표,population,인구수,인구수(건),Y,"2026년 전남 여수시의 인구는 267,816명으로 전남 22개 시군구 중 2위이며 전남 전체의 14.97%를 차지한다. 전남 22개 시군구 평균의 3.29배다.",2026 파일의 인구는 2024년 12월 기준이고 피해액은 2015~2024년 누계이므로 2026년 단년 관측치로 해석하면 안 된다. 2024와 2026 파일의 시도별 인구·피해액 값이 동일하므로 연도 변화로 해석하지 않았다. 시군구 파일에는 주택·Z값·온실·소상공인 데이터가 없어 해당 지표 인사이트를 생성하지 않았다.
2026|시군구|전남|여수시|damagePerCapita,2026,시군구,전남,여수시,파생지표,damagePerCapita,1인당 우심피해액,,N,"2026년 전남 여수시의 1인당 우심피해액은 12,889원으로 전남 22개 시군구 중 20위다. 전남 전체 인구 기준 평균 1인당 피해액의 0.08배이며, 인구 규모 대비 피해 부담은 매우 낮게 나타난다.",2026 파일의 인구는 2024년 12월 기준이고 피해액은 2015~2024년 누계이므로 2026년 단년 관측치로 해석하면 안 된다. 2024와 2026 파일의 시도별 인구·피해액 값이 동일하므로 연도 변화로 해석하지 않았다. 시군구 파일에는 주택·Z값·온실·소상공인 데이터가 없어 해당 지표 인사이트를 생성하지 않았다.
2026|시군구|전남|영광군|overall,2026,시군구,전남,영광군,종합,overall,종합 인사이트,,N,"2026년 전남 영광군의 인구는 52,098명으로 전남 22개 시군구 중 10위다. 우심피해액은 91.5억 원(12위)이고, 1인당 피해액은 175,614원(13위)이며 피해비중은 인구비중의 1.08배다. 인구 비중과 피해 비중이 대체로 비슷한 수준이다.",2026 파일의 인구는 2024년 12월 기준이고 피해액은 2015~2024년 누계이므로 2026년 단년 관측치로 해석하면 안 된다. 2024와 2026 파일의 시도별 인구·피해액 값이 동일하므로 연도 변화로 해석하지 않았다. 시군구 파일에는 주택·Z값·온실·소상공인 데이터가 없어 해당 지표 인사이트를 생성하지 않았다.
2026|시군구|전남|영광군|damage,2026,시군구,전남,영광군,원지표,damage,우심피해액,우심피해액(원),Y,"2026년 전남 영광군의 우심피해액은 91.5억 원으로, 전남 22개 시군구 중 12위이며 전남 전체의 3.15%다. 1인당 피해액은 175,614원이고 피해비중/인구비중은 1.08배다.",2026 파일의 인구는 2024년 12월 기준이고 피해액은 2015~2024년 누계이므로 2026년 단년 관측치로 해석하면 안 된다. 2024와 2026 파일의 시도별 인구·피해액 값이 동일하므로 연도 변화로 해석하지 않았다. 시군구 파일에는 주택·Z값·온실·소상공인 데이터가 없어 해당 지표 인사이트를 생성하지 않았다.
2026|시군구|전남|영광군|population,2026,시군구,전남,영광군,원지표,population,인구수,인구수(건),Y,"2026년 전남 영광군의 인구는 52,098명으로 전남 22개 시군구 중 10위이며 전남 전체의 2.91%를 차지한다. 전남 22개 시군구 평균의 0.64배다.",2026 파일의 인구는 2024년 12월 기준이고 피해액은 2015~2024년 누계이므로 2026년 단년 관측치로 해석하면 안 된다. 2024와 2026 파일의 시도별 인구·피해액 값이 동일하므로 연도 변화로 해석하지 않았다. 시군구 파일에는 주택·Z값·온실·소상공인 데이터가 없어 해당 지표 인사이트를 생성하지 않았다.
2026|시군구|전남|영광군|damagePerCapita,2026,시군구,전남,영광군,파생지표,damagePerCapita,1인당 우심피해액,,N,"2026년 전남 영광군의 1인당 우심피해액은 175,614원으로 전남 22개 시군구 중 13위다. 전남 전체 인구 기준 평균 1인당 피해액의 1.08배이며, 인구 비중과 피해 비중이 대체로 비슷한 수준이다.",2026 파일의 인구는 2024년 12월 기준이고 피해액은 2015~2024년 누계이므로 2026년 단년 관측치로 해석하면 안 된다. 2024와 2026 파일의 시도별 인구·피해액 값이 동일하므로 연도 변화로 해석하지 않았다. 시군구 파일에는 주택·Z값·온실·소상공인 데이터가 없어 해당 지표 인사이트를 생성하지 않았다.
2026|시군구|전남|영암군|overall,2026,시군구,전남,영암군,종합,overall,종합 인사이트,,N,"2026년 전남 영암군의 인구는 51,391명으로 전남 22개 시군구 중 11위다. 우심피해액은 106.1억 원(11위)이고, 1인당 피해액은 206,499원(12위)이며 피해비중은 인구비중의 1.27배다. 인구 비중과 피해 비중이 대체로 비슷한 수준이다.",2026 파일의 인구는 2024년 12월 기준이고 피해액은 2015~2024년 누계이므로 2026년 단년 관측치로 해석하면 안 된다. 2024와 2026 파일의 시도별 인구·피해액 값이 동일하므로 연도 변화로 해석하지 않았다. 시군구 파일에는 주택·Z값·온실·소상공인 데이터가 없어 해당 지표 인사이트를 생성하지 않았다.
2026|시군구|전남|영암군|damage,2026,시군구,전남,영암군,원지표,damage,우심피해액,우심피해액(원),Y,"2026년 전남 영암군의 우심피해액은 106.1억 원으로, 전남 22개 시군구 중 11위이며 전남 전체의 3.66%다. 1인당 피해액은 206,499원이고 피해비중/인구비중은 1.27배다.",2026 파일의 인구는 2024년 12월 기준이고 피해액은 2015~2024년 누계이므로 2026년 단년 관측치로 해석하면 안 된다. 2024와 2026 파일의 시도별 인구·피해액 값이 동일하므로 연도 변화로 해석하지 않았다. 시군구 파일에는 주택·Z값·온실·소상공인 데이터가 없어 해당 지표 인사이트를 생성하지 않았다.
2026|시군구|전남|영암군|population,2026,시군구,전남,영암군,원지표,population,인구수,인구수(건),Y,"2026년 전남 영암군의 인구는 51,391명으로 전남 22개 시군구 중 11위이며 전남 전체의 2.87%를 차지한다. 전남 22개 시군구 평균의 0.63배다.",2026 파일의 인구는 2024년 12월 기준이고 피해액은 2015~2024년 누계이므로 2026년 단년 관측치로 해석하면 안 된다. 2024와 2026 파일의 시도별 인구·피해액 값이 동일하므로 연도 변화로 해석하지 않았다. 시군구 파일에는 주택·Z값·온실·소상공인 데이터가 없어 해당 지표 인사이트를 생성하지 않았다.
2026|시군구|전남|영암군|damagePerCapita,2026,시군구,전남,영암군,파생지표,damagePerCapita,1인당 우심피해액,,N,"2026년 전남 영암군의 1인당 우심피해액은 206,499원으로 전남 22개 시군구 중 12위다. 전남 전체 인구 기준 평균 1인당 피해액의 1.27배이며, 인구 비중과 피해 비중이 대체로 비슷한 수준이다.",2026 파일의 인구는 2024년 12월 기준이고 피해액은 2015~2024년 누계이므로 2026년 단년 관측치로 해석하면 안 된다. 2024와 2026 파일의 시도별 인구·피해액 값이 동일하므로 연도 변화로 해석하지 않았다. 시군구 파일에는 주택·Z값·온실·소상공인 데이터가 없어 해당 지표 인사이트를 생성하지 않았다.
2026|시군구|전남|완도군|overall,2026,시군구,전남,완도군,종합,overall,종합 인사이트,,N,"2026년 전남 완도군의 인구는 45,631명으로 전남 22개 시군구 중 12위다. 우심피해액은 71.7억 원(14위)이고, 1인당 피해액은 157,134원(14위)이며 피해비중은 인구비중의 0.97배다. 인구 비중과 피해 비중이 대체로 비슷한 수준이다.",2026 파일의 인구는 2024년 12월 기준이고 피해액은 2015~2024년 누계이므로 2026년 단년 관측치로 해석하면 안 된다. 2024와 2026 파일의 시도별 인구·피해액 값이 동일하므로 연도 변화로 해석하지 않았다. 시군구 파일에는 주택·Z값·온실·소상공인 데이터가 없어 해당 지표 인사이트를 생성하지 않았다.
2026|시군구|전남|완도군|damage,2026,시군구,전남,완도군,원지표,damage,우심피해액,우심피해액(원),Y,"2026년 전남 완도군의 우심피해액은 71.7억 원으로, 전남 22개 시군구 중 14위이며 전남 전체의 2.47%다. 1인당 피해액은 157,134원이고 피해비중/인구비중은 0.97배다.",2026 파일의 인구는 2024년 12월 기준이고 피해액은 2015~2024년 누계이므로 2026년 단년 관측치로 해석하면 안 된다. 2024와 2026 파일의 시도별 인구·피해액 값이 동일하므로 연도 변화로 해석하지 않았다. 시군구 파일에는 주택·Z값·온실·소상공인 데이터가 없어 해당 지표 인사이트를 생성하지 않았다.
2026|시군구|전남|완도군|population,2026,시군구,전남,완도군,원지표,population,인구수,인구수(건),Y,"2026년 전남 완도군의 인구는 45,631명으로 전남 22개 시군구 중 12위이며 전남 전체의 2.55%를 차지한다. 전남 22개 시군구 평균의 0.56배다.",2026 파일의 인구는 2024년 12월 기준이고 피해액은 2015~2024년 누계이므로 2026년 단년 관측치로 해석하면 안 된다. 2024와 2026 파일의 시도별 인구·피해액 값이 동일하므로 연도 변화로 해석하지 않았다. 시군구 파일에는 주택·Z값·온실·소상공인 데이터가 없어 해당 지표 인사이트를 생성하지 않았다.
2026|시군구|전남|완도군|damagePerCapita,2026,시군구,전남,완도군,파생지표,damagePerCapita,1인당 우심피해액,,N,"2026년 전남 완도군의 1인당 우심피해액은 157,134원으로 전남 22개 시군구 중 14위다. 전남 전체 인구 기준 평균 1인당 피해액의 0.97배이며, 인구 비중과 피해 비중이 대체로 비슷한 수준이다.",2026 파일의 인구는 2024년 12월 기준이고 피해액은 2015~2024년 누계이므로 2026년 단년 관측치로 해석하면 안 된다. 2024와 2026 파일의 시도별 인구·피해액 값이 동일하므로 연도 변화로 해석하지 않았다. 시군구 파일에는 주택·Z값·온실·소상공인 데이터가 없어 해당 지표 인사이트를 생성하지 않았다.
2026|시군구|전남|장성군|overall,2026,시군구,전남,장성군,종합,overall,종합 인사이트,,N,"2026년 전남 장성군의 인구는 42,026명으로 전남 22개 시군구 중 14위다. 우심피해액은 248.3억 원(4위)이고, 1인당 피해액은 590,842원(4위)이며 피해비중은 인구비중의 3.64배다. 인구 규모에 비해 피해가 매우 크게 집중된 지역이다.",2026 파일의 인구는 2024년 12월 기준이고 피해액은 2015~2024년 누계이므로 2026년 단년 관측치로 해석하면 안 된다. 2024와 2026 파일의 시도별 인구·피해액 값이 동일하므로 연도 변화로 해석하지 않았다. 시군구 파일에는 주택·Z값·온실·소상공인 데이터가 없어 해당 지표 인사이트를 생성하지 않았다.
2026|시군구|전남|장성군|damage,2026,시군구,전남,장성군,원지표,damage,우심피해액,우심피해액(원),Y,"2026년 전남 장성군의 우심피해액은 248.3억 원으로, 전남 22개 시군구 중 4위이며 전남 전체의 8.56%다. 1인당 피해액은 590,842원이고 피해비중/인구비중은 3.64배다.",2026 파일의 인구는 2024년 12월 기준이고 피해액은 2015~2024년 누계이므로 2026년 단년 관측치로 해석하면 안 된다. 2024와 2026 파일의 시도별 인구·피해액 값이 동일하므로 연도 변화로 해석하지 않았다. 시군구 파일에는 주택·Z값·온실·소상공인 데이터가 없어 해당 지표 인사이트를 생성하지 않았다.
2026|시군구|전남|장성군|population,2026,시군구,전남,장성군,원지표,population,인구수,인구수(건),Y,"2026년 전남 장성군의 인구는 42,026명으로 전남 22개 시군구 중 14위이며 전남 전체의 2.35%를 차지한다. 전남 22개 시군구 평균의 0.52배다.",2026 파일의 인구는 2024년 12월 기준이고 피해액은 2015~2024년 누계이므로 2026년 단년 관측치로 해석하면 안 된다. 2024와 2026 파일의 시도별 인구·피해액 값이 동일하므로 연도 변화로 해석하지 않았다. 시군구 파일에는 주택·Z값·온실·소상공인 데이터가 없어 해당 지표 인사이트를 생성하지 않았다.
2026|시군구|전남|장성군|damagePerCapita,2026,시군구,전남,장성군,파생지표,damagePerCapita,1인당 우심피해액,,N,"2026년 전남 장성군의 1인당 우심피해액은 590,842원으로 전남 22개 시군구 중 4위다. 전남 전체 인구 기준 평균 1인당 피해액의 3.64배이며, 인구 규모에 비해 피해가 매우 크게 집중된 지역이다.",2026 파일의 인구는 2024년 12월 기준이고 피해액은 2015~2024년 누계이므로 2026년 단년 관측치로 해석하면 안 된다. 2024와 2026 파일의 시도별 인구·피해액 값이 동일하므로 연도 변화로 해석하지 않았다. 시군구 파일에는 주택·Z값·온실·소상공인 데이터가 없어 해당 지표 인사이트를 생성하지 않았다.
2026|시군구|전남|장흥군|overall,2026,시군구,전남,장흥군,종합,overall,종합 인사이트,,N,"2026년 전남 장흥군의 인구는 34,451명으로 전남 22개 시군구 중 17위다. 우심피해액은 109.4억 원(10위)이고, 1인당 피해액은 317,502원(7위)이며 피해비중은 인구비중의 1.96배다. 인구 규모보다 피해 부담이 뚜렷하게 높은 편이다.",2026 파일의 인구는 2024년 12월 기준이고 피해액은 2015~2024년 누계이므로 2026년 단년 관측치로 해석하면 안 된다. 2024와 2026 파일의 시도별 인구·피해액 값이 동일하므로 연도 변화로 해석하지 않았다. 시군구 파일에는 주택·Z값·온실·소상공인 데이터가 없어 해당 지표 인사이트를 생성하지 않았다.
2026|시군구|전남|장흥군|damage,2026,시군구,전남,장흥군,원지표,damage,우심피해액,우심피해액(원),Y,"2026년 전남 장흥군의 우심피해액은 109.4억 원으로, 전남 22개 시군구 중 10위이며 전남 전체의 3.77%다. 1인당 피해액은 317,502원이고 피해비중/인구비중은 1.96배다.",2026 파일의 인구는 2024년 12월 기준이고 피해액은 2015~2024년 누계이므로 2026년 단년 관측치로 해석하면 안 된다. 2024와 2026 파일의 시도별 인구·피해액 값이 동일하므로 연도 변화로 해석하지 않았다. 시군구 파일에는 주택·Z값·온실·소상공인 데이터가 없어 해당 지표 인사이트를 생성하지 않았다.
2026|시군구|전남|장흥군|population,2026,시군구,전남,장흥군,원지표,population,인구수,인구수(건),Y,"2026년 전남 장흥군의 인구는 34,451명으로 전남 22개 시군구 중 17위이며 전남 전체의 1.93%를 차지한다. 전남 22개 시군구 평균의 0.42배다.",2026 파일의 인구는 2024년 12월 기준이고 피해액은 2015~2024년 누계이므로 2026년 단년 관측치로 해석하면 안 된다. 2024와 2026 파일의 시도별 인구·피해액 값이 동일하므로 연도 변화로 해석하지 않았다. 시군구 파일에는 주택·Z값·온실·소상공인 데이터가 없어 해당 지표 인사이트를 생성하지 않았다.
2026|시군구|전남|장흥군|damagePerCapita,2026,시군구,전남,장흥군,파생지표,damagePerCapita,1인당 우심피해액,,N,"2026년 전남 장흥군의 1인당 우심피해액은 317,502원으로 전남 22개 시군구 중 7위다. 전남 전체 인구 기준 평균 1인당 피해액의 1.96배이며, 인구 규모보다 피해 부담이 뚜렷하게 높은 편이다.",2026 파일의 인구는 2024년 12월 기준이고 피해액은 2015~2024년 누계이므로 2026년 단년 관측치로 해석하면 안 된다. 2024와 2026 파일의 시도별 인구·피해액 값이 동일하므로 연도 변화로 해석하지 않았다. 시군구 파일에는 주택·Z값·온실·소상공인 데이터가 없어 해당 지표 인사이트를 생성하지 않았다.
2026|시군구|전남|진도군|overall,2026,시군구,전남,진도군,종합,overall,종합 인사이트,,N,"2026년 전남 진도군의 인구는 28,478명으로 전남 22개 시군구 중 20위다. 우심피해액은 68.9억 원(15위)이고, 1인당 피해액은 242,039원(10위)이며 피해비중은 인구비중의 1.49배다. 인구 비중과 피해 비중이 대체로 비슷한 수준이다.",2026 파일의 인구는 2024년 12월 기준이고 피해액은 2015~2024년 누계이므로 2026년 단년 관측치로 해석하면 안 된다. 2024와 2026 파일의 시도별 인구·피해액 값이 동일하므로 연도 변화로 해석하지 않았다. 시군구 파일에는 주택·Z값·온실·소상공인 데이터가 없어 해당 지표 인사이트를 생성하지 않았다.
2026|시군구|전남|진도군|damage,2026,시군구,전남,진도군,원지표,damage,우심피해액,우심피해액(원),Y,"2026년 전남 진도군의 우심피해액은 68.9억 원으로, 전남 22개 시군구 중 15위이며 전남 전체의 2.38%다. 1인당 피해액은 242,039원이고 피해비중/인구비중은 1.49배다.",2026 파일의 인구는 2024년 12월 기준이고 피해액은 2015~2024년 누계이므로 2026년 단년 관측치로 해석하면 안 된다. 2024와 2026 파일의 시도별 인구·피해액 값이 동일하므로 연도 변화로 해석하지 않았다. 시군구 파일에는 주택·Z값·온실·소상공인 데이터가 없어 해당 지표 인사이트를 생성하지 않았다.
2026|시군구|전남|진도군|population,2026,시군구,전남,진도군,원지표,population,인구수,인구수(건),Y,"2026년 전남 진도군의 인구는 28,478명으로 전남 22개 시군구 중 20위이며 전남 전체의 1.59%를 차지한다. 전남 22개 시군구 평균의 0.35배다.",2026 파일의 인구는 2024년 12월 기준이고 피해액은 2015~2024년 누계이므로 2026년 단년 관측치로 해석하면 안 된다. 2024와 2026 파일의 시도별 인구·피해액 값이 동일하므로 연도 변화로 해석하지 않았다. 시군구 파일에는 주택·Z값·온실·소상공인 데이터가 없어 해당 지표 인사이트를 생성하지 않았다.
2026|시군구|전남|진도군|damagePerCapita,2026,시군구,전남,진도군,파생지표,damagePerCapita,1인당 우심피해액,,N,"2026년 전남 진도군의 1인당 우심피해액은 242,039원으로 전남 22개 시군구 중 10위다. 전남 전체 인구 기준 평균 1인당 피해액의 1.49배이며, 인구 비중과 피해 비중이 대체로 비슷한 수준이다.",2026 파일의 인구는 2024년 12월 기준이고 피해액은 2015~2024년 누계이므로 2026년 단년 관측치로 해석하면 안 된다. 2024와 2026 파일의 시도별 인구·피해액 값이 동일하므로 연도 변화로 해석하지 않았다. 시군구 파일에는 주택·Z값·온실·소상공인 데이터가 없어 해당 지표 인사이트를 생성하지 않았다.
2026|시군구|전남|함평군|overall,2026,시군구,전남,함평군,종합,overall,종합 인사이트,,N,"2026년 전남 함평군의 인구는 30,010명으로 전남 22개 시군구 중 19위다. 우심피해액은 75.5억 원(13위)이고, 1인당 피해액은 251,655원(9위)이며 피해비중은 인구비중의 1.55배다. 인구 규모보다 피해 부담이 뚜렷하게 높은 편이다.",2026 파일의 인구는 2024년 12월 기준이고 피해액은 2015~2024년 누계이므로 2026년 단년 관측치로 해석하면 안 된다. 2024와 2026 파일의 시도별 인구·피해액 값이 동일하므로 연도 변화로 해석하지 않았다. 시군구 파일에는 주택·Z값·온실·소상공인 데이터가 없어 해당 지표 인사이트를 생성하지 않았다.
2026|시군구|전남|함평군|damage,2026,시군구,전남,함평군,원지표,damage,우심피해액,우심피해액(원),Y,"2026년 전남 함평군의 우심피해액은 75.5억 원으로, 전남 22개 시군구 중 13위이며 전남 전체의 2.60%다. 1인당 피해액은 251,655원이고 피해비중/인구비중은 1.55배다.",2026 파일의 인구는 2024년 12월 기준이고 피해액은 2015~2024년 누계이므로 2026년 단년 관측치로 해석하면 안 된다. 2024와 2026 파일의 시도별 인구·피해액 값이 동일하므로 연도 변화로 해석하지 않았다. 시군구 파일에는 주택·Z값·온실·소상공인 데이터가 없어 해당 지표 인사이트를 생성하지 않았다.
2026|시군구|전남|함평군|population,2026,시군구,전남,함평군,원지표,population,인구수,인구수(건),Y,"2026년 전남 함평군의 인구는 30,010명으로 전남 22개 시군구 중 19위이며 전남 전체의 1.68%를 차지한다. 전남 22개 시군구 평균의 0.37배다.",2026 파일의 인구는 2024년 12월 기준이고 피해액은 2015~2024년 누계이므로 2026년 단년 관측치로 해석하면 안 된다. 2024와 2026 파일의 시도별 인구·피해액 값이 동일하므로 연도 변화로 해석하지 않았다. 시군구 파일에는 주택·Z값·온실·소상공인 데이터가 없어 해당 지표 인사이트를 생성하지 않았다.
2026|시군구|전남|함평군|damagePerCapita,2026,시군구,전남,함평군,파생지표,damagePerCapita,1인당 우심피해액,,N,"2026년 전남 함평군의 1인당 우심피해액은 251,655원으로 전남 22개 시군구 중 9위다. 전남 전체 인구 기준 평균 1인당 피해액의 1.55배이며, 인구 규모보다 피해 부담이 뚜렷하게 높은 편이다.",2026 파일의 인구는 2024년 12월 기준이고 피해액은 2015~2024년 누계이므로 2026년 단년 관측치로 해석하면 안 된다. 2024와 2026 파일의 시도별 인구·피해액 값이 동일하므로 연도 변화로 해석하지 않았다. 시군구 파일에는 주택·Z값·온실·소상공인 데이터가 없어 해당 지표 인사이트를 생성하지 않았다.
2026|시군구|전남|해남군|overall,2026,시군구,전남,해남군,종합,overall,종합 인사이트,,N,"2026년 전남 해남군의 인구는 63,120명으로 전남 22개 시군구 중 7위다. 우심피해액은 205.6억 원(5위)이고, 1인당 피해액은 325,735원(6위)이며 피해비중은 인구비중의 2.01배다. 인구 규모보다 피해 부담이 뚜렷하게 높은 편이다.",2026 파일의 인구는 2024년 12월 기준이고 피해액은 2015~2024년 누계이므로 2026년 단년 관측치로 해석하면 안 된다. 2024와 2026 파일의 시도별 인구·피해액 값이 동일하므로 연도 변화로 해석하지 않았다. 시군구 파일에는 주택·Z값·온실·소상공인 데이터가 없어 해당 지표 인사이트를 생성하지 않았다.
2026|시군구|전남|해남군|damage,2026,시군구,전남,해남군,원지표,damage,우심피해액,우심피해액(원),Y,"2026년 전남 해남군의 우심피해액은 205.6억 원으로, 전남 22개 시군구 중 5위이며 전남 전체의 7.09%다. 1인당 피해액은 325,735원이고 피해비중/인구비중은 2.01배다.",2026 파일의 인구는 2024년 12월 기준이고 피해액은 2015~2024년 누계이므로 2026년 단년 관측치로 해석하면 안 된다. 2024와 2026 파일의 시도별 인구·피해액 값이 동일하므로 연도 변화로 해석하지 않았다. 시군구 파일에는 주택·Z값·온실·소상공인 데이터가 없어 해당 지표 인사이트를 생성하지 않았다.
2026|시군구|전남|해남군|population,2026,시군구,전남,해남군,원지표,population,인구수,인구수(건),Y,"2026년 전남 해남군의 인구는 63,120명으로 전남 22개 시군구 중 7위이며 전남 전체의 3.53%를 차지한다. 전남 22개 시군구 평균의 0.78배다.",2026 파일의 인구는 2024년 12월 기준이고 피해액은 2015~2024년 누계이므로 2026년 단년 관측치로 해석하면 안 된다. 2024와 2026 파일의 시도별 인구·피해액 값이 동일하므로 연도 변화로 해석하지 않았다. 시군구 파일에는 주택·Z값·온실·소상공인 데이터가 없어 해당 지표 인사이트를 생성하지 않았다.
2026|시군구|전남|해남군|damagePerCapita,2026,시군구,전남,해남군,파생지표,damagePerCapita,1인당 우심피해액,,N,"2026년 전남 해남군의 1인당 우심피해액은 325,735원으로 전남 22개 시군구 중 6위다. 전남 전체 인구 기준 평균 1인당 피해액의 2.01배이며, 인구 규모보다 피해 부담이 뚜렷하게 높은 편이다.",2026 파일의 인구는 2024년 12월 기준이고 피해액은 2015~2024년 누계이므로 2026년 단년 관측치로 해석하면 안 된다. 2024와 2026 파일의 시도별 인구·피해액 값이 동일하므로 연도 변화로 해석하지 않았다. 시군구 파일에는 주택·Z값·온실·소상공인 데이터가 없어 해당 지표 인사이트를 생성하지 않았다.
2026|시군구|전남|화순군|overall,2026,시군구,전남,화순군,종합,overall,종합 인사이트,,N,"2026년 전남 화순군의 인구는 60,735명으로 전남 22개 시군구 중 8위다. 우심피해액은 135.0억 원(7위)이고, 1인당 피해액은 222,321원(11위)이며 피해비중은 인구비중의 1.37배다. 인구 비중과 피해 비중이 대체로 비슷한 수준이다.",2026 파일의 인구는 2024년 12월 기준이고 피해액은 2015~2024년 누계이므로 2026년 단년 관측치로 해석하면 안 된다. 2024와 2026 파일의 시도별 인구·피해액 값이 동일하므로 연도 변화로 해석하지 않았다. 시군구 파일에는 주택·Z값·온실·소상공인 데이터가 없어 해당 지표 인사이트를 생성하지 않았다.
2026|시군구|전남|화순군|damage,2026,시군구,전남,화순군,원지표,damage,우심피해액,우심피해액(원),Y,"2026년 전남 화순군의 우심피해액은 135.0억 원으로, 전남 22개 시군구 중 7위이며 전남 전체의 4.66%다. 1인당 피해액은 222,321원이고 피해비중/인구비중은 1.37배다.",2026 파일의 인구는 2024년 12월 기준이고 피해액은 2015~2024년 누계이므로 2026년 단년 관측치로 해석하면 안 된다. 2024와 2026 파일의 시도별 인구·피해액 값이 동일하므로 연도 변화로 해석하지 않았다. 시군구 파일에는 주택·Z값·온실·소상공인 데이터가 없어 해당 지표 인사이트를 생성하지 않았다.
2026|시군구|전남|화순군|population,2026,시군구,전남,화순군,원지표,population,인구수,인구수(건),Y,"2026년 전남 화순군의 인구는 60,735명으로 전남 22개 시군구 중 8위이며 전남 전체의 3.40%를 차지한다. 전남 22개 시군구 평균의 0.75배다.",2026 파일의 인구는 2024년 12월 기준이고 피해액은 2015~2024년 누계이므로 2026년 단년 관측치로 해석하면 안 된다. 2024와 2026 파일의 시도별 인구·피해액 값이 동일하므로 연도 변화로 해석하지 않았다. 시군구 파일에는 주택·Z값·온실·소상공인 데이터가 없어 해당 지표 인사이트를 생성하지 않았다.
2026|시군구|전남|화순군|damagePerCapita,2026,시군구,전남,화순군,파생지표,damagePerCapita,1인당 우심피해액,,N,"2026년 전남 화순군의 1인당 우심피해액은 222,321원으로 전남 22개 시군구 중 11위다. 전남 전체 인구 기준 평균 1인당 피해액의 1.37배이며, 인구 비중과 피해 비중이 대체로 비슷한 수준이다.",2026 파일의 인구는 2024년 12월 기준이고 피해액은 2015~2024년 누계이므로 2026년 단년 관측치로 해석하면 안 된다. 2024와 2026 파일의 시도별 인구·피해액 값이 동일하므로 연도 변화로 해석하지 않았다. 시군구 파일에는 주택·Z값·온실·소상공인 데이터가 없어 해당 지표 인사이트를 생성하지 않았다.
2026|시군구|경북|경산시|overall,2026,시군구,경북,경산시,종합,overall,종합 인사이트,,N,"2026년 경북 경산시의 인구는 266,398명으로 경북 22개 시군구 중 3위이며 경북 인구의 10.52%다. 원자료상 우심피해액은 0원으로 기록되어 있으며, 다른 시군구 대비 피해부담 순위는 최하위권이다.",2026 파일의 인구는 2024년 12월 기준이고 피해액은 2015~2024년 누계이므로 2026년 단년 관측치로 해석하면 안 된다. 2024와 2026 파일의 시도별 인구·피해액 값이 동일하므로 연도 변화로 해석하지 않았다. 시군구 파일에는 주택·Z값·온실·소상공인 데이터가 없어 해당 지표 인사이트를 생성하지 않았다.
2026|시군구|경북|경산시|damage,2026,시군구,경북,경산시,원지표,damage,우심피해액,우심피해액(원),Y,2026년 경북 경산시의 원자료상 우심피해액은 0원으로 경북 22개 시군구 내 공동 최하위다. 0원은 집계기간에 피해액이 기록되지 않았다는 의미이며 향후 재난위험이 없다는 뜻은 아니다.,2026 파일의 인구는 2024년 12월 기준이고 피해액은 2015~2024년 누계이므로 2026년 단년 관측치로 해석하면 안 된다. 2024와 2026 파일의 시도별 인구·피해액 값이 동일하므로 연도 변화로 해석하지 않았다. 시군구 파일에는 주택·Z값·온실·소상공인 데이터가 없어 해당 지표 인사이트를 생성하지 않았다.
2026|시군구|경북|경산시|population,2026,시군구,경북,경산시,원지표,population,인구수,인구수(건),Y,"2026년 경북 경산시의 인구는 266,398명으로 경북 22개 시군구 중 3위이며 경북 전체의 10.52%를 차지한다. 경북 22개 시군구 평균의 2.32배다.",2026 파일의 인구는 2024년 12월 기준이고 피해액은 2015~2024년 누계이므로 2026년 단년 관측치로 해석하면 안 된다. 2024와 2026 파일의 시도별 인구·피해액 값이 동일하므로 연도 변화로 해석하지 않았다. 시군구 파일에는 주택·Z값·온실·소상공인 데이터가 없어 해당 지표 인사이트를 생성하지 않았다.
2026|시군구|경북|경산시|damagePerCapita,2026,시군구,경북,경산시,파생지표,damagePerCapita,1인당 우심피해액,,N,"2026년 경북 경산시의 1인당 우심피해액은 0원으로 경북 22개 시군구 중 공동 최하위다. 경북 전체 인구 기준 평균 1인당 피해액의 0.00배이며, 원자료상 피해액은 0원으로 기록되어 있다.",2026 파일의 인구는 2024년 12월 기준이고 피해액은 2015~2024년 누계이므로 2026년 단년 관측치로 해석하면 안 된다. 2024와 2026 파일의 시도별 인구·피해액 값이 동일하므로 연도 변화로 해석하지 않았다. 시군구 파일에는 주택·Z값·온실·소상공인 데이터가 없어 해당 지표 인사이트를 생성하지 않았다.
2026|시군구|경북|경주시|overall,2026,시군구,경북,경주시,종합,overall,종합 인사이트,,N,"2026년 경북 경주시의 인구는 244,769명으로 경북 22개 시군구 중 4위다. 우심피해액은 1,384.6억 원(2위)이고, 1인당 피해액은 565,666원(8위)이며 피해비중은 인구비중의 1.58배다. 인구 규모보다 피해 부담이 뚜렷하게 높은 편이다.",2026 파일의 인구는 2024년 12월 기준이고 피해액은 2015~2024년 누계이므로 2026년 단년 관측치로 해석하면 안 된다. 2024와 2026 파일의 시도별 인구·피해액 값이 동일하므로 연도 변화로 해석하지 않았다. 시군구 파일에는 주택·Z값·온실·소상공인 데이터가 없어 해당 지표 인사이트를 생성하지 않았다.
2026|시군구|경북|경주시|damage,2026,시군구,경북,경주시,원지표,damage,우심피해액,우심피해액(원),Y,"2026년 경북 경주시의 우심피해액은 1,384.6억 원으로, 경북 22개 시군구 중 2위이며 경북 전체의 15.23%다. 1인당 피해액은 565,666원이고 피해비중/인구비중은 1.58배다.",2026 파일의 인구는 2024년 12월 기준이고 피해액은 2015~2024년 누계이므로 2026년 단년 관측치로 해석하면 안 된다. 2024와 2026 파일의 시도별 인구·피해액 값이 동일하므로 연도 변화로 해석하지 않았다. 시군구 파일에는 주택·Z값·온실·소상공인 데이터가 없어 해당 지표 인사이트를 생성하지 않았다.
2026|시군구|경북|경주시|population,2026,시군구,경북,경주시,원지표,population,인구수,인구수(건),Y,"2026년 경북 경주시의 인구는 244,769명으로 경북 22개 시군구 중 4위이며 경북 전체의 9.67%를 차지한다. 경북 22개 시군구 평균의 2.13배다.",2026 파일의 인구는 2024년 12월 기준이고 피해액은 2015~2024년 누계이므로 2026년 단년 관측치로 해석하면 안 된다. 2024와 2026 파일의 시도별 인구·피해액 값이 동일하므로 연도 변화로 해석하지 않았다. 시군구 파일에는 주택·Z값·온실·소상공인 데이터가 없어 해당 지표 인사이트를 생성하지 않았다.
2026|시군구|경북|경주시|damagePerCapita,2026,시군구,경북,경주시,파생지표,damagePerCapita,1인당 우심피해액,,N,"2026년 경북 경주시의 1인당 우심피해액은 565,666원으로 경북 22개 시군구 중 8위다. 경북 전체 인구 기준 평균 1인당 피해액의 1.58배이며, 인구 규모보다 피해 부담이 뚜렷하게 높은 편이다.",2026 파일의 인구는 2024년 12월 기준이고 피해액은 2015~2024년 누계이므로 2026년 단년 관측치로 해석하면 안 된다. 2024와 2026 파일의 시도별 인구·피해액 값이 동일하므로 연도 변화로 해석하지 않았다. 시군구 파일에는 주택·Z값·온실·소상공인 데이터가 없어 해당 지표 인사이트를 생성하지 않았다.
2026|시군구|경북|고령군|overall,2026,시군구,경북,고령군,종합,overall,종합 인사이트,,N,"2026년 경북 고령군의 인구는 30,062명으로 경북 22개 시군구 중 18위이며 경북 인구의 1.19%다. 원자료상 우심피해액은 0원으로 기록되어 있으며, 다른 시군구 대비 피해부담 순위는 최하위권이다.",2026 파일의 인구는 2024년 12월 기준이고 피해액은 2015~2024년 누계이므로 2026년 단년 관측치로 해석하면 안 된다. 2024와 2026 파일의 시도별 인구·피해액 값이 동일하므로 연도 변화로 해석하지 않았다. 시군구 파일에는 주택·Z값·온실·소상공인 데이터가 없어 해당 지표 인사이트를 생성하지 않았다.
2026|시군구|경북|고령군|damage,2026,시군구,경북,고령군,원지표,damage,우심피해액,우심피해액(원),Y,2026년 경북 고령군의 원자료상 우심피해액은 0원으로 경북 22개 시군구 내 공동 최하위다. 0원은 집계기간에 피해액이 기록되지 않았다는 의미이며 향후 재난위험이 없다는 뜻은 아니다.,2026 파일의 인구는 2024년 12월 기준이고 피해액은 2015~2024년 누계이므로 2026년 단년 관측치로 해석하면 안 된다. 2024와 2026 파일의 시도별 인구·피해액 값이 동일하므로 연도 변화로 해석하지 않았다. 시군구 파일에는 주택·Z값·온실·소상공인 데이터가 없어 해당 지표 인사이트를 생성하지 않았다.
2026|시군구|경북|고령군|population,2026,시군구,경북,고령군,원지표,population,인구수,인구수(건),Y,"2026년 경북 고령군의 인구는 30,062명으로 경북 22개 시군구 중 18위이며 경북 전체의 1.19%를 차지한다. 경북 22개 시군구 평균의 0.26배다.",2026 파일의 인구는 2024년 12월 기준이고 피해액은 2015~2024년 누계이므로 2026년 단년 관측치로 해석하면 안 된다. 2024와 2026 파일의 시도별 인구·피해액 값이 동일하므로 연도 변화로 해석하지 않았다. 시군구 파일에는 주택·Z값·온실·소상공인 데이터가 없어 해당 지표 인사이트를 생성하지 않았다.
2026|시군구|경북|고령군|damagePerCapita,2026,시군구,경북,고령군,파생지표,damagePerCapita,1인당 우심피해액,,N,"2026년 경북 고령군의 1인당 우심피해액은 0원으로 경북 22개 시군구 중 공동 최하위다. 경북 전체 인구 기준 평균 1인당 피해액의 0.00배이며, 원자료상 피해액은 0원으로 기록되어 있다.",2026 파일의 인구는 2024년 12월 기준이고 피해액은 2015~2024년 누계이므로 2026년 단년 관측치로 해석하면 안 된다. 2024와 2026 파일의 시도별 인구·피해액 값이 동일하므로 연도 변화로 해석하지 않았다. 시군구 파일에는 주택·Z값·온실·소상공인 데이터가 없어 해당 지표 인사이트를 생성하지 않았다.
2026|시군구|경북|구미시|overall,2026,시군구,경북,구미시,종합,overall,종합 인사이트,,N,"2026년 경북 구미시의 인구는 404,820명으로 경북 22개 시군구 중 2위이며 경북 인구의 15.99%다. 원자료상 우심피해액은 0원으로 기록되어 있으며, 다른 시군구 대비 피해부담 순위는 최하위권이다.",2026 파일의 인구는 2024년 12월 기준이고 피해액은 2015~2024년 누계이므로 2026년 단년 관측치로 해석하면 안 된다. 2024와 2026 파일의 시도별 인구·피해액 값이 동일하므로 연도 변화로 해석하지 않았다. 시군구 파일에는 주택·Z값·온실·소상공인 데이터가 없어 해당 지표 인사이트를 생성하지 않았다.
2026|시군구|경북|구미시|damage,2026,시군구,경북,구미시,원지표,damage,우심피해액,우심피해액(원),Y,2026년 경북 구미시의 원자료상 우심피해액은 0원으로 경북 22개 시군구 내 공동 최하위다. 0원은 집계기간에 피해액이 기록되지 않았다는 의미이며 향후 재난위험이 없다는 뜻은 아니다.,2026 파일의 인구는 2024년 12월 기준이고 피해액은 2015~2024년 누계이므로 2026년 단년 관측치로 해석하면 안 된다. 2024와 2026 파일의 시도별 인구·피해액 값이 동일하므로 연도 변화로 해석하지 않았다. 시군구 파일에는 주택·Z값·온실·소상공인 데이터가 없어 해당 지표 인사이트를 생성하지 않았다.
2026|시군구|경북|구미시|population,2026,시군구,경북,구미시,원지표,population,인구수,인구수(건),Y,"2026년 경북 구미시의 인구는 404,820명으로 경북 22개 시군구 중 2위이며 경북 전체의 15.99%를 차지한다. 경북 22개 시군구 평균의 3.52배다.",2026 파일의 인구는 2024년 12월 기준이고 피해액은 2015~2024년 누계이므로 2026년 단년 관측치로 해석하면 안 된다. 2024와 2026 파일의 시도별 인구·피해액 값이 동일하므로 연도 변화로 해석하지 않았다. 시군구 파일에는 주택·Z값·온실·소상공인 데이터가 없어 해당 지표 인사이트를 생성하지 않았다.
2026|시군구|경북|구미시|damagePerCapita,2026,시군구,경북,구미시,파생지표,damagePerCapita,1인당 우심피해액,,N,"2026년 경북 구미시의 1인당 우심피해액은 0원으로 경북 22개 시군구 중 공동 최하위다. 경북 전체 인구 기준 평균 1인당 피해액의 0.00배이며, 원자료상 피해액은 0원으로 기록되어 있다.",2026 파일의 인구는 2024년 12월 기준이고 피해액은 2015~2024년 누계이므로 2026년 단년 관측치로 해석하면 안 된다. 2024와 2026 파일의 시도별 인구·피해액 값이 동일하므로 연도 변화로 해석하지 않았다. 시군구 파일에는 주택·Z값·온실·소상공인 데이터가 없어 해당 지표 인사이트를 생성하지 않았다.
2026|시군구|경북|김천시|overall,2026,시군구,경북,김천시,종합,overall,종합 인사이트,,N,"2026년 경북 김천시의 인구는 135,446명으로 경북 22개 시군구 중 6위다. 우심피해액은 34.4억 원(16위)이고, 1인당 피해액은 25,375원(17위)이며 피해비중은 인구비중의 0.07배다. 인구 규모 대비 피해 부담은 매우 낮게 나타난다.",2026 파일의 인구는 2024년 12월 기준이고 피해액은 2015~2024년 누계이므로 2026년 단년 관측치로 해석하면 안 된다. 2024와 2026 파일의 시도별 인구·피해액 값이 동일하므로 연도 변화로 해석하지 않았다. 시군구 파일에는 주택·Z값·온실·소상공인 데이터가 없어 해당 지표 인사이트를 생성하지 않았다.
2026|시군구|경북|김천시|damage,2026,시군구,경북,김천시,원지표,damage,우심피해액,우심피해액(원),Y,"2026년 경북 김천시의 우심피해액은 34.4억 원으로, 경북 22개 시군구 중 16위이며 경북 전체의 0.38%다. 1인당 피해액은 25,375원이고 피해비중/인구비중은 0.07배다.",2026 파일의 인구는 2024년 12월 기준이고 피해액은 2015~2024년 누계이므로 2026년 단년 관측치로 해석하면 안 된다. 2024와 2026 파일의 시도별 인구·피해액 값이 동일하므로 연도 변화로 해석하지 않았다. 시군구 파일에는 주택·Z값·온실·소상공인 데이터가 없어 해당 지표 인사이트를 생성하지 않았다.
2026|시군구|경북|김천시|population,2026,시군구,경북,김천시,원지표,population,인구수,인구수(건),Y,"2026년 경북 김천시의 인구는 135,446명으로 경북 22개 시군구 중 6위이며 경북 전체의 5.35%를 차지한다. 경북 22개 시군구 평균의 1.18배다.",2026 파일의 인구는 2024년 12월 기준이고 피해액은 2015~2024년 누계이므로 2026년 단년 관측치로 해석하면 안 된다. 2024와 2026 파일의 시도별 인구·피해액 값이 동일하므로 연도 변화로 해석하지 않았다. 시군구 파일에는 주택·Z값·온실·소상공인 데이터가 없어 해당 지표 인사이트를 생성하지 않았다.
2026|시군구|경북|김천시|damagePerCapita,2026,시군구,경북,김천시,파생지표,damagePerCapita,1인당 우심피해액,,N,"2026년 경북 김천시의 1인당 우심피해액은 25,375원으로 경북 22개 시군구 중 17위다. 경북 전체 인구 기준 평균 1인당 피해액의 0.07배이며, 인구 규모 대비 피해 부담은 매우 낮게 나타난다.",2026 파일의 인구는 2024년 12월 기준이고 피해액은 2015~2024년 누계이므로 2026년 단년 관측치로 해석하면 안 된다. 2024와 2026 파일의 시도별 인구·피해액 값이 동일하므로 연도 변화로 해석하지 않았다. 시군구 파일에는 주택·Z값·온실·소상공인 데이터가 없어 해당 지표 인사이트를 생성하지 않았다.
2026|시군구|경북|문경시|overall,2026,시군구,경북,문경시,종합,overall,종합 인사이트,,N,"2026년 경북 문경시의 인구는 67,257명으로 경북 22개 시군구 중 11위다. 우심피해액은 584.5억 원(6위)이고, 1인당 피해액은 869,062원(6위)이며 피해비중은 인구비중의 2.42배다. 인구 규모보다 피해 부담이 뚜렷하게 높은 편이다.",2026 파일의 인구는 2024년 12월 기준이고 피해액은 2015~2024년 누계이므로 2026년 단년 관측치로 해석하면 안 된다. 2024와 2026 파일의 시도별 인구·피해액 값이 동일하므로 연도 변화로 해석하지 않았다. 시군구 파일에는 주택·Z값·온실·소상공인 데이터가 없어 해당 지표 인사이트를 생성하지 않았다.
2026|시군구|경북|문경시|damage,2026,시군구,경북,문경시,원지표,damage,우심피해액,우심피해액(원),Y,"2026년 경북 문경시의 우심피해액은 584.5억 원으로, 경북 22개 시군구 중 6위이며 경북 전체의 6.43%다. 1인당 피해액은 869,062원이고 피해비중/인구비중은 2.42배다.",2026 파일의 인구는 2024년 12월 기준이고 피해액은 2015~2024년 누계이므로 2026년 단년 관측치로 해석하면 안 된다. 2024와 2026 파일의 시도별 인구·피해액 값이 동일하므로 연도 변화로 해석하지 않았다. 시군구 파일에는 주택·Z값·온실·소상공인 데이터가 없어 해당 지표 인사이트를 생성하지 않았다.
2026|시군구|경북|문경시|population,2026,시군구,경북,문경시,원지표,population,인구수,인구수(건),Y,"2026년 경북 문경시의 인구는 67,257명으로 경북 22개 시군구 중 11위이며 경북 전체의 2.66%를 차지한다. 경북 22개 시군구 평균의 0.58배다.",2026 파일의 인구는 2024년 12월 기준이고 피해액은 2015~2024년 누계이므로 2026년 단년 관측치로 해석하면 안 된다. 2024와 2026 파일의 시도별 인구·피해액 값이 동일하므로 연도 변화로 해석하지 않았다. 시군구 파일에는 주택·Z값·온실·소상공인 데이터가 없어 해당 지표 인사이트를 생성하지 않았다.
2026|시군구|경북|문경시|damagePerCapita,2026,시군구,경북,문경시,파생지표,damagePerCapita,1인당 우심피해액,,N,"2026년 경북 문경시의 1인당 우심피해액은 869,062원으로 경북 22개 시군구 중 6위다. 경북 전체 인구 기준 평균 1인당 피해액의 2.42배이며, 인구 규모보다 피해 부담이 뚜렷하게 높은 편이다.",2026 파일의 인구는 2024년 12월 기준이고 피해액은 2015~2024년 누계이므로 2026년 단년 관측치로 해석하면 안 된다. 2024와 2026 파일의 시도별 인구·피해액 값이 동일하므로 연도 변화로 해석하지 않았다. 시군구 파일에는 주택·Z값·온실·소상공인 데이터가 없어 해당 지표 인사이트를 생성하지 않았다.
2026|시군구|경북|봉화군|overall,2026,시군구,경북,봉화군,종합,overall,종합 인사이트,,N,"2026년 경북 봉화군의 인구는 28,836명으로 경북 22개 시군구 중 19위다. 우심피해액은 895.0억 원(4위)이고, 1인당 피해액은 3,103,918원(2위)이며 피해비중은 인구비중의 8.64배다. 인구 규모에 비해 피해가 매우 크게 집중된 지역이다.",2026 파일의 인구는 2024년 12월 기준이고 피해액은 2015~2024년 누계이므로 2026년 단년 관측치로 해석하면 안 된다. 2024와 2026 파일의 시도별 인구·피해액 값이 동일하므로 연도 변화로 해석하지 않았다. 시군구 파일에는 주택·Z값·온실·소상공인 데이터가 없어 해당 지표 인사이트를 생성하지 않았다.
2026|시군구|경북|봉화군|damage,2026,시군구,경북,봉화군,원지표,damage,우심피해액,우심피해액(원),Y,"2026년 경북 봉화군의 우심피해액은 895.0억 원으로, 경북 22개 시군구 중 4위이며 경북 전체의 9.85%다. 1인당 피해액은 3,103,918원이고 피해비중/인구비중은 8.64배다.",2026 파일의 인구는 2024년 12월 기준이고 피해액은 2015~2024년 누계이므로 2026년 단년 관측치로 해석하면 안 된다. 2024와 2026 파일의 시도별 인구·피해액 값이 동일하므로 연도 변화로 해석하지 않았다. 시군구 파일에는 주택·Z값·온실·소상공인 데이터가 없어 해당 지표 인사이트를 생성하지 않았다.
2026|시군구|경북|봉화군|population,2026,시군구,경북,봉화군,원지표,population,인구수,인구수(건),Y,"2026년 경북 봉화군의 인구는 28,836명으로 경북 22개 시군구 중 19위이며 경북 전체의 1.14%를 차지한다. 경북 22개 시군구 평균의 0.25배다.",2026 파일의 인구는 2024년 12월 기준이고 피해액은 2015~2024년 누계이므로 2026년 단년 관측치로 해석하면 안 된다. 2024와 2026 파일의 시도별 인구·피해액 값이 동일하므로 연도 변화로 해석하지 않았다. 시군구 파일에는 주택·Z값·온실·소상공인 데이터가 없어 해당 지표 인사이트를 생성하지 않았다.
2026|시군구|경북|봉화군|damagePerCapita,2026,시군구,경북,봉화군,파생지표,damagePerCapita,1인당 우심피해액,,N,"2026년 경북 봉화군의 1인당 우심피해액은 3,103,918원으로 경북 22개 시군구 중 2위다. 경북 전체 인구 기준 평균 1인당 피해액의 8.64배이며, 인구 규모에 비해 피해가 매우 크게 집중된 지역이다.",2026 파일의 인구는 2024년 12월 기준이고 피해액은 2015~2024년 누계이므로 2026년 단년 관측치로 해석하면 안 된다. 2024와 2026 파일의 시도별 인구·피해액 값이 동일하므로 연도 변화로 해석하지 않았다. 시군구 파일에는 주택·Z값·온실·소상공인 데이터가 없어 해당 지표 인사이트를 생성하지 않았다.
2026|시군구|경북|상주시|overall,2026,시군구,경북,상주시,종합,overall,종합 인사이트,,N,"2026년 경북 상주시의 인구는 91,850명으로 경북 22개 시군구 중 10위다. 우심피해액은 80.0억 원(14위)이고, 1인당 피해액은 87,140원(15위)이며 피해비중은 인구비중의 0.24배다. 인구 규모 대비 피해 부담은 매우 낮게 나타난다.",2026 파일의 인구는 2024년 12월 기준이고 피해액은 2015~2024년 누계이므로 2026년 단년 관측치로 해석하면 안 된다. 2024와 2026 파일의 시도별 인구·피해액 값이 동일하므로 연도 변화로 해석하지 않았다. 시군구 파일에는 주택·Z값·온실·소상공인 데이터가 없어 해당 지표 인사이트를 생성하지 않았다.
2026|시군구|경북|상주시|damage,2026,시군구,경북,상주시,원지표,damage,우심피해액,우심피해액(원),Y,"2026년 경북 상주시의 우심피해액은 80.0억 원으로, 경북 22개 시군구 중 14위이며 경북 전체의 0.88%다. 1인당 피해액은 87,140원이고 피해비중/인구비중은 0.24배다.",2026 파일의 인구는 2024년 12월 기준이고 피해액은 2015~2024년 누계이므로 2026년 단년 관측치로 해석하면 안 된다. 2024와 2026 파일의 시도별 인구·피해액 값이 동일하므로 연도 변화로 해석하지 않았다. 시군구 파일에는 주택·Z값·온실·소상공인 데이터가 없어 해당 지표 인사이트를 생성하지 않았다.
2026|시군구|경북|상주시|population,2026,시군구,경북,상주시,원지표,population,인구수,인구수(건),Y,"2026년 경북 상주시의 인구는 91,850명으로 경북 22개 시군구 중 10위이며 경북 전체의 3.63%를 차지한다. 경북 22개 시군구 평균의 0.80배다.",2026 파일의 인구는 2024년 12월 기준이고 피해액은 2015~2024년 누계이므로 2026년 단년 관측치로 해석하면 안 된다. 2024와 2026 파일의 시도별 인구·피해액 값이 동일하므로 연도 변화로 해석하지 않았다. 시군구 파일에는 주택·Z값·온실·소상공인 데이터가 없어 해당 지표 인사이트를 생성하지 않았다.
2026|시군구|경북|상주시|damagePerCapita,2026,시군구,경북,상주시,파생지표,damagePerCapita,1인당 우심피해액,,N,"2026년 경북 상주시의 1인당 우심피해액은 87,140원으로 경북 22개 시군구 중 15위다. 경북 전체 인구 기준 평균 1인당 피해액의 0.24배이며, 인구 규모 대비 피해 부담은 매우 낮게 나타난다.",2026 파일의 인구는 2024년 12월 기준이고 피해액은 2015~2024년 누계이므로 2026년 단년 관측치로 해석하면 안 된다. 2024와 2026 파일의 시도별 인구·피해액 값이 동일하므로 연도 변화로 해석하지 않았다. 시군구 파일에는 주택·Z값·온실·소상공인 데이터가 없어 해당 지표 인사이트를 생성하지 않았다.
2026|시군구|경북|성주군|overall,2026,시군구,경북,성주군,종합,overall,종합 인사이트,,N,"2026년 경북 성주군의 인구는 41,452명으로 경북 22개 시군구 중 15위다. 우심피해액은 65.7억 원(15위)이고, 1인당 피해액은 158,503원(13위)이며 피해비중은 인구비중의 0.44배다. 인구 규모 대비 피해 부담은 낮은 편이다.",2026 파일의 인구는 2024년 12월 기준이고 피해액은 2015~2024년 누계이므로 2026년 단년 관측치로 해석하면 안 된다. 2024와 2026 파일의 시도별 인구·피해액 값이 동일하므로 연도 변화로 해석하지 않았다. 시군구 파일에는 주택·Z값·온실·소상공인 데이터가 없어 해당 지표 인사이트를 생성하지 않았다.
2026|시군구|경북|성주군|damage,2026,시군구,경북,성주군,원지표,damage,우심피해액,우심피해액(원),Y,"2026년 경북 성주군의 우심피해액은 65.7억 원으로, 경북 22개 시군구 중 15위이며 경북 전체의 0.72%다. 1인당 피해액은 158,503원이고 피해비중/인구비중은 0.44배다.",2026 파일의 인구는 2024년 12월 기준이고 피해액은 2015~2024년 누계이므로 2026년 단년 관측치로 해석하면 안 된다. 2024와 2026 파일의 시도별 인구·피해액 값이 동일하므로 연도 변화로 해석하지 않았다. 시군구 파일에는 주택·Z값·온실·소상공인 데이터가 없어 해당 지표 인사이트를 생성하지 않았다.
2026|시군구|경북|성주군|population,2026,시군구,경북,성주군,원지표,population,인구수,인구수(건),Y,"2026년 경북 성주군의 인구는 41,452명으로 경북 22개 시군구 중 15위이며 경북 전체의 1.64%를 차지한다. 경북 22개 시군구 평균의 0.36배다.",2026 파일의 인구는 2024년 12월 기준이고 피해액은 2015~2024년 누계이므로 2026년 단년 관측치로 해석하면 안 된다. 2024와 2026 파일의 시도별 인구·피해액 값이 동일하므로 연도 변화로 해석하지 않았다. 시군구 파일에는 주택·Z값·온실·소상공인 데이터가 없어 해당 지표 인사이트를 생성하지 않았다.
2026|시군구|경북|성주군|damagePerCapita,2026,시군구,경북,성주군,파생지표,damagePerCapita,1인당 우심피해액,,N,"2026년 경북 성주군의 1인당 우심피해액은 158,503원으로 경북 22개 시군구 중 13위다. 경북 전체 인구 기준 평균 1인당 피해액의 0.44배이며, 인구 규모 대비 피해 부담은 낮은 편이다.",2026 파일의 인구는 2024년 12월 기준이고 피해액은 2015~2024년 누계이므로 2026년 단년 관측치로 해석하면 안 된다. 2024와 2026 파일의 시도별 인구·피해액 값이 동일하므로 연도 변화로 해석하지 않았다. 시군구 파일에는 주택·Z값·온실·소상공인 데이터가 없어 해당 지표 인사이트를 생성하지 않았다.
2026|시군구|경북|안동시|overall,2026,시군구,경북,안동시,종합,overall,종합 인사이트,,N,"2026년 경북 안동시의 인구는 153,159명으로 경북 22개 시군구 중 5위다. 우심피해액은 210.3억 원(10위)이고, 1인당 피해액은 137,337원(14위)이며 피해비중은 인구비중의 0.38배다. 인구 규모 대비 피해 부담은 매우 낮게 나타난다.",2026 파일의 인구는 2024년 12월 기준이고 피해액은 2015~2024년 누계이므로 2026년 단년 관측치로 해석하면 안 된다. 2024와 2026 파일의 시도별 인구·피해액 값이 동일하므로 연도 변화로 해석하지 않았다. 시군구 파일에는 주택·Z값·온실·소상공인 데이터가 없어 해당 지표 인사이트를 생성하지 않았다.
2026|시군구|경북|안동시|damage,2026,시군구,경북,안동시,원지표,damage,우심피해액,우심피해액(원),Y,"2026년 경북 안동시의 우심피해액은 210.3억 원으로, 경북 22개 시군구 중 10위이며 경북 전체의 2.31%다. 1인당 피해액은 137,337원이고 피해비중/인구비중은 0.38배다.",2026 파일의 인구는 2024년 12월 기준이고 피해액은 2015~2024년 누계이므로 2026년 단년 관측치로 해석하면 안 된다. 2024와 2026 파일의 시도별 인구·피해액 값이 동일하므로 연도 변화로 해석하지 않았다. 시군구 파일에는 주택·Z값·온실·소상공인 데이터가 없어 해당 지표 인사이트를 생성하지 않았다.
2026|시군구|경북|안동시|population,2026,시군구,경북,안동시,원지표,population,인구수,인구수(건),Y,"2026년 경북 안동시의 인구는 153,159명으로 경북 22개 시군구 중 5위이며 경북 전체의 6.05%를 차지한다. 경북 22개 시군구 평균의 1.33배다.",2026 파일의 인구는 2024년 12월 기준이고 피해액은 2015~2024년 누계이므로 2026년 단년 관측치로 해석하면 안 된다. 2024와 2026 파일의 시도별 인구·피해액 값이 동일하므로 연도 변화로 해석하지 않았다. 시군구 파일에는 주택·Z값·온실·소상공인 데이터가 없어 해당 지표 인사이트를 생성하지 않았다.
2026|시군구|경북|안동시|damagePerCapita,2026,시군구,경북,안동시,파생지표,damagePerCapita,1인당 우심피해액,,N,"2026년 경북 안동시의 1인당 우심피해액은 137,337원으로 경북 22개 시군구 중 14위다. 경북 전체 인구 기준 평균 1인당 피해액의 0.38배이며, 인구 규모 대비 피해 부담은 매우 낮게 나타난다.",2026 파일의 인구는 2024년 12월 기준이고 피해액은 2015~2024년 누계이므로 2026년 단년 관측치로 해석하면 안 된다. 2024와 2026 파일의 시도별 인구·피해액 값이 동일하므로 연도 변화로 해석하지 않았다. 시군구 파일에는 주택·Z값·온실·소상공인 데이터가 없어 해당 지표 인사이트를 생성하지 않았다.
2026|시군구|경북|영덕군|overall,2026,시군구,경북,영덕군,종합,overall,종합 인사이트,,N,"2026년 경북 영덕군의 인구는 33,210명으로 경북 22개 시군구 중 17위다. 우심피해액은 518.8억 원(7위)이고, 1인당 피해액은 1,562,309원(5위)이며 피해비중은 인구비중의 4.35배다. 인구 규모에 비해 피해가 매우 크게 집중된 지역이다.",2026 파일의 인구는 2024년 12월 기준이고 피해액은 2015~2024년 누계이므로 2026년 단년 관측치로 해석하면 안 된다. 2024와 2026 파일의 시도별 인구·피해액 값이 동일하므로 연도 변화로 해석하지 않았다. 시군구 파일에는 주택·Z값·온실·소상공인 데이터가 없어 해당 지표 인사이트를 생성하지 않았다.
2026|시군구|경북|영덕군|damage,2026,시군구,경북,영덕군,원지표,damage,우심피해액,우심피해액(원),Y,"2026년 경북 영덕군의 우심피해액은 518.8억 원으로, 경북 22개 시군구 중 7위이며 경북 전체의 5.71%다. 1인당 피해액은 1,562,309원이고 피해비중/인구비중은 4.35배다.",2026 파일의 인구는 2024년 12월 기준이고 피해액은 2015~2024년 누계이므로 2026년 단년 관측치로 해석하면 안 된다. 2024와 2026 파일의 시도별 인구·피해액 값이 동일하므로 연도 변화로 해석하지 않았다. 시군구 파일에는 주택·Z값·온실·소상공인 데이터가 없어 해당 지표 인사이트를 생성하지 않았다.
2026|시군구|경북|영덕군|population,2026,시군구,경북,영덕군,원지표,population,인구수,인구수(건),Y,"2026년 경북 영덕군의 인구는 33,210명으로 경북 22개 시군구 중 17위이며 경북 전체의 1.31%를 차지한다. 경북 22개 시군구 평균의 0.29배다.",2026 파일의 인구는 2024년 12월 기준이고 피해액은 2015~2024년 누계이므로 2026년 단년 관측치로 해석하면 안 된다. 2024와 2026 파일의 시도별 인구·피해액 값이 동일하므로 연도 변화로 해석하지 않았다. 시군구 파일에는 주택·Z값·온실·소상공인 데이터가 없어 해당 지표 인사이트를 생성하지 않았다.
2026|시군구|경북|영덕군|damagePerCapita,2026,시군구,경북,영덕군,파생지표,damagePerCapita,1인당 우심피해액,,N,"2026년 경북 영덕군의 1인당 우심피해액은 1,562,309원으로 경북 22개 시군구 중 5위다. 경북 전체 인구 기준 평균 1인당 피해액의 4.35배이며, 인구 규모에 비해 피해가 매우 크게 집중된 지역이다.",2026 파일의 인구는 2024년 12월 기준이고 피해액은 2015~2024년 누계이므로 2026년 단년 관측치로 해석하면 안 된다. 2024와 2026 파일의 시도별 인구·피해액 값이 동일하므로 연도 변화로 해석하지 않았다. 시군구 파일에는 주택·Z값·온실·소상공인 데이터가 없어 해당 지표 인사이트를 생성하지 않았다.
2026|시군구|경북|영양군|overall,2026,시군구,경북,영양군,종합,overall,종합 인사이트,,N,"2026년 경북 영양군의 인구는 15,328명으로 경북 22개 시군구 중 21위다. 우심피해액은 88.0억 원(12위)이고, 1인당 피해액은 574,231원(7위)이며 피해비중은 인구비중의 1.60배다. 인구 규모보다 피해 부담이 뚜렷하게 높은 편이다.",2026 파일의 인구는 2024년 12월 기준이고 피해액은 2015~2024년 누계이므로 2026년 단년 관측치로 해석하면 안 된다. 2024와 2026 파일의 시도별 인구·피해액 값이 동일하므로 연도 변화로 해석하지 않았다. 시군구 파일에는 주택·Z값·온실·소상공인 데이터가 없어 해당 지표 인사이트를 생성하지 않았다.
2026|시군구|경북|영양군|damage,2026,시군구,경북,영양군,원지표,damage,우심피해액,우심피해액(원),Y,"2026년 경북 영양군의 우심피해액은 88.0억 원으로, 경북 22개 시군구 중 12위이며 경북 전체의 0.97%다. 1인당 피해액은 574,231원이고 피해비중/인구비중은 1.60배다.",2026 파일의 인구는 2024년 12월 기준이고 피해액은 2015~2024년 누계이므로 2026년 단년 관측치로 해석하면 안 된다. 2024와 2026 파일의 시도별 인구·피해액 값이 동일하므로 연도 변화로 해석하지 않았다. 시군구 파일에는 주택·Z값·온실·소상공인 데이터가 없어 해당 지표 인사이트를 생성하지 않았다.
2026|시군구|경북|영양군|population,2026,시군구,경북,영양군,원지표,population,인구수,인구수(건),Y,"2026년 경북 영양군의 인구는 15,328명으로 경북 22개 시군구 중 21위이며 경북 전체의 0.61%를 차지한다. 경북 22개 시군구 평균의 0.13배다.",2026 파일의 인구는 2024년 12월 기준이고 피해액은 2015~2024년 누계이므로 2026년 단년 관측치로 해석하면 안 된다. 2024와 2026 파일의 시도별 인구·피해액 값이 동일하므로 연도 변화로 해석하지 않았다. 시군구 파일에는 주택·Z값·온실·소상공인 데이터가 없어 해당 지표 인사이트를 생성하지 않았다.
2026|시군구|경북|영양군|damagePerCapita,2026,시군구,경북,영양군,파생지표,damagePerCapita,1인당 우심피해액,,N,"2026년 경북 영양군의 1인당 우심피해액은 574,231원으로 경북 22개 시군구 중 7위다. 경북 전체 인구 기준 평균 1인당 피해액의 1.60배이며, 인구 규모보다 피해 부담이 뚜렷하게 높은 편이다.",2026 파일의 인구는 2024년 12월 기준이고 피해액은 2015~2024년 누계이므로 2026년 단년 관측치로 해석하면 안 된다. 2024와 2026 파일의 시도별 인구·피해액 값이 동일하므로 연도 변화로 해석하지 않았다. 시군구 파일에는 주택·Z값·온실·소상공인 데이터가 없어 해당 지표 인사이트를 생성하지 않았다.
2026|시군구|경북|영주시|overall,2026,시군구,경북,영주시,종합,overall,종합 인사이트,,N,"2026년 경북 영주시의 인구는 98,870명으로 경북 22개 시군구 중 8위다. 우심피해액은 486.9억 원(9위)이고, 1인당 피해액은 492,497원(10위)이며 피해비중은 인구비중의 1.37배다. 인구 비중과 피해 비중이 대체로 비슷한 수준이다.",2026 파일의 인구는 2024년 12월 기준이고 피해액은 2015~2024년 누계이므로 2026년 단년 관측치로 해석하면 안 된다. 2024와 2026 파일의 시도별 인구·피해액 값이 동일하므로 연도 변화로 해석하지 않았다. 시군구 파일에는 주택·Z값·온실·소상공인 데이터가 없어 해당 지표 인사이트를 생성하지 않았다.
2026|시군구|경북|영주시|damage,2026,시군구,경북,영주시,원지표,damage,우심피해액,우심피해액(원),Y,"2026년 경북 영주시의 우심피해액은 486.9억 원으로, 경북 22개 시군구 중 9위이며 경북 전체의 5.36%다. 1인당 피해액은 492,497원이고 피해비중/인구비중은 1.37배다.",2026 파일의 인구는 2024년 12월 기준이고 피해액은 2015~2024년 누계이므로 2026년 단년 관측치로 해석하면 안 된다. 2024와 2026 파일의 시도별 인구·피해액 값이 동일하므로 연도 변화로 해석하지 않았다. 시군구 파일에는 주택·Z값·온실·소상공인 데이터가 없어 해당 지표 인사이트를 생성하지 않았다.
2026|시군구|경북|영주시|population,2026,시군구,경북,영주시,원지표,population,인구수,인구수(건),Y,"2026년 경북 영주시의 인구는 98,870명으로 경북 22개 시군구 중 8위이며 경북 전체의 3.91%를 차지한다. 경북 22개 시군구 평균의 0.86배다.",2026 파일의 인구는 2024년 12월 기준이고 피해액은 2015~2024년 누계이므로 2026년 단년 관측치로 해석하면 안 된다. 2024와 2026 파일의 시도별 인구·피해액 값이 동일하므로 연도 변화로 해석하지 않았다. 시군구 파일에는 주택·Z값·온실·소상공인 데이터가 없어 해당 지표 인사이트를 생성하지 않았다.
2026|시군구|경북|영주시|damagePerCapita,2026,시군구,경북,영주시,파생지표,damagePerCapita,1인당 우심피해액,,N,"2026년 경북 영주시의 1인당 우심피해액은 492,497원으로 경북 22개 시군구 중 10위다. 경북 전체 인구 기준 평균 1인당 피해액의 1.37배이며, 인구 비중과 피해 비중이 대체로 비슷한 수준이다.",2026 파일의 인구는 2024년 12월 기준이고 피해액은 2015~2024년 누계이므로 2026년 단년 관측치로 해석하면 안 된다. 2024와 2026 파일의 시도별 인구·피해액 값이 동일하므로 연도 변화로 해석하지 않았다. 시군구 파일에는 주택·Z값·온실·소상공인 데이터가 없어 해당 지표 인사이트를 생성하지 않았다.
2026|시군구|경북|영천시|overall,2026,시군구,경북,영천시,종합,overall,종합 인사이트,,N,"2026년 경북 영천시의 인구는 98,143명으로 경북 22개 시군구 중 9위이며 경북 인구의 3.88%다. 원자료상 우심피해액은 0원으로 기록되어 있으며, 다른 시군구 대비 피해부담 순위는 최하위권이다.",2026 파일의 인구는 2024년 12월 기준이고 피해액은 2015~2024년 누계이므로 2026년 단년 관측치로 해석하면 안 된다. 2024와 2026 파일의 시도별 인구·피해액 값이 동일하므로 연도 변화로 해석하지 않았다. 시군구 파일에는 주택·Z값·온실·소상공인 데이터가 없어 해당 지표 인사이트를 생성하지 않았다.
2026|시군구|경북|영천시|damage,2026,시군구,경북,영천시,원지표,damage,우심피해액,우심피해액(원),Y,2026년 경북 영천시의 원자료상 우심피해액은 0원으로 경북 22개 시군구 내 공동 최하위다. 0원은 집계기간에 피해액이 기록되지 않았다는 의미이며 향후 재난위험이 없다는 뜻은 아니다.,2026 파일의 인구는 2024년 12월 기준이고 피해액은 2015~2024년 누계이므로 2026년 단년 관측치로 해석하면 안 된다. 2024와 2026 파일의 시도별 인구·피해액 값이 동일하므로 연도 변화로 해석하지 않았다. 시군구 파일에는 주택·Z값·온실·소상공인 데이터가 없어 해당 지표 인사이트를 생성하지 않았다.
2026|시군구|경북|영천시|population,2026,시군구,경북,영천시,원지표,population,인구수,인구수(건),Y,"2026년 경북 영천시의 인구는 98,143명으로 경북 22개 시군구 중 9위이며 경북 전체의 3.88%를 차지한다. 경북 22개 시군구 평균의 0.85배다.",2026 파일의 인구는 2024년 12월 기준이고 피해액은 2015~2024년 누계이므로 2026년 단년 관측치로 해석하면 안 된다. 2024와 2026 파일의 시도별 인구·피해액 값이 동일하므로 연도 변화로 해석하지 않았다. 시군구 파일에는 주택·Z값·온실·소상공인 데이터가 없어 해당 지표 인사이트를 생성하지 않았다.
2026|시군구|경북|영천시|damagePerCapita,2026,시군구,경북,영천시,파생지표,damagePerCapita,1인당 우심피해액,,N,"2026년 경북 영천시의 1인당 우심피해액은 0원으로 경북 22개 시군구 중 공동 최하위다. 경북 전체 인구 기준 평균 1인당 피해액의 0.00배이며, 원자료상 피해액은 0원으로 기록되어 있다.",2026 파일의 인구는 2024년 12월 기준이고 피해액은 2015~2024년 누계이므로 2026년 단년 관측치로 해석하면 안 된다. 2024와 2026 파일의 시도별 인구·피해액 값이 동일하므로 연도 변화로 해석하지 않았다. 시군구 파일에는 주택·Z값·온실·소상공인 데이터가 없어 해당 지표 인사이트를 생성하지 않았다.
2026|시군구|경북|예천군|overall,2026,시군구,경북,예천군,종합,overall,종합 인사이트,,N,"2026년 경북 예천군의 인구는 54,609명으로 경북 22개 시군구 중 12위다. 우심피해액은 985.9억 원(3위)이고, 1인당 피해액은 1,805,395원(3위)이며 피해비중은 인구비중의 5.03배다. 인구 규모에 비해 피해가 매우 크게 집중된 지역이다.",2026 파일의 인구는 2024년 12월 기준이고 피해액은 2015~2024년 누계이므로 2026년 단년 관측치로 해석하면 안 된다. 2024와 2026 파일의 시도별 인구·피해액 값이 동일하므로 연도 변화로 해석하지 않았다. 시군구 파일에는 주택·Z값·온실·소상공인 데이터가 없어 해당 지표 인사이트를 생성하지 않았다.
2026|시군구|경북|예천군|damage,2026,시군구,경북,예천군,원지표,damage,우심피해액,우심피해액(원),Y,"2026년 경북 예천군의 우심피해액은 985.9억 원으로, 경북 22개 시군구 중 3위이며 경북 전체의 10.85%다. 1인당 피해액은 1,805,395원이고 피해비중/인구비중은 5.03배다.",2026 파일의 인구는 2024년 12월 기준이고 피해액은 2015~2024년 누계이므로 2026년 단년 관측치로 해석하면 안 된다. 2024와 2026 파일의 시도별 인구·피해액 값이 동일하므로 연도 변화로 해석하지 않았다. 시군구 파일에는 주택·Z값·온실·소상공인 데이터가 없어 해당 지표 인사이트를 생성하지 않았다.
2026|시군구|경북|예천군|population,2026,시군구,경북,예천군,원지표,population,인구수,인구수(건),Y,"2026년 경북 예천군의 인구는 54,609명으로 경북 22개 시군구 중 12위이며 경북 전체의 2.16%를 차지한다. 경북 22개 시군구 평균의 0.47배다.",2026 파일의 인구는 2024년 12월 기준이고 피해액은 2015~2024년 누계이므로 2026년 단년 관측치로 해석하면 안 된다. 2024와 2026 파일의 시도별 인구·피해액 값이 동일하므로 연도 변화로 해석하지 않았다. 시군구 파일에는 주택·Z값·온실·소상공인 데이터가 없어 해당 지표 인사이트를 생성하지 않았다.
2026|시군구|경북|예천군|damagePerCapita,2026,시군구,경북,예천군,파생지표,damagePerCapita,1인당 우심피해액,,N,"2026년 경북 예천군의 1인당 우심피해액은 1,805,395원으로 경북 22개 시군구 중 3위다. 경북 전체 인구 기준 평균 1인당 피해액의 5.03배이며, 인구 규모에 비해 피해가 매우 크게 집중된 지역이다.",2026 파일의 인구는 2024년 12월 기준이고 피해액은 2015~2024년 누계이므로 2026년 단년 관측치로 해석하면 안 된다. 2024와 2026 파일의 시도별 인구·피해액 값이 동일하므로 연도 변화로 해석하지 않았다. 시군구 파일에는 주택·Z값·온실·소상공인 데이터가 없어 해당 지표 인사이트를 생성하지 않았다.
2026|시군구|경북|울릉군|overall,2026,시군구,경북,울릉군,종합,overall,종합 인사이트,,N,"2026년 경북 울릉군의 인구는 9,099명으로 경북 22개 시군구 중 22위(최하위)다. 우심피해액은 511.0억 원(8위)이고, 1인당 피해액은 5,616,152원(1위)이며 피해비중은 인구비중의 15.64배다. 인구 규모에 비해 피해가 매우 크게 집중된 지역이다.",2026 파일의 인구는 2024년 12월 기준이고 피해액은 2015~2024년 누계이므로 2026년 단년 관측치로 해석하면 안 된다. 2024와 2026 파일의 시도별 인구·피해액 값이 동일하므로 연도 변화로 해석하지 않았다. 시군구 파일에는 주택·Z값·온실·소상공인 데이터가 없어 해당 지표 인사이트를 생성하지 않았다.
2026|시군구|경북|울릉군|damage,2026,시군구,경북,울릉군,원지표,damage,우심피해액,우심피해액(원),Y,"2026년 경북 울릉군의 우심피해액은 511.0억 원으로, 경북 22개 시군구 중 8위이며 경북 전체의 5.62%다. 1인당 피해액은 5,616,152원이고 피해비중/인구비중은 15.64배다.",2026 파일의 인구는 2024년 12월 기준이고 피해액은 2015~2024년 누계이므로 2026년 단년 관측치로 해석하면 안 된다. 2024와 2026 파일의 시도별 인구·피해액 값이 동일하므로 연도 변화로 해석하지 않았다. 시군구 파일에는 주택·Z값·온실·소상공인 데이터가 없어 해당 지표 인사이트를 생성하지 않았다.
2026|시군구|경북|울릉군|population,2026,시군구,경북,울릉군,원지표,population,인구수,인구수(건),Y,"2026년 경북 울릉군의 인구는 9,099명으로 경북 22개 시군구 중 22위(최하위)이며 경북 전체의 0.36%를 차지한다. 경북 22개 시군구 평균의 0.08배다.",2026 파일의 인구는 2024년 12월 기준이고 피해액은 2015~2024년 누계이므로 2026년 단년 관측치로 해석하면 안 된다. 2024와 2026 파일의 시도별 인구·피해액 값이 동일하므로 연도 변화로 해석하지 않았다. 시군구 파일에는 주택·Z값·온실·소상공인 데이터가 없어 해당 지표 인사이트를 생성하지 않았다.
2026|시군구|경북|울릉군|damagePerCapita,2026,시군구,경북,울릉군,파생지표,damagePerCapita,1인당 우심피해액,,N,"2026년 경북 울릉군의 1인당 우심피해액은 5,616,152원으로 경북 22개 시군구 중 1위다. 경북 전체 인구 기준 평균 1인당 피해액의 15.64배이며, 인구 규모에 비해 피해가 매우 크게 집중된 지역이다.",2026 파일의 인구는 2024년 12월 기준이고 피해액은 2015~2024년 누계이므로 2026년 단년 관측치로 해석하면 안 된다. 2024와 2026 파일의 시도별 인구·피해액 값이 동일하므로 연도 변화로 해석하지 않았다. 시군구 파일에는 주택·Z값·온실·소상공인 데이터가 없어 해당 지표 인사이트를 생성하지 않았다.
2026|시군구|경북|울진군|overall,2026,시군구,경북,울진군,종합,overall,종합 인사이트,,N,"2026년 경북 울진군의 인구는 46,124명으로 경북 22개 시군구 중 14위다. 우심피해액은 735.0억 원(5위)이고, 1인당 피해액은 1,593,578원(4위)이며 피해비중은 인구비중의 4.44배다. 인구 규모에 비해 피해가 매우 크게 집중된 지역이다.",2026 파일의 인구는 2024년 12월 기준이고 피해액은 2015~2024년 누계이므로 2026년 단년 관측치로 해석하면 안 된다. 2024와 2026 파일의 시도별 인구·피해액 값이 동일하므로 연도 변화로 해석하지 않았다. 시군구 파일에는 주택·Z값·온실·소상공인 데이터가 없어 해당 지표 인사이트를 생성하지 않았다.
2026|시군구|경북|울진군|damage,2026,시군구,경북,울진군,원지표,damage,우심피해액,우심피해액(원),Y,"2026년 경북 울진군의 우심피해액은 735.0억 원으로, 경북 22개 시군구 중 5위이며 경북 전체의 8.09%다. 1인당 피해액은 1,593,578원이고 피해비중/인구비중은 4.44배다.",2026 파일의 인구는 2024년 12월 기준이고 피해액은 2015~2024년 누계이므로 2026년 단년 관측치로 해석하면 안 된다. 2024와 2026 파일의 시도별 인구·피해액 값이 동일하므로 연도 변화로 해석하지 않았다. 시군구 파일에는 주택·Z값·온실·소상공인 데이터가 없어 해당 지표 인사이트를 생성하지 않았다.
2026|시군구|경북|울진군|population,2026,시군구,경북,울진군,원지표,population,인구수,인구수(건),Y,"2026년 경북 울진군의 인구는 46,124명으로 경북 22개 시군구 중 14위이며 경북 전체의 1.82%를 차지한다. 경북 22개 시군구 평균의 0.40배다.",2026 파일의 인구는 2024년 12월 기준이고 피해액은 2015~2024년 누계이므로 2026년 단년 관측치로 해석하면 안 된다. 2024와 2026 파일의 시도별 인구·피해액 값이 동일하므로 연도 변화로 해석하지 않았다. 시군구 파일에는 주택·Z값·온실·소상공인 데이터가 없어 해당 지표 인사이트를 생성하지 않았다.
2026|시군구|경북|울진군|damagePerCapita,2026,시군구,경북,울진군,파생지표,damagePerCapita,1인당 우심피해액,,N,"2026년 경북 울진군의 1인당 우심피해액은 1,593,578원으로 경북 22개 시군구 중 4위다. 경북 전체 인구 기준 평균 1인당 피해액의 4.44배이며, 인구 규모에 비해 피해가 매우 크게 집중된 지역이다.",2026 파일의 인구는 2024년 12월 기준이고 피해액은 2015~2024년 누계이므로 2026년 단년 관측치로 해석하면 안 된다. 2024와 2026 파일의 시도별 인구·피해액 값이 동일하므로 연도 변화로 해석하지 않았다. 시군구 파일에는 주택·Z값·온실·소상공인 데이터가 없어 해당 지표 인사이트를 생성하지 않았다.
2026|시군구|경북|의성군|overall,2026,시군구,경북,의성군,종합,overall,종합 인사이트,,N,"2026년 경북 의성군의 인구는 48,690명으로 경북 22개 시군구 중 13위다. 우심피해액은 81.4억 원(13위)이고, 1인당 피해액은 167,208원(12위)이며 피해비중은 인구비중의 0.47배다. 인구 규모 대비 피해 부담은 낮은 편이다.",2026 파일의 인구는 2024년 12월 기준이고 피해액은 2015~2024년 누계이므로 2026년 단년 관측치로 해석하면 안 된다. 2024와 2026 파일의 시도별 인구·피해액 값이 동일하므로 연도 변화로 해석하지 않았다. 시군구 파일에는 주택·Z값·온실·소상공인 데이터가 없어 해당 지표 인사이트를 생성하지 않았다.
2026|시군구|경북|의성군|damage,2026,시군구,경북,의성군,원지표,damage,우심피해액,우심피해액(원),Y,"2026년 경북 의성군의 우심피해액은 81.4억 원으로, 경북 22개 시군구 중 13위이며 경북 전체의 0.90%다. 1인당 피해액은 167,208원이고 피해비중/인구비중은 0.47배다.",2026 파일의 인구는 2024년 12월 기준이고 피해액은 2015~2024년 누계이므로 2026년 단년 관측치로 해석하면 안 된다. 2024와 2026 파일의 시도별 인구·피해액 값이 동일하므로 연도 변화로 해석하지 않았다. 시군구 파일에는 주택·Z값·온실·소상공인 데이터가 없어 해당 지표 인사이트를 생성하지 않았다.
2026|시군구|경북|의성군|population,2026,시군구,경북,의성군,원지표,population,인구수,인구수(건),Y,"2026년 경북 의성군의 인구는 48,690명으로 경북 22개 시군구 중 13위이며 경북 전체의 1.92%를 차지한다. 경북 22개 시군구 평균의 0.42배다.",2026 파일의 인구는 2024년 12월 기준이고 피해액은 2015~2024년 누계이므로 2026년 단년 관측치로 해석하면 안 된다. 2024와 2026 파일의 시도별 인구·피해액 값이 동일하므로 연도 변화로 해석하지 않았다. 시군구 파일에는 주택·Z값·온실·소상공인 데이터가 없어 해당 지표 인사이트를 생성하지 않았다.
2026|시군구|경북|의성군|damagePerCapita,2026,시군구,경북,의성군,파생지표,damagePerCapita,1인당 우심피해액,,N,"2026년 경북 의성군의 1인당 우심피해액은 167,208원으로 경북 22개 시군구 중 12위다. 경북 전체 인구 기준 평균 1인당 피해액의 0.47배이며, 인구 규모 대비 피해 부담은 낮은 편이다.",2026 파일의 인구는 2024년 12월 기준이고 피해액은 2015~2024년 누계이므로 2026년 단년 관측치로 해석하면 안 된다. 2024와 2026 파일의 시도별 인구·피해액 값이 동일하므로 연도 변화로 해석하지 않았다. 시군구 파일에는 주택·Z값·온실·소상공인 데이터가 없어 해당 지표 인사이트를 생성하지 않았다.
2026|시군구|경북|청도군|overall,2026,시군구,경북,청도군,종합,overall,종합 인사이트,,N,"2026년 경북 청도군의 인구는 40,582명으로 경북 22개 시군구 중 16위이며 경북 인구의 1.60%다. 원자료상 우심피해액은 0원으로 기록되어 있으며, 다른 시군구 대비 피해부담 순위는 최하위권이다.",2026 파일의 인구는 2024년 12월 기준이고 피해액은 2015~2024년 누계이므로 2026년 단년 관측치로 해석하면 안 된다. 2024와 2026 파일의 시도별 인구·피해액 값이 동일하므로 연도 변화로 해석하지 않았다. 시군구 파일에는 주택·Z값·온실·소상공인 데이터가 없어 해당 지표 인사이트를 생성하지 않았다.
2026|시군구|경북|청도군|damage,2026,시군구,경북,청도군,원지표,damage,우심피해액,우심피해액(원),Y,2026년 경북 청도군의 원자료상 우심피해액은 0원으로 경북 22개 시군구 내 공동 최하위다. 0원은 집계기간에 피해액이 기록되지 않았다는 의미이며 향후 재난위험이 없다는 뜻은 아니다.,2026 파일의 인구는 2024년 12월 기준이고 피해액은 2015~2024년 누계이므로 2026년 단년 관측치로 해석하면 안 된다. 2024와 2026 파일의 시도별 인구·피해액 값이 동일하므로 연도 변화로 해석하지 않았다. 시군구 파일에는 주택·Z값·온실·소상공인 데이터가 없어 해당 지표 인사이트를 생성하지 않았다.
2026|시군구|경북|청도군|population,2026,시군구,경북,청도군,원지표,population,인구수,인구수(건),Y,"2026년 경북 청도군의 인구는 40,582명으로 경북 22개 시군구 중 16위이며 경북 전체의 1.60%를 차지한다. 경북 22개 시군구 평균의 0.35배다.",2026 파일의 인구는 2024년 12월 기준이고 피해액은 2015~2024년 누계이므로 2026년 단년 관측치로 해석하면 안 된다. 2024와 2026 파일의 시도별 인구·피해액 값이 동일하므로 연도 변화로 해석하지 않았다. 시군구 파일에는 주택·Z값·온실·소상공인 데이터가 없어 해당 지표 인사이트를 생성하지 않았다.
2026|시군구|경북|청도군|damagePerCapita,2026,시군구,경북,청도군,파생지표,damagePerCapita,1인당 우심피해액,,N,"2026년 경북 청도군의 1인당 우심피해액은 0원으로 경북 22개 시군구 중 공동 최하위다. 경북 전체 인구 기준 평균 1인당 피해액의 0.00배이며, 원자료상 피해액은 0원으로 기록되어 있다.",2026 파일의 인구는 2024년 12월 기준이고 피해액은 2015~2024년 누계이므로 2026년 단년 관측치로 해석하면 안 된다. 2024와 2026 파일의 시도별 인구·피해액 값이 동일하므로 연도 변화로 해석하지 않았다. 시군구 파일에는 주택·Z값·온실·소상공인 데이터가 없어 해당 지표 인사이트를 생성하지 않았다.
2026|시군구|경북|청송군|overall,2026,시군구,경북,청송군,종합,overall,종합 인사이트,,N,"2026년 경북 청송군의 인구는 23,716명으로 경북 22개 시군구 중 20위다. 우심피해액은 132.7억 원(11위)이고, 1인당 피해액은 559,485원(9위)이며 피해비중은 인구비중의 1.56배다. 인구 규모보다 피해 부담이 뚜렷하게 높은 편이다.",2026 파일의 인구는 2024년 12월 기준이고 피해액은 2015~2024년 누계이므로 2026년 단년 관측치로 해석하면 안 된다. 2024와 2026 파일의 시도별 인구·피해액 값이 동일하므로 연도 변화로 해석하지 않았다. 시군구 파일에는 주택·Z값·온실·소상공인 데이터가 없어 해당 지표 인사이트를 생성하지 않았다.
2026|시군구|경북|청송군|damage,2026,시군구,경북,청송군,원지표,damage,우심피해액,우심피해액(원),Y,"2026년 경북 청송군의 우심피해액은 132.7억 원으로, 경북 22개 시군구 중 11위이며 경북 전체의 1.46%다. 1인당 피해액은 559,485원이고 피해비중/인구비중은 1.56배다.",2026 파일의 인구는 2024년 12월 기준이고 피해액은 2015~2024년 누계이므로 2026년 단년 관측치로 해석하면 안 된다. 2024와 2026 파일의 시도별 인구·피해액 값이 동일하므로 연도 변화로 해석하지 않았다. 시군구 파일에는 주택·Z값·온실·소상공인 데이터가 없어 해당 지표 인사이트를 생성하지 않았다.
2026|시군구|경북|청송군|population,2026,시군구,경북,청송군,원지표,population,인구수,인구수(건),Y,"2026년 경북 청송군의 인구는 23,716명으로 경북 22개 시군구 중 20위이며 경북 전체의 0.94%를 차지한다. 경북 22개 시군구 평균의 0.21배다.",2026 파일의 인구는 2024년 12월 기준이고 피해액은 2015~2024년 누계이므로 2026년 단년 관측치로 해석하면 안 된다. 2024와 2026 파일의 시도별 인구·피해액 값이 동일하므로 연도 변화로 해석하지 않았다. 시군구 파일에는 주택·Z값·온실·소상공인 데이터가 없어 해당 지표 인사이트를 생성하지 않았다.
2026|시군구|경북|청송군|damagePerCapita,2026,시군구,경북,청송군,파생지표,damagePerCapita,1인당 우심피해액,,N,"2026년 경북 청송군의 1인당 우심피해액은 559,485원으로 경북 22개 시군구 중 9위다. 경북 전체 인구 기준 평균 1인당 피해액의 1.56배이며, 인구 규모보다 피해 부담이 뚜렷하게 높은 편이다.",2026 파일의 인구는 2024년 12월 기준이고 피해액은 2015~2024년 누계이므로 2026년 단년 관측치로 해석하면 안 된다. 2024와 2026 파일의 시도별 인구·피해액 값이 동일하므로 연도 변화로 해석하지 않았다. 시군구 파일에는 주택·Z값·온실·소상공인 데이터가 없어 해당 지표 인사이트를 생성하지 않았다.
2026|시군구|경북|칠곡군|overall,2026,시군구,경북,칠곡군,종합,overall,종합 인사이트,,N,"2026년 경북 칠곡군의 인구는 107,383명으로 경북 22개 시군구 중 7위다. 우심피해액은 33.8억 원(17위)이고, 1인당 피해액은 31,477원(16위)이며 피해비중은 인구비중의 0.09배다. 인구 규모 대비 피해 부담은 매우 낮게 나타난다.",2026 파일의 인구는 2024년 12월 기준이고 피해액은 2015~2024년 누계이므로 2026년 단년 관측치로 해석하면 안 된다. 2024와 2026 파일의 시도별 인구·피해액 값이 동일하므로 연도 변화로 해석하지 않았다. 시군구 파일에는 주택·Z값·온실·소상공인 데이터가 없어 해당 지표 인사이트를 생성하지 않았다.
2026|시군구|경북|칠곡군|damage,2026,시군구,경북,칠곡군,원지표,damage,우심피해액,우심피해액(원),Y,"2026년 경북 칠곡군의 우심피해액은 33.8억 원으로, 경북 22개 시군구 중 17위이며 경북 전체의 0.37%다. 1인당 피해액은 31,477원이고 피해비중/인구비중은 0.09배다.",2026 파일의 인구는 2024년 12월 기준이고 피해액은 2015~2024년 누계이므로 2026년 단년 관측치로 해석하면 안 된다. 2024와 2026 파일의 시도별 인구·피해액 값이 동일하므로 연도 변화로 해석하지 않았다. 시군구 파일에는 주택·Z값·온실·소상공인 데이터가 없어 해당 지표 인사이트를 생성하지 않았다.
2026|시군구|경북|칠곡군|population,2026,시군구,경북,칠곡군,원지표,population,인구수,인구수(건),Y,"2026년 경북 칠곡군의 인구는 107,383명으로 경북 22개 시군구 중 7위이며 경북 전체의 4.24%를 차지한다. 경북 22개 시군구 평균의 0.93배다.",2026 파일의 인구는 2024년 12월 기준이고 피해액은 2015~2024년 누계이므로 2026년 단년 관측치로 해석하면 안 된다. 2024와 2026 파일의 시도별 인구·피해액 값이 동일하므로 연도 변화로 해석하지 않았다. 시군구 파일에는 주택·Z값·온실·소상공인 데이터가 없어 해당 지표 인사이트를 생성하지 않았다.
2026|시군구|경북|칠곡군|damagePerCapita,2026,시군구,경북,칠곡군,파생지표,damagePerCapita,1인당 우심피해액,,N,"2026년 경북 칠곡군의 1인당 우심피해액은 31,477원으로 경북 22개 시군구 중 16위다. 경북 전체 인구 기준 평균 1인당 피해액의 0.09배이며, 인구 규모 대비 피해 부담은 매우 낮게 나타난다.",2026 파일의 인구는 2024년 12월 기준이고 피해액은 2015~2024년 누계이므로 2026년 단년 관측치로 해석하면 안 된다. 2024와 2026 파일의 시도별 인구·피해액 값이 동일하므로 연도 변화로 해석하지 않았다. 시군구 파일에는 주택·Z값·온실·소상공인 데이터가 없어 해당 지표 인사이트를 생성하지 않았다.
2026|시군구|경북|포항시|overall,2026,시군구,경북,포항시,종합,overall,종합 인사이트,,N,"2026년 경북 포항시의 인구는 491,581명으로 경북 22개 시군구 중 1위다. 우심피해액은 2,262.4억 원(1위)이고, 1인당 피해액은 460,233원(11위)이며 피해비중은 인구비중의 1.28배다. 인구 비중과 피해 비중이 대체로 비슷한 수준이다.",2026 파일의 인구는 2024년 12월 기준이고 피해액은 2015~2024년 누계이므로 2026년 단년 관측치로 해석하면 안 된다. 2024와 2026 파일의 시도별 인구·피해액 값이 동일하므로 연도 변화로 해석하지 않았다. 시군구 파일에는 주택·Z값·온실·소상공인 데이터가 없어 해당 지표 인사이트를 생성하지 않았다.
2026|시군구|경북|포항시|damage,2026,시군구,경북,포항시,원지표,damage,우심피해액,우심피해액(원),Y,"2026년 경북 포항시의 우심피해액은 2,262.4억 원으로, 경북 22개 시군구 중 1위이며 경북 전체의 24.89%다. 1인당 피해액은 460,233원이고 피해비중/인구비중은 1.28배다.",2026 파일의 인구는 2024년 12월 기준이고 피해액은 2015~2024년 누계이므로 2026년 단년 관측치로 해석하면 안 된다. 2024와 2026 파일의 시도별 인구·피해액 값이 동일하므로 연도 변화로 해석하지 않았다. 시군구 파일에는 주택·Z값·온실·소상공인 데이터가 없어 해당 지표 인사이트를 생성하지 않았다.
2026|시군구|경북|포항시|population,2026,시군구,경북,포항시,원지표,population,인구수,인구수(건),Y,"2026년 경북 포항시의 인구는 491,581명으로 경북 22개 시군구 중 1위이며 경북 전체의 19.42%를 차지한다. 경북 22개 시군구 평균의 4.27배다.",2026 파일의 인구는 2024년 12월 기준이고 피해액은 2015~2024년 누계이므로 2026년 단년 관측치로 해석하면 안 된다. 2024와 2026 파일의 시도별 인구·피해액 값이 동일하므로 연도 변화로 해석하지 않았다. 시군구 파일에는 주택·Z값·온실·소상공인 데이터가 없어 해당 지표 인사이트를 생성하지 않았다.
2026|시군구|경북|포항시|damagePerCapita,2026,시군구,경북,포항시,파생지표,damagePerCapita,1인당 우심피해액,,N,"2026년 경북 포항시의 1인당 우심피해액은 460,233원으로 경북 22개 시군구 중 11위다. 경북 전체 인구 기준 평균 1인당 피해액의 1.28배이며, 인구 비중과 피해 비중이 대체로 비슷한 수준이다.",2026 파일의 인구는 2024년 12월 기준이고 피해액은 2015~2024년 누계이므로 2026년 단년 관측치로 해석하면 안 된다. 2024와 2026 파일의 시도별 인구·피해액 값이 동일하므로 연도 변화로 해석하지 않았다. 시군구 파일에는 주택·Z값·온실·소상공인 데이터가 없어 해당 지표 인사이트를 생성하지 않았다.
2026|시군구|경남|거제시|overall,2026,시군구,경남,거제시,종합,overall,종합 인사이트,,N,"2026년 경남 거제시의 인구는 232,972명으로 경남 18개 시군구 중 5위다. 우심피해액은 275.4억 원(4위)이고, 1인당 피해액은 118,206원(8위)이며 피해비중은 인구비중의 1.53배다. 인구 규모보다 피해 부담이 뚜렷하게 높은 편이다.",2026 파일의 인구는 2024년 12월 기준이고 피해액은 2015~2024년 누계이므로 2026년 단년 관측치로 해석하면 안 된다. 2024와 2026 파일의 시도별 인구·피해액 값이 동일하므로 연도 변화로 해석하지 않았다. 시군구 파일에는 주택·Z값·온실·소상공인 데이터가 없어 해당 지표 인사이트를 생성하지 않았다.
2026|시군구|경남|거제시|damage,2026,시군구,경남,거제시,원지표,damage,우심피해액,우심피해액(원),Y,"2026년 경남 거제시의 우심피해액은 275.4억 원으로, 경남 18개 시군구 중 4위이며 경남 전체의 11.02%다. 1인당 피해액은 118,206원이고 피해비중/인구비중은 1.53배다.",2026 파일의 인구는 2024년 12월 기준이고 피해액은 2015~2024년 누계이므로 2026년 단년 관측치로 해석하면 안 된다. 2024와 2026 파일의 시도별 인구·피해액 값이 동일하므로 연도 변화로 해석하지 않았다. 시군구 파일에는 주택·Z값·온실·소상공인 데이터가 없어 해당 지표 인사이트를 생성하지 않았다.
2026|시군구|경남|거제시|population,2026,시군구,경남,거제시,원지표,population,인구수,인구수(건),Y,"2026년 경남 거제시의 인구는 232,972명으로 경남 18개 시군구 중 5위이며 경남 전체의 7.22%를 차지한다. 경남 18개 시군구 평균의 1.30배다.",2026 파일의 인구는 2024년 12월 기준이고 피해액은 2015~2024년 누계이므로 2026년 단년 관측치로 해석하면 안 된다. 2024와 2026 파일의 시도별 인구·피해액 값이 동일하므로 연도 변화로 해석하지 않았다. 시군구 파일에는 주택·Z값·온실·소상공인 데이터가 없어 해당 지표 인사이트를 생성하지 않았다.
2026|시군구|경남|거제시|damagePerCapita,2026,시군구,경남,거제시,파생지표,damagePerCapita,1인당 우심피해액,,N,"2026년 경남 거제시의 1인당 우심피해액은 118,206원으로 경남 18개 시군구 중 8위다. 경남 전체 인구 기준 평균 1인당 피해액의 1.53배이며, 인구 규모보다 피해 부담이 뚜렷하게 높은 편이다.",2026 파일의 인구는 2024년 12월 기준이고 피해액은 2015~2024년 누계이므로 2026년 단년 관측치로 해석하면 안 된다. 2024와 2026 파일의 시도별 인구·피해액 값이 동일하므로 연도 변화로 해석하지 않았다. 시군구 파일에는 주택·Z값·온실·소상공인 데이터가 없어 해당 지표 인사이트를 생성하지 않았다.
2026|시군구|경남|거창군|overall,2026,시군구,경남,거창군,종합,overall,종합 인사이트,,N,"2026년 경남 거창군의 인구는 59,588명으로 경남 18개 시군구 중 9위다. 우심피해액은 126.8억 원(7위)이고, 1인당 피해액은 212,848원(4위)이며 피해비중은 인구비중의 2.75배다. 인구 규모보다 피해 부담이 뚜렷하게 높은 편이다.",2026 파일의 인구는 2024년 12월 기준이고 피해액은 2015~2024년 누계이므로 2026년 단년 관측치로 해석하면 안 된다. 2024와 2026 파일의 시도별 인구·피해액 값이 동일하므로 연도 변화로 해석하지 않았다. 시군구 파일에는 주택·Z값·온실·소상공인 데이터가 없어 해당 지표 인사이트를 생성하지 않았다.
2026|시군구|경남|거창군|damage,2026,시군구,경남,거창군,원지표,damage,우심피해액,우심피해액(원),Y,"2026년 경남 거창군의 우심피해액은 126.8억 원으로, 경남 18개 시군구 중 7위이며 경남 전체의 5.07%다. 1인당 피해액은 212,848원이고 피해비중/인구비중은 2.75배다.",2026 파일의 인구는 2024년 12월 기준이고 피해액은 2015~2024년 누계이므로 2026년 단년 관측치로 해석하면 안 된다. 2024와 2026 파일의 시도별 인구·피해액 값이 동일하므로 연도 변화로 해석하지 않았다. 시군구 파일에는 주택·Z값·온실·소상공인 데이터가 없어 해당 지표 인사이트를 생성하지 않았다.
2026|시군구|경남|거창군|population,2026,시군구,경남,거창군,원지표,population,인구수,인구수(건),Y,"2026년 경남 거창군의 인구는 59,588명으로 경남 18개 시군구 중 9위이며 경남 전체의 1.85%를 차지한다. 경남 18개 시군구 평균의 0.33배다.",2026 파일의 인구는 2024년 12월 기준이고 피해액은 2015~2024년 누계이므로 2026년 단년 관측치로 해석하면 안 된다. 2024와 2026 파일의 시도별 인구·피해액 값이 동일하므로 연도 변화로 해석하지 않았다. 시군구 파일에는 주택·Z값·온실·소상공인 데이터가 없어 해당 지표 인사이트를 생성하지 않았다.
2026|시군구|경남|거창군|damagePerCapita,2026,시군구,경남,거창군,파생지표,damagePerCapita,1인당 우심피해액,,N,"2026년 경남 거창군의 1인당 우심피해액은 212,848원으로 경남 18개 시군구 중 4위다. 경남 전체 인구 기준 평균 1인당 피해액의 2.75배이며, 인구 규모보다 피해 부담이 뚜렷하게 높은 편이다.",2026 파일의 인구는 2024년 12월 기준이고 피해액은 2015~2024년 누계이므로 2026년 단년 관측치로 해석하면 안 된다. 2024와 2026 파일의 시도별 인구·피해액 값이 동일하므로 연도 변화로 해석하지 않았다. 시군구 파일에는 주택·Z값·온실·소상공인 데이터가 없어 해당 지표 인사이트를 생성하지 않았다.
2026|시군구|경남|고성군|overall,2026,시군구,경남,고성군,종합,overall,종합 인사이트,,N,"2026년 경남 고성군의 인구는 48,005명으로 경남 18개 시군구 중 12위이며 경남 인구의 1.49%다. 원자료상 우심피해액은 0원으로 기록되어 있으며, 다른 시군구 대비 피해부담 순위는 최하위권이다.",2026 파일의 인구는 2024년 12월 기준이고 피해액은 2015~2024년 누계이므로 2026년 단년 관측치로 해석하면 안 된다. 2024와 2026 파일의 시도별 인구·피해액 값이 동일하므로 연도 변화로 해석하지 않았다. 시군구 파일에는 주택·Z값·온실·소상공인 데이터가 없어 해당 지표 인사이트를 생성하지 않았다.
2026|시군구|경남|고성군|damage,2026,시군구,경남,고성군,원지표,damage,우심피해액,우심피해액(원),Y,2026년 경남 고성군의 원자료상 우심피해액은 0원으로 경남 18개 시군구 내 공동 최하위다. 0원은 집계기간에 피해액이 기록되지 않았다는 의미이며 향후 재난위험이 없다는 뜻은 아니다.,2026 파일의 인구는 2024년 12월 기준이고 피해액은 2015~2024년 누계이므로 2026년 단년 관측치로 해석하면 안 된다. 2024와 2026 파일의 시도별 인구·피해액 값이 동일하므로 연도 변화로 해석하지 않았다. 시군구 파일에는 주택·Z값·온실·소상공인 데이터가 없어 해당 지표 인사이트를 생성하지 않았다.
2026|시군구|경남|고성군|population,2026,시군구,경남,고성군,원지표,population,인구수,인구수(건),Y,"2026년 경남 고성군의 인구는 48,005명으로 경남 18개 시군구 중 12위이며 경남 전체의 1.49%를 차지한다. 경남 18개 시군구 평균의 0.27배다.",2026 파일의 인구는 2024년 12월 기준이고 피해액은 2015~2024년 누계이므로 2026년 단년 관측치로 해석하면 안 된다. 2024와 2026 파일의 시도별 인구·피해액 값이 동일하므로 연도 변화로 해석하지 않았다. 시군구 파일에는 주택·Z값·온실·소상공인 데이터가 없어 해당 지표 인사이트를 생성하지 않았다.
2026|시군구|경남|고성군|damagePerCapita,2026,시군구,경남,고성군,파생지표,damagePerCapita,1인당 우심피해액,,N,"2026년 경남 고성군의 1인당 우심피해액은 0원으로 경남 18개 시군구 중 공동 최하위다. 경남 전체 인구 기준 평균 1인당 피해액의 0.00배이며, 원자료상 피해액은 0원으로 기록되어 있다.",2026 파일의 인구는 2024년 12월 기준이고 피해액은 2015~2024년 누계이므로 2026년 단년 관측치로 해석하면 안 된다. 2024와 2026 파일의 시도별 인구·피해액 값이 동일하므로 연도 변화로 해석하지 않았다. 시군구 파일에는 주택·Z값·온실·소상공인 데이터가 없어 해당 지표 인사이트를 생성하지 않았다.
2026|시군구|경남|김해시|overall,2026,시군구,경남,김해시,종합,overall,종합 인사이트,,N,"2026년 경남 김해시의 인구는 531,676명으로 경남 18개 시군구 중 2위다. 우심피해액은 74.2억 원(9위)이고, 1인당 피해액은 13,963원(12위)이며 피해비중은 인구비중의 0.18배다. 인구 규모 대비 피해 부담은 매우 낮게 나타난다.",2026 파일의 인구는 2024년 12월 기준이고 피해액은 2015~2024년 누계이므로 2026년 단년 관측치로 해석하면 안 된다. 2024와 2026 파일의 시도별 인구·피해액 값이 동일하므로 연도 변화로 해석하지 않았다. 시군구 파일에는 주택·Z값·온실·소상공인 데이터가 없어 해당 지표 인사이트를 생성하지 않았다.
2026|시군구|경남|김해시|damage,2026,시군구,경남,김해시,원지표,damage,우심피해액,우심피해액(원),Y,"2026년 경남 김해시의 우심피해액은 74.2억 원으로, 경남 18개 시군구 중 9위이며 경남 전체의 2.97%다. 1인당 피해액은 13,963원이고 피해비중/인구비중은 0.18배다.",2026 파일의 인구는 2024년 12월 기준이고 피해액은 2015~2024년 누계이므로 2026년 단년 관측치로 해석하면 안 된다. 2024와 2026 파일의 시도별 인구·피해액 값이 동일하므로 연도 변화로 해석하지 않았다. 시군구 파일에는 주택·Z값·온실·소상공인 데이터가 없어 해당 지표 인사이트를 생성하지 않았다.
2026|시군구|경남|김해시|population,2026,시군구,경남,김해시,원지표,population,인구수,인구수(건),Y,"2026년 경남 김해시의 인구는 531,676명으로 경남 18개 시군구 중 2위이며 경남 전체의 16.47%를 차지한다. 경남 18개 시군구 평균의 2.96배다.",2026 파일의 인구는 2024년 12월 기준이고 피해액은 2015~2024년 누계이므로 2026년 단년 관측치로 해석하면 안 된다. 2024와 2026 파일의 시도별 인구·피해액 값이 동일하므로 연도 변화로 해석하지 않았다. 시군구 파일에는 주택·Z값·온실·소상공인 데이터가 없어 해당 지표 인사이트를 생성하지 않았다.
2026|시군구|경남|김해시|damagePerCapita,2026,시군구,경남,김해시,파생지표,damagePerCapita,1인당 우심피해액,,N,"2026년 경남 김해시의 1인당 우심피해액은 13,963원으로 경남 18개 시군구 중 12위다. 경남 전체 인구 기준 평균 1인당 피해액의 0.18배이며, 인구 규모 대비 피해 부담은 매우 낮게 나타난다.",2026 파일의 인구는 2024년 12월 기준이고 피해액은 2015~2024년 누계이므로 2026년 단년 관측치로 해석하면 안 된다. 2024와 2026 파일의 시도별 인구·피해액 값이 동일하므로 연도 변화로 해석하지 않았다. 시군구 파일에는 주택·Z값·온실·소상공인 데이터가 없어 해당 지표 인사이트를 생성하지 않았다.
2026|시군구|경남|남해군|overall,2026,시군구,경남,남해군,종합,overall,종합 인사이트,,N,"2026년 경남 남해군의 인구는 39,832명으로 경남 18개 시군구 중 15위다. 우심피해액은 61.7억 원(11위)이고, 1인당 피해액은 154,862원(7위)이며 피해비중은 인구비중의 2.00배다. 인구 규모보다 피해 부담이 뚜렷하게 높은 편이다.",2026 파일의 인구는 2024년 12월 기준이고 피해액은 2015~2024년 누계이므로 2026년 단년 관측치로 해석하면 안 된다. 2024와 2026 파일의 시도별 인구·피해액 값이 동일하므로 연도 변화로 해석하지 않았다. 시군구 파일에는 주택·Z값·온실·소상공인 데이터가 없어 해당 지표 인사이트를 생성하지 않았다.
2026|시군구|경남|남해군|damage,2026,시군구,경남,남해군,원지표,damage,우심피해액,우심피해액(원),Y,"2026년 경남 남해군의 우심피해액은 61.7억 원으로, 경남 18개 시군구 중 11위이며 경남 전체의 2.47%다. 1인당 피해액은 154,862원이고 피해비중/인구비중은 2.00배다.",2026 파일의 인구는 2024년 12월 기준이고 피해액은 2015~2024년 누계이므로 2026년 단년 관측치로 해석하면 안 된다. 2024와 2026 파일의 시도별 인구·피해액 값이 동일하므로 연도 변화로 해석하지 않았다. 시군구 파일에는 주택·Z값·온실·소상공인 데이터가 없어 해당 지표 인사이트를 생성하지 않았다.
2026|시군구|경남|남해군|population,2026,시군구,경남,남해군,원지표,population,인구수,인구수(건),Y,"2026년 경남 남해군의 인구는 39,832명으로 경남 18개 시군구 중 15위이며 경남 전체의 1.23%를 차지한다. 경남 18개 시군구 평균의 0.22배다.",2026 파일의 인구는 2024년 12월 기준이고 피해액은 2015~2024년 누계이므로 2026년 단년 관측치로 해석하면 안 된다. 2024와 2026 파일의 시도별 인구·피해액 값이 동일하므로 연도 변화로 해석하지 않았다. 시군구 파일에는 주택·Z값·온실·소상공인 데이터가 없어 해당 지표 인사이트를 생성하지 않았다.
2026|시군구|경남|남해군|damagePerCapita,2026,시군구,경남,남해군,파생지표,damagePerCapita,1인당 우심피해액,,N,"2026년 경남 남해군의 1인당 우심피해액은 154,862원으로 경남 18개 시군구 중 7위다. 경남 전체 인구 기준 평균 1인당 피해액의 2.00배이며, 인구 규모보다 피해 부담이 뚜렷하게 높은 편이다.",2026 파일의 인구는 2024년 12월 기준이고 피해액은 2015~2024년 누계이므로 2026년 단년 관측치로 해석하면 안 된다. 2024와 2026 파일의 시도별 인구·피해액 값이 동일하므로 연도 변화로 해석하지 않았다. 시군구 파일에는 주택·Z값·온실·소상공인 데이터가 없어 해당 지표 인사이트를 생성하지 않았다.
2026|시군구|경남|밀양시|overall,2026,시군구,경남,밀양시,종합,overall,종합 인사이트,,N,"2026년 경남 밀양시의 인구는 100,691명으로 경남 18개 시군구 중 8위이며 경남 인구의 3.12%다. 원자료상 우심피해액은 0원으로 기록되어 있으며, 다른 시군구 대비 피해부담 순위는 최하위권이다.",2026 파일의 인구는 2024년 12월 기준이고 피해액은 2015~2024년 누계이므로 2026년 단년 관측치로 해석하면 안 된다. 2024와 2026 파일의 시도별 인구·피해액 값이 동일하므로 연도 변화로 해석하지 않았다. 시군구 파일에는 주택·Z값·온실·소상공인 데이터가 없어 해당 지표 인사이트를 생성하지 않았다.
2026|시군구|경남|밀양시|damage,2026,시군구,경남,밀양시,원지표,damage,우심피해액,우심피해액(원),Y,2026년 경남 밀양시의 원자료상 우심피해액은 0원으로 경남 18개 시군구 내 공동 최하위다. 0원은 집계기간에 피해액이 기록되지 않았다는 의미이며 향후 재난위험이 없다는 뜻은 아니다.,2026 파일의 인구는 2024년 12월 기준이고 피해액은 2015~2024년 누계이므로 2026년 단년 관측치로 해석하면 안 된다. 2024와 2026 파일의 시도별 인구·피해액 값이 동일하므로 연도 변화로 해석하지 않았다. 시군구 파일에는 주택·Z값·온실·소상공인 데이터가 없어 해당 지표 인사이트를 생성하지 않았다.
2026|시군구|경남|밀양시|population,2026,시군구,경남,밀양시,원지표,population,인구수,인구수(건),Y,"2026년 경남 밀양시의 인구는 100,691명으로 경남 18개 시군구 중 8위이며 경남 전체의 3.12%를 차지한다. 경남 18개 시군구 평균의 0.56배다.",2026 파일의 인구는 2024년 12월 기준이고 피해액은 2015~2024년 누계이므로 2026년 단년 관측치로 해석하면 안 된다. 2024와 2026 파일의 시도별 인구·피해액 값이 동일하므로 연도 변화로 해석하지 않았다. 시군구 파일에는 주택·Z값·온실·소상공인 데이터가 없어 해당 지표 인사이트를 생성하지 않았다.
2026|시군구|경남|밀양시|damagePerCapita,2026,시군구,경남,밀양시,파생지표,damagePerCapita,1인당 우심피해액,,N,"2026년 경남 밀양시의 1인당 우심피해액은 0원으로 경남 18개 시군구 중 공동 최하위다. 경남 전체 인구 기준 평균 1인당 피해액의 0.00배이며, 원자료상 피해액은 0원으로 기록되어 있다.",2026 파일의 인구는 2024년 12월 기준이고 피해액은 2015~2024년 누계이므로 2026년 단년 관측치로 해석하면 안 된다. 2024와 2026 파일의 시도별 인구·피해액 값이 동일하므로 연도 변화로 해석하지 않았다. 시군구 파일에는 주택·Z값·온실·소상공인 데이터가 없어 해당 지표 인사이트를 생성하지 않았다.
2026|시군구|경남|사천시|overall,2026,시군구,경남,사천시,종합,overall,종합 인사이트,,N,"2026년 경남 사천시의 인구는 108,504명으로 경남 18개 시군구 중 7위이며 경남 인구의 3.36%다. 원자료상 우심피해액은 0원으로 기록되어 있으며, 다른 시군구 대비 피해부담 순위는 최하위권이다.",2026 파일의 인구는 2024년 12월 기준이고 피해액은 2015~2024년 누계이므로 2026년 단년 관측치로 해석하면 안 된다. 2024와 2026 파일의 시도별 인구·피해액 값이 동일하므로 연도 변화로 해석하지 않았다. 시군구 파일에는 주택·Z값·온실·소상공인 데이터가 없어 해당 지표 인사이트를 생성하지 않았다.
2026|시군구|경남|사천시|damage,2026,시군구,경남,사천시,원지표,damage,우심피해액,우심피해액(원),Y,2026년 경남 사천시의 원자료상 우심피해액은 0원으로 경남 18개 시군구 내 공동 최하위다. 0원은 집계기간에 피해액이 기록되지 않았다는 의미이며 향후 재난위험이 없다는 뜻은 아니다.,2026 파일의 인구는 2024년 12월 기준이고 피해액은 2015~2024년 누계이므로 2026년 단년 관측치로 해석하면 안 된다. 2024와 2026 파일의 시도별 인구·피해액 값이 동일하므로 연도 변화로 해석하지 않았다. 시군구 파일에는 주택·Z값·온실·소상공인 데이터가 없어 해당 지표 인사이트를 생성하지 않았다.
2026|시군구|경남|사천시|population,2026,시군구,경남,사천시,원지표,population,인구수,인구수(건),Y,"2026년 경남 사천시의 인구는 108,504명으로 경남 18개 시군구 중 7위이며 경남 전체의 3.36%를 차지한다. 경남 18개 시군구 평균의 0.60배다.",2026 파일의 인구는 2024년 12월 기준이고 피해액은 2015~2024년 누계이므로 2026년 단년 관측치로 해석하면 안 된다. 2024와 2026 파일의 시도별 인구·피해액 값이 동일하므로 연도 변화로 해석하지 않았다. 시군구 파일에는 주택·Z값·온실·소상공인 데이터가 없어 해당 지표 인사이트를 생성하지 않았다.
2026|시군구|경남|사천시|damagePerCapita,2026,시군구,경남,사천시,파생지표,damagePerCapita,1인당 우심피해액,,N,"2026년 경남 사천시의 1인당 우심피해액은 0원으로 경남 18개 시군구 중 공동 최하위다. 경남 전체 인구 기준 평균 1인당 피해액의 0.00배이며, 원자료상 피해액은 0원으로 기록되어 있다.",2026 파일의 인구는 2024년 12월 기준이고 피해액은 2015~2024년 누계이므로 2026년 단년 관측치로 해석하면 안 된다. 2024와 2026 파일의 시도별 인구·피해액 값이 동일하므로 연도 변화로 해석하지 않았다. 시군구 파일에는 주택·Z값·온실·소상공인 데이터가 없어 해당 지표 인사이트를 생성하지 않았다.
2026|시군구|경남|산청군|overall,2026,시군구,경남,산청군,종합,overall,종합 인사이트,,N,"2026년 경남 산청군의 인구는 33,259명으로 경남 18개 시군구 중 17위다. 우심피해액은 63.2억 원(10위)이고, 1인당 피해액은 190,078원(5위)이며 피해비중은 인구비중의 2.45배다. 인구 규모보다 피해 부담이 뚜렷하게 높은 편이다.",2026 파일의 인구는 2024년 12월 기준이고 피해액은 2015~2024년 누계이므로 2026년 단년 관측치로 해석하면 안 된다. 2024와 2026 파일의 시도별 인구·피해액 값이 동일하므로 연도 변화로 해석하지 않았다. 시군구 파일에는 주택·Z값·온실·소상공인 데이터가 없어 해당 지표 인사이트를 생성하지 않았다.
2026|시군구|경남|산청군|damage,2026,시군구,경남,산청군,원지표,damage,우심피해액,우심피해액(원),Y,"2026년 경남 산청군의 우심피해액은 63.2억 원으로, 경남 18개 시군구 중 10위이며 경남 전체의 2.53%다. 1인당 피해액은 190,078원이고 피해비중/인구비중은 2.45배다.",2026 파일의 인구는 2024년 12월 기준이고 피해액은 2015~2024년 누계이므로 2026년 단년 관측치로 해석하면 안 된다. 2024와 2026 파일의 시도별 인구·피해액 값이 동일하므로 연도 변화로 해석하지 않았다. 시군구 파일에는 주택·Z값·온실·소상공인 데이터가 없어 해당 지표 인사이트를 생성하지 않았다.
2026|시군구|경남|산청군|population,2026,시군구,경남,산청군,원지표,population,인구수,인구수(건),Y,"2026년 경남 산청군의 인구는 33,259명으로 경남 18개 시군구 중 17위이며 경남 전체의 1.03%를 차지한다. 경남 18개 시군구 평균의 0.19배다.",2026 파일의 인구는 2024년 12월 기준이고 피해액은 2015~2024년 누계이므로 2026년 단년 관측치로 해석하면 안 된다. 2024와 2026 파일의 시도별 인구·피해액 값이 동일하므로 연도 변화로 해석하지 않았다. 시군구 파일에는 주택·Z값·온실·소상공인 데이터가 없어 해당 지표 인사이트를 생성하지 않았다.
2026|시군구|경남|산청군|damagePerCapita,2026,시군구,경남,산청군,파생지표,damagePerCapita,1인당 우심피해액,,N,"2026년 경남 산청군의 1인당 우심피해액은 190,078원으로 경남 18개 시군구 중 5위다. 경남 전체 인구 기준 평균 1인당 피해액의 2.45배이며, 인구 규모보다 피해 부담이 뚜렷하게 높은 편이다.",2026 파일의 인구는 2024년 12월 기준이고 피해액은 2015~2024년 누계이므로 2026년 단년 관측치로 해석하면 안 된다. 2024와 2026 파일의 시도별 인구·피해액 값이 동일하므로 연도 변화로 해석하지 않았다. 시군구 파일에는 주택·Z값·온실·소상공인 데이터가 없어 해당 지표 인사이트를 생성하지 않았다.
2026|시군구|경남|양산시|overall,2026,시군구,경남,양산시,종합,overall,종합 인사이트,,N,"2026년 경남 양산시의 인구는 359,531명으로 경남 18개 시군구 중 3위다. 우심피해액은 352.3억 원(2위)이고, 1인당 피해액은 97,976원(10위)이며 피해비중은 인구비중의 1.27배다. 인구 비중과 피해 비중이 대체로 비슷한 수준이다.",2026 파일의 인구는 2024년 12월 기준이고 피해액은 2015~2024년 누계이므로 2026년 단년 관측치로 해석하면 안 된다. 2024와 2026 파일의 시도별 인구·피해액 값이 동일하므로 연도 변화로 해석하지 않았다. 시군구 파일에는 주택·Z값·온실·소상공인 데이터가 없어 해당 지표 인사이트를 생성하지 않았다.
2026|시군구|경남|양산시|damage,2026,시군구,경남,양산시,원지표,damage,우심피해액,우심피해액(원),Y,"2026년 경남 양산시의 우심피해액은 352.3억 원으로, 경남 18개 시군구 중 2위이며 경남 전체의 14.09%다. 1인당 피해액은 97,976원이고 피해비중/인구비중은 1.27배다.",2026 파일의 인구는 2024년 12월 기준이고 피해액은 2015~2024년 누계이므로 2026년 단년 관측치로 해석하면 안 된다. 2024와 2026 파일의 시도별 인구·피해액 값이 동일하므로 연도 변화로 해석하지 않았다. 시군구 파일에는 주택·Z값·온실·소상공인 데이터가 없어 해당 지표 인사이트를 생성하지 않았다.
2026|시군구|경남|양산시|population,2026,시군구,경남,양산시,원지표,population,인구수,인구수(건),Y,"2026년 경남 양산시의 인구는 359,531명으로 경남 18개 시군구 중 3위이며 경남 전체의 11.14%를 차지한다. 경남 18개 시군구 평균의 2.00배다.",2026 파일의 인구는 2024년 12월 기준이고 피해액은 2015~2024년 누계이므로 2026년 단년 관측치로 해석하면 안 된다. 2024와 2026 파일의 시도별 인구·피해액 값이 동일하므로 연도 변화로 해석하지 않았다. 시군구 파일에는 주택·Z값·온실·소상공인 데이터가 없어 해당 지표 인사이트를 생성하지 않았다.
2026|시군구|경남|양산시|damagePerCapita,2026,시군구,경남,양산시,파생지표,damagePerCapita,1인당 우심피해액,,N,"2026년 경남 양산시의 1인당 우심피해액은 97,976원으로 경남 18개 시군구 중 10위다. 경남 전체 인구 기준 평균 1인당 피해액의 1.27배이며, 인구 비중과 피해 비중이 대체로 비슷한 수준이다.",2026 파일의 인구는 2024년 12월 기준이고 피해액은 2015~2024년 누계이므로 2026년 단년 관측치로 해석하면 안 된다. 2024와 2026 파일의 시도별 인구·피해액 값이 동일하므로 연도 변화로 해석하지 않았다. 시군구 파일에는 주택·Z값·온실·소상공인 데이터가 없어 해당 지표 인사이트를 생성하지 않았다.
2026|시군구|경남|의령군|overall,2026,시군구,경남,의령군,종합,overall,종합 인사이트,,N,"2026년 경남 의령군의 인구는 25,150명으로 경남 18개 시군구 중 18위(최하위)다. 우심피해액은 40.5억 원(12위)이고, 1인당 피해액은 161,063원(6위)이며 피해비중은 인구비중의 2.08배다. 인구 규모보다 피해 부담이 뚜렷하게 높은 편이다.",2026 파일의 인구는 2024년 12월 기준이고 피해액은 2015~2024년 누계이므로 2026년 단년 관측치로 해석하면 안 된다. 2024와 2026 파일의 시도별 인구·피해액 값이 동일하므로 연도 변화로 해석하지 않았다. 시군구 파일에는 주택·Z값·온실·소상공인 데이터가 없어 해당 지표 인사이트를 생성하지 않았다.
2026|시군구|경남|의령군|damage,2026,시군구,경남,의령군,원지표,damage,우심피해액,우심피해액(원),Y,"2026년 경남 의령군의 우심피해액은 40.5억 원으로, 경남 18개 시군구 중 12위이며 경남 전체의 1.62%다. 1인당 피해액은 161,063원이고 피해비중/인구비중은 2.08배다.",2026 파일의 인구는 2024년 12월 기준이고 피해액은 2015~2024년 누계이므로 2026년 단년 관측치로 해석하면 안 된다. 2024와 2026 파일의 시도별 인구·피해액 값이 동일하므로 연도 변화로 해석하지 않았다. 시군구 파일에는 주택·Z값·온실·소상공인 데이터가 없어 해당 지표 인사이트를 생성하지 않았다.
2026|시군구|경남|의령군|population,2026,시군구,경남,의령군,원지표,population,인구수,인구수(건),Y,"2026년 경남 의령군의 인구는 25,150명으로 경남 18개 시군구 중 18위(최하위)이며 경남 전체의 0.78%를 차지한다. 경남 18개 시군구 평균의 0.14배다.",2026 파일의 인구는 2024년 12월 기준이고 피해액은 2015~2024년 누계이므로 2026년 단년 관측치로 해석하면 안 된다. 2024와 2026 파일의 시도별 인구·피해액 값이 동일하므로 연도 변화로 해석하지 않았다. 시군구 파일에는 주택·Z값·온실·소상공인 데이터가 없어 해당 지표 인사이트를 생성하지 않았다.
2026|시군구|경남|의령군|damagePerCapita,2026,시군구,경남,의령군,파생지표,damagePerCapita,1인당 우심피해액,,N,"2026년 경남 의령군의 1인당 우심피해액은 161,063원으로 경남 18개 시군구 중 6위다. 경남 전체 인구 기준 평균 1인당 피해액의 2.08배이며, 인구 규모보다 피해 부담이 뚜렷하게 높은 편이다.",2026 파일의 인구는 2024년 12월 기준이고 피해액은 2015~2024년 누계이므로 2026년 단년 관측치로 해석하면 안 된다. 2024와 2026 파일의 시도별 인구·피해액 값이 동일하므로 연도 변화로 해석하지 않았다. 시군구 파일에는 주택·Z값·온실·소상공인 데이터가 없어 해당 지표 인사이트를 생성하지 않았다.
2026|시군구|경남|진주시|overall,2026,시군구,경남,진주시,종합,overall,종합 인사이트,,N,"2026년 경남 진주시의 인구는 338,785명으로 경남 18개 시군구 중 4위이며 경남 인구의 10.49%다. 원자료상 우심피해액은 0원으로 기록되어 있으며, 다른 시군구 대비 피해부담 순위는 최하위권이다.",2026 파일의 인구는 2024년 12월 기준이고 피해액은 2015~2024년 누계이므로 2026년 단년 관측치로 해석하면 안 된다. 2024와 2026 파일의 시도별 인구·피해액 값이 동일하므로 연도 변화로 해석하지 않았다. 시군구 파일에는 주택·Z값·온실·소상공인 데이터가 없어 해당 지표 인사이트를 생성하지 않았다.
2026|시군구|경남|진주시|damage,2026,시군구,경남,진주시,원지표,damage,우심피해액,우심피해액(원),Y,2026년 경남 진주시의 원자료상 우심피해액은 0원으로 경남 18개 시군구 내 공동 최하위다. 0원은 집계기간에 피해액이 기록되지 않았다는 의미이며 향후 재난위험이 없다는 뜻은 아니다.,2026 파일의 인구는 2024년 12월 기준이고 피해액은 2015~2024년 누계이므로 2026년 단년 관측치로 해석하면 안 된다. 2024와 2026 파일의 시도별 인구·피해액 값이 동일하므로 연도 변화로 해석하지 않았다. 시군구 파일에는 주택·Z값·온실·소상공인 데이터가 없어 해당 지표 인사이트를 생성하지 않았다.
2026|시군구|경남|진주시|population,2026,시군구,경남,진주시,원지표,population,인구수,인구수(건),Y,"2026년 경남 진주시의 인구는 338,785명으로 경남 18개 시군구 중 4위이며 경남 전체의 10.49%를 차지한다. 경남 18개 시군구 평균의 1.89배다.",2026 파일의 인구는 2024년 12월 기준이고 피해액은 2015~2024년 누계이므로 2026년 단년 관측치로 해석하면 안 된다. 2024와 2026 파일의 시도별 인구·피해액 값이 동일하므로 연도 변화로 해석하지 않았다. 시군구 파일에는 주택·Z값·온실·소상공인 데이터가 없어 해당 지표 인사이트를 생성하지 않았다.
2026|시군구|경남|진주시|damagePerCapita,2026,시군구,경남,진주시,파생지표,damagePerCapita,1인당 우심피해액,,N,"2026년 경남 진주시의 1인당 우심피해액은 0원으로 경남 18개 시군구 중 공동 최하위다. 경남 전체 인구 기준 평균 1인당 피해액의 0.00배이며, 원자료상 피해액은 0원으로 기록되어 있다.",2026 파일의 인구는 2024년 12월 기준이고 피해액은 2015~2024년 누계이므로 2026년 단년 관측치로 해석하면 안 된다. 2024와 2026 파일의 시도별 인구·피해액 값이 동일하므로 연도 변화로 해석하지 않았다. 시군구 파일에는 주택·Z값·온실·소상공인 데이터가 없어 해당 지표 인사이트를 생성하지 않았다.
2026|시군구|경남|창녕군|overall,2026,시군구,경남,창녕군,종합,overall,종합 인사이트,,N,"2026년 경남 창녕군의 인구는 56,085명으로 경남 18개 시군구 중 11위이며 경남 인구의 1.74%다. 원자료상 우심피해액은 0원으로 기록되어 있으며, 다른 시군구 대비 피해부담 순위는 최하위권이다.",2026 파일의 인구는 2024년 12월 기준이고 피해액은 2015~2024년 누계이므로 2026년 단년 관측치로 해석하면 안 된다. 2024와 2026 파일의 시도별 인구·피해액 값이 동일하므로 연도 변화로 해석하지 않았다. 시군구 파일에는 주택·Z값·온실·소상공인 데이터가 없어 해당 지표 인사이트를 생성하지 않았다.
2026|시군구|경남|창녕군|damage,2026,시군구,경남,창녕군,원지표,damage,우심피해액,우심피해액(원),Y,2026년 경남 창녕군의 원자료상 우심피해액은 0원으로 경남 18개 시군구 내 공동 최하위다. 0원은 집계기간에 피해액이 기록되지 않았다는 의미이며 향후 재난위험이 없다는 뜻은 아니다.,2026 파일의 인구는 2024년 12월 기준이고 피해액은 2015~2024년 누계이므로 2026년 단년 관측치로 해석하면 안 된다. 2024와 2026 파일의 시도별 인구·피해액 값이 동일하므로 연도 변화로 해석하지 않았다. 시군구 파일에는 주택·Z값·온실·소상공인 데이터가 없어 해당 지표 인사이트를 생성하지 않았다.
2026|시군구|경남|창녕군|population,2026,시군구,경남,창녕군,원지표,population,인구수,인구수(건),Y,"2026년 경남 창녕군의 인구는 56,085명으로 경남 18개 시군구 중 11위이며 경남 전체의 1.74%를 차지한다. 경남 18개 시군구 평균의 0.31배다.",2026 파일의 인구는 2024년 12월 기준이고 피해액은 2015~2024년 누계이므로 2026년 단년 관측치로 해석하면 안 된다. 2024와 2026 파일의 시도별 인구·피해액 값이 동일하므로 연도 변화로 해석하지 않았다. 시군구 파일에는 주택·Z값·온실·소상공인 데이터가 없어 해당 지표 인사이트를 생성하지 않았다.
2026|시군구|경남|창녕군|damagePerCapita,2026,시군구,경남,창녕군,파생지표,damagePerCapita,1인당 우심피해액,,N,"2026년 경남 창녕군의 1인당 우심피해액은 0원으로 경남 18개 시군구 중 공동 최하위다. 경남 전체 인구 기준 평균 1인당 피해액의 0.00배이며, 원자료상 피해액은 0원으로 기록되어 있다.",2026 파일의 인구는 2024년 12월 기준이고 피해액은 2015~2024년 누계이므로 2026년 단년 관측치로 해석하면 안 된다. 2024와 2026 파일의 시도별 인구·피해액 값이 동일하므로 연도 변화로 해석하지 않았다. 시군구 파일에는 주택·Z값·온실·소상공인 데이터가 없어 해당 지표 인사이트를 생성하지 않았다.
2026|시군구|경남|창원시|overall,2026,시군구,경남,창원시,종합,overall,종합 인사이트,,N,"2026년 경남 창원시의 인구는 999,858명으로 경남 18개 시군구 중 1위다. 우심피해액은 800.5억 원(1위)이고, 1인당 피해액은 80,063원(11위)이며 피해비중은 인구비중의 1.03배다. 인구 비중과 피해 비중이 대체로 비슷한 수준이다.",2026 파일의 인구는 2024년 12월 기준이고 피해액은 2015~2024년 누계이므로 2026년 단년 관측치로 해석하면 안 된다. 2024와 2026 파일의 시도별 인구·피해액 값이 동일하므로 연도 변화로 해석하지 않았다. 시군구 파일에는 주택·Z값·온실·소상공인 데이터가 없어 해당 지표 인사이트를 생성하지 않았다.
2026|시군구|경남|창원시|damage,2026,시군구,경남,창원시,원지표,damage,우심피해액,우심피해액(원),Y,"2026년 경남 창원시의 우심피해액은 800.5억 원으로, 경남 18개 시군구 중 1위이며 경남 전체의 32.03%다. 1인당 피해액은 80,063원이고 피해비중/인구비중은 1.03배다.",2026 파일의 인구는 2024년 12월 기준이고 피해액은 2015~2024년 누계이므로 2026년 단년 관측치로 해석하면 안 된다. 2024와 2026 파일의 시도별 인구·피해액 값이 동일하므로 연도 변화로 해석하지 않았다. 시군구 파일에는 주택·Z값·온실·소상공인 데이터가 없어 해당 지표 인사이트를 생성하지 않았다.
2026|시군구|경남|창원시|population,2026,시군구,경남,창원시,원지표,population,인구수,인구수(건),Y,"2026년 경남 창원시의 인구는 999,858명으로 경남 18개 시군구 중 1위이며 경남 전체의 30.97%를 차지한다. 경남 18개 시군구 평균의 5.57배다.",2026 파일의 인구는 2024년 12월 기준이고 피해액은 2015~2024년 누계이므로 2026년 단년 관측치로 해석하면 안 된다. 2024와 2026 파일의 시도별 인구·피해액 값이 동일하므로 연도 변화로 해석하지 않았다. 시군구 파일에는 주택·Z값·온실·소상공인 데이터가 없어 해당 지표 인사이트를 생성하지 않았다.
2026|시군구|경남|창원시|damagePerCapita,2026,시군구,경남,창원시,파생지표,damagePerCapita,1인당 우심피해액,,N,"2026년 경남 창원시의 1인당 우심피해액은 80,063원으로 경남 18개 시군구 중 11위다. 경남 전체 인구 기준 평균 1인당 피해액의 1.03배이며, 인구 비중과 피해 비중이 대체로 비슷한 수준이다.",2026 파일의 인구는 2024년 12월 기준이고 피해액은 2015~2024년 누계이므로 2026년 단년 관측치로 해석하면 안 된다. 2024와 2026 파일의 시도별 인구·피해액 값이 동일하므로 연도 변화로 해석하지 않았다. 시군구 파일에는 주택·Z값·온실·소상공인 데이터가 없어 해당 지표 인사이트를 생성하지 않았다.
2026|시군구|경남|통영시|overall,2026,시군구,경남,통영시,종합,overall,종합 인사이트,,N,"2026년 경남 통영시의 인구는 118,481명으로 경남 18개 시군구 중 6위다. 우심피해액은 133.6억 원(6위)이고, 1인당 피해액은 112,790원(9위)이며 피해비중은 인구비중의 1.46배다. 인구 비중과 피해 비중이 대체로 비슷한 수준이다.",2026 파일의 인구는 2024년 12월 기준이고 피해액은 2015~2024년 누계이므로 2026년 단년 관측치로 해석하면 안 된다. 2024와 2026 파일의 시도별 인구·피해액 값이 동일하므로 연도 변화로 해석하지 않았다. 시군구 파일에는 주택·Z값·온실·소상공인 데이터가 없어 해당 지표 인사이트를 생성하지 않았다.
2026|시군구|경남|통영시|damage,2026,시군구,경남,통영시,원지표,damage,우심피해액,우심피해액(원),Y,"2026년 경남 통영시의 우심피해액은 133.6억 원으로, 경남 18개 시군구 중 6위이며 경남 전체의 5.35%다. 1인당 피해액은 112,790원이고 피해비중/인구비중은 1.46배다.",2026 파일의 인구는 2024년 12월 기준이고 피해액은 2015~2024년 누계이므로 2026년 단년 관측치로 해석하면 안 된다. 2024와 2026 파일의 시도별 인구·피해액 값이 동일하므로 연도 변화로 해석하지 않았다. 시군구 파일에는 주택·Z값·온실·소상공인 데이터가 없어 해당 지표 인사이트를 생성하지 않았다.
2026|시군구|경남|통영시|population,2026,시군구,경남,통영시,원지표,population,인구수,인구수(건),Y,"2026년 경남 통영시의 인구는 118,481명으로 경남 18개 시군구 중 6위이며 경남 전체의 3.67%를 차지한다. 경남 18개 시군구 평균의 0.66배다.",2026 파일의 인구는 2024년 12월 기준이고 피해액은 2015~2024년 누계이므로 2026년 단년 관측치로 해석하면 안 된다. 2024와 2026 파일의 시도별 인구·피해액 값이 동일하므로 연도 변화로 해석하지 않았다. 시군구 파일에는 주택·Z값·온실·소상공인 데이터가 없어 해당 지표 인사이트를 생성하지 않았다.
2026|시군구|경남|통영시|damagePerCapita,2026,시군구,경남,통영시,파생지표,damagePerCapita,1인당 우심피해액,,N,"2026년 경남 통영시의 1인당 우심피해액은 112,790원으로 경남 18개 시군구 중 9위다. 경남 전체 인구 기준 평균 1인당 피해액의 1.46배이며, 인구 비중과 피해 비중이 대체로 비슷한 수준이다.",2026 파일의 인구는 2024년 12월 기준이고 피해액은 2015~2024년 누계이므로 2026년 단년 관측치로 해석하면 안 된다. 2024와 2026 파일의 시도별 인구·피해액 값이 동일하므로 연도 변화로 해석하지 않았다. 시군구 파일에는 주택·Z값·온실·소상공인 데이터가 없어 해당 지표 인사이트를 생성하지 않았다.
2026|시군구|경남|하동군|overall,2026,시군구,경남,하동군,종합,overall,종합 인사이트,,N,"2026년 경남 하동군의 인구는 40,765명으로 경남 18개 시군구 중 13위다. 우심피해액은 138.7억 원(5위)이고, 1인당 피해액은 340,249원(3위)이며 피해비중은 인구비중의 4.39배다. 인구 규모에 비해 피해가 매우 크게 집중된 지역이다.",2026 파일의 인구는 2024년 12월 기준이고 피해액은 2015~2024년 누계이므로 2026년 단년 관측치로 해석하면 안 된다. 2024와 2026 파일의 시도별 인구·피해액 값이 동일하므로 연도 변화로 해석하지 않았다. 시군구 파일에는 주택·Z값·온실·소상공인 데이터가 없어 해당 지표 인사이트를 생성하지 않았다.
2026|시군구|경남|하동군|damage,2026,시군구,경남,하동군,원지표,damage,우심피해액,우심피해액(원),Y,"2026년 경남 하동군의 우심피해액은 138.7억 원으로, 경남 18개 시군구 중 5위이며 경남 전체의 5.55%다. 1인당 피해액은 340,249원이고 피해비중/인구비중은 4.39배다.",2026 파일의 인구는 2024년 12월 기준이고 피해액은 2015~2024년 누계이므로 2026년 단년 관측치로 해석하면 안 된다. 2024와 2026 파일의 시도별 인구·피해액 값이 동일하므로 연도 변화로 해석하지 않았다. 시군구 파일에는 주택·Z값·온실·소상공인 데이터가 없어 해당 지표 인사이트를 생성하지 않았다.
2026|시군구|경남|하동군|population,2026,시군구,경남,하동군,원지표,population,인구수,인구수(건),Y,"2026년 경남 하동군의 인구는 40,765명으로 경남 18개 시군구 중 13위이며 경남 전체의 1.26%를 차지한다. 경남 18개 시군구 평균의 0.23배다.",2026 파일의 인구는 2024년 12월 기준이고 피해액은 2015~2024년 누계이므로 2026년 단년 관측치로 해석하면 안 된다. 2024와 2026 파일의 시도별 인구·피해액 값이 동일하므로 연도 변화로 해석하지 않았다. 시군구 파일에는 주택·Z값·온실·소상공인 데이터가 없어 해당 지표 인사이트를 생성하지 않았다.
2026|시군구|경남|하동군|damagePerCapita,2026,시군구,경남,하동군,파생지표,damagePerCapita,1인당 우심피해액,,N,"2026년 경남 하동군의 1인당 우심피해액은 340,249원으로 경남 18개 시군구 중 3위다. 경남 전체 인구 기준 평균 1인당 피해액의 4.39배이며, 인구 규모에 비해 피해가 매우 크게 집중된 지역이다.",2026 파일의 인구는 2024년 12월 기준이고 피해액은 2015~2024년 누계이므로 2026년 단년 관측치로 해석하면 안 된다. 2024와 2026 파일의 시도별 인구·피해액 값이 동일하므로 연도 변화로 해석하지 않았다. 시군구 파일에는 주택·Z값·온실·소상공인 데이터가 없어 해당 지표 인사이트를 생성하지 않았다.
2026|시군구|경남|함안군|overall,2026,시군구,경남,함안군,종합,overall,종합 인사이트,,N,"2026년 경남 함안군의 인구는 58,842명으로 경남 18개 시군구 중 10위이며 경남 인구의 1.82%다. 원자료상 우심피해액은 0원으로 기록되어 있으며, 다른 시군구 대비 피해부담 순위는 최하위권이다.",2026 파일의 인구는 2024년 12월 기준이고 피해액은 2015~2024년 누계이므로 2026년 단년 관측치로 해석하면 안 된다. 2024와 2026 파일의 시도별 인구·피해액 값이 동일하므로 연도 변화로 해석하지 않았다. 시군구 파일에는 주택·Z값·온실·소상공인 데이터가 없어 해당 지표 인사이트를 생성하지 않았다.
2026|시군구|경남|함안군|damage,2026,시군구,경남,함안군,원지표,damage,우심피해액,우심피해액(원),Y,2026년 경남 함안군의 원자료상 우심피해액은 0원으로 경남 18개 시군구 내 공동 최하위다. 0원은 집계기간에 피해액이 기록되지 않았다는 의미이며 향후 재난위험이 없다는 뜻은 아니다.,2026 파일의 인구는 2024년 12월 기준이고 피해액은 2015~2024년 누계이므로 2026년 단년 관측치로 해석하면 안 된다. 2024와 2026 파일의 시도별 인구·피해액 값이 동일하므로 연도 변화로 해석하지 않았다. 시군구 파일에는 주택·Z값·온실·소상공인 데이터가 없어 해당 지표 인사이트를 생성하지 않았다.
2026|시군구|경남|함안군|population,2026,시군구,경남,함안군,원지표,population,인구수,인구수(건),Y,"2026년 경남 함안군의 인구는 58,842명으로 경남 18개 시군구 중 10위이며 경남 전체의 1.82%를 차지한다. 경남 18개 시군구 평균의 0.33배다.",2026 파일의 인구는 2024년 12월 기준이고 피해액은 2015~2024년 누계이므로 2026년 단년 관측치로 해석하면 안 된다. 2024와 2026 파일의 시도별 인구·피해액 값이 동일하므로 연도 변화로 해석하지 않았다. 시군구 파일에는 주택·Z값·온실·소상공인 데이터가 없어 해당 지표 인사이트를 생성하지 않았다.
2026|시군구|경남|함안군|damagePerCapita,2026,시군구,경남,함안군,파생지표,damagePerCapita,1인당 우심피해액,,N,"2026년 경남 함안군의 1인당 우심피해액은 0원으로 경남 18개 시군구 중 공동 최하위다. 경남 전체 인구 기준 평균 1인당 피해액의 0.00배이며, 원자료상 피해액은 0원으로 기록되어 있다.",2026 파일의 인구는 2024년 12월 기준이고 피해액은 2015~2024년 누계이므로 2026년 단년 관측치로 해석하면 안 된다. 2024와 2026 파일의 시도별 인구·피해액 값이 동일하므로 연도 변화로 해석하지 않았다. 시군구 파일에는 주택·Z값·온실·소상공인 데이터가 없어 해당 지표 인사이트를 생성하지 않았다.
2026|시군구|경남|함양군|overall,2026,시군구,경남,함양군,종합,overall,종합 인사이트,,N,"2026년 경남 함양군의 인구는 36,131명으로 경남 18개 시군구 중 16위다. 우심피해액은 126.3억 원(8위)이고, 1인당 피해액은 349,448원(2위)이며 피해비중은 인구비중의 4.51배다. 인구 규모에 비해 피해가 매우 크게 집중된 지역이다.",2026 파일의 인구는 2024년 12월 기준이고 피해액은 2015~2024년 누계이므로 2026년 단년 관측치로 해석하면 안 된다. 2024와 2026 파일의 시도별 인구·피해액 값이 동일하므로 연도 변화로 해석하지 않았다. 시군구 파일에는 주택·Z값·온실·소상공인 데이터가 없어 해당 지표 인사이트를 생성하지 않았다.
2026|시군구|경남|함양군|damage,2026,시군구,경남,함양군,원지표,damage,우심피해액,우심피해액(원),Y,"2026년 경남 함양군의 우심피해액은 126.3억 원으로, 경남 18개 시군구 중 8위이며 경남 전체의 5.05%다. 1인당 피해액은 349,448원이고 피해비중/인구비중은 4.51배다.",2026 파일의 인구는 2024년 12월 기준이고 피해액은 2015~2024년 누계이므로 2026년 단년 관측치로 해석하면 안 된다. 2024와 2026 파일의 시도별 인구·피해액 값이 동일하므로 연도 변화로 해석하지 않았다. 시군구 파일에는 주택·Z값·온실·소상공인 데이터가 없어 해당 지표 인사이트를 생성하지 않았다.
2026|시군구|경남|함양군|population,2026,시군구,경남,함양군,원지표,population,인구수,인구수(건),Y,"2026년 경남 함양군의 인구는 36,131명으로 경남 18개 시군구 중 16위이며 경남 전체의 1.12%를 차지한다. 경남 18개 시군구 평균의 0.20배다.",2026 파일의 인구는 2024년 12월 기준이고 피해액은 2015~2024년 누계이므로 2026년 단년 관측치로 해석하면 안 된다. 2024와 2026 파일의 시도별 인구·피해액 값이 동일하므로 연도 변화로 해석하지 않았다. 시군구 파일에는 주택·Z값·온실·소상공인 데이터가 없어 해당 지표 인사이트를 생성하지 않았다.
2026|시군구|경남|함양군|damagePerCapita,2026,시군구,경남,함양군,파생지표,damagePerCapita,1인당 우심피해액,,N,"2026년 경남 함양군의 1인당 우심피해액은 349,448원으로 경남 18개 시군구 중 2위다. 경남 전체 인구 기준 평균 1인당 피해액의 4.51배이며, 인구 규모에 비해 피해가 매우 크게 집중된 지역이다.",2026 파일의 인구는 2024년 12월 기준이고 피해액은 2015~2024년 누계이므로 2026년 단년 관측치로 해석하면 안 된다. 2024와 2026 파일의 시도별 인구·피해액 값이 동일하므로 연도 변화로 해석하지 않았다. 시군구 파일에는 주택·Z값·온실·소상공인 데이터가 없어 해당 지표 인사이트를 생성하지 않았다.
2026|시군구|경남|합천군|overall,2026,시군구,경남,합천군,종합,overall,종합 인사이트,,N,"2026년 경남 합천군의 인구는 40,225명으로 경남 18개 시군구 중 14위다. 우심피해액은 306.4억 원(3위)이고, 1인당 피해액은 761,732원(1위)이며 피해비중은 인구비중의 9.84배다. 인구 규모에 비해 피해가 매우 크게 집중된 지역이다.",2026 파일의 인구는 2024년 12월 기준이고 피해액은 2015~2024년 누계이므로 2026년 단년 관측치로 해석하면 안 된다. 2024와 2026 파일의 시도별 인구·피해액 값이 동일하므로 연도 변화로 해석하지 않았다. 시군구 파일에는 주택·Z값·온실·소상공인 데이터가 없어 해당 지표 인사이트를 생성하지 않았다.
2026|시군구|경남|합천군|damage,2026,시군구,경남,합천군,원지표,damage,우심피해액,우심피해액(원),Y,"2026년 경남 합천군의 우심피해액은 306.4억 원으로, 경남 18개 시군구 중 3위이며 경남 전체의 12.26%다. 1인당 피해액은 761,732원이고 피해비중/인구비중은 9.84배다.",2026 파일의 인구는 2024년 12월 기준이고 피해액은 2015~2024년 누계이므로 2026년 단년 관측치로 해석하면 안 된다. 2024와 2026 파일의 시도별 인구·피해액 값이 동일하므로 연도 변화로 해석하지 않았다. 시군구 파일에는 주택·Z값·온실·소상공인 데이터가 없어 해당 지표 인사이트를 생성하지 않았다.
2026|시군구|경남|합천군|population,2026,시군구,경남,합천군,원지표,population,인구수,인구수(건),Y,"2026년 경남 합천군의 인구는 40,225명으로 경남 18개 시군구 중 14위이며 경남 전체의 1.25%를 차지한다. 경남 18개 시군구 평균의 0.22배다.",2026 파일의 인구는 2024년 12월 기준이고 피해액은 2015~2024년 누계이므로 2026년 단년 관측치로 해석하면 안 된다. 2024와 2026 파일의 시도별 인구·피해액 값이 동일하므로 연도 변화로 해석하지 않았다. 시군구 파일에는 주택·Z값·온실·소상공인 데이터가 없어 해당 지표 인사이트를 생성하지 않았다.
2026|시군구|경남|합천군|damagePerCapita,2026,시군구,경남,합천군,파생지표,damagePerCapita,1인당 우심피해액,,N,"2026년 경남 합천군의 1인당 우심피해액은 761,732원으로 경남 18개 시군구 중 1위다. 경남 전체 인구 기준 평균 1인당 피해액의 9.84배이며, 인구 규모에 비해 피해가 매우 크게 집중된 지역이다.",2026 파일의 인구는 2024년 12월 기준이고 피해액은 2015~2024년 누계이므로 2026년 단년 관측치로 해석하면 안 된다. 2024와 2026 파일의 시도별 인구·피해액 값이 동일하므로 연도 변화로 해석하지 않았다. 시군구 파일에는 주택·Z값·온실·소상공인 데이터가 없어 해당 지표 인사이트를 생성하지 않았다.
2026|시군구|제주|서귀포시|overall,2026,시군구,제주,서귀포시,종합,overall,종합 인사이트,,N,"2026년 제주 서귀포시의 인구는 182,020명으로 제주 2개 시군구 중 2위(최하위)이며 제주 인구의 27.15%다. 원자료상 우심피해액은 0원으로 기록되어 있으며, 다른 시군구 대비 피해부담 순위는 최하위권이다.",2026 파일의 인구는 2024년 12월 기준이고 피해액은 2015~2024년 누계이므로 2026년 단년 관측치로 해석하면 안 된다. 2024와 2026 파일의 시도별 인구·피해액 값이 동일하므로 연도 변화로 해석하지 않았다. 시군구 파일에는 주택·Z값·온실·소상공인 데이터가 없어 해당 지표 인사이트를 생성하지 않았다.
2026|시군구|제주|서귀포시|damage,2026,시군구,제주,서귀포시,원지표,damage,우심피해액,우심피해액(원),Y,2026년 제주 서귀포시의 원자료상 우심피해액은 0원으로 제주 2개 시군구 내 2위(최하위)다. 0원은 집계기간에 피해액이 기록되지 않았다는 의미이며 향후 재난위험이 없다는 뜻은 아니다.,2026 파일의 인구는 2024년 12월 기준이고 피해액은 2015~2024년 누계이므로 2026년 단년 관측치로 해석하면 안 된다. 2024와 2026 파일의 시도별 인구·피해액 값이 동일하므로 연도 변화로 해석하지 않았다. 시군구 파일에는 주택·Z값·온실·소상공인 데이터가 없어 해당 지표 인사이트를 생성하지 않았다.
2026|시군구|제주|서귀포시|population,2026,시군구,제주,서귀포시,원지표,population,인구수,인구수(건),Y,"2026년 제주 서귀포시의 인구는 182,020명으로 제주 2개 시군구 중 2위(최하위)이며 제주 전체의 27.15%를 차지한다. 제주 2개 시군구 평균의 0.54배다.",2026 파일의 인구는 2024년 12월 기준이고 피해액은 2015~2024년 누계이므로 2026년 단년 관측치로 해석하면 안 된다. 2024와 2026 파일의 시도별 인구·피해액 값이 동일하므로 연도 변화로 해석하지 않았다. 시군구 파일에는 주택·Z값·온실·소상공인 데이터가 없어 해당 지표 인사이트를 생성하지 않았다.
2026|시군구|제주|서귀포시|damagePerCapita,2026,시군구,제주,서귀포시,파생지표,damagePerCapita,1인당 우심피해액,,N,"2026년 제주 서귀포시의 1인당 우심피해액은 0원으로 제주 2개 시군구 중 2위(최하위)다. 제주 전체 인구 기준 평균 1인당 피해액의 0.00배이며, 원자료상 피해액은 0원으로 기록되어 있다.",2026 파일의 인구는 2024년 12월 기준이고 피해액은 2015~2024년 누계이므로 2026년 단년 관측치로 해석하면 안 된다. 2024와 2026 파일의 시도별 인구·피해액 값이 동일하므로 연도 변화로 해석하지 않았다. 시군구 파일에는 주택·Z값·온실·소상공인 데이터가 없어 해당 지표 인사이트를 생성하지 않았다.
2026|시군구|제주|제주시|overall,2026,시군구,제주,제주시,종합,overall,종합 인사이트,,N,"2026년 제주 제주시의 인구는 488,348명으로 제주 2개 시군구 중 1위다. 우심피해액은 320.2억 원(1위)이고, 1인당 피해액은 65,578원(1위)이며 피해비중은 인구비중의 1.37배다. 인구 비중과 피해 비중이 대체로 비슷한 수준이다.",2026 파일의 인구는 2024년 12월 기준이고 피해액은 2015~2024년 누계이므로 2026년 단년 관측치로 해석하면 안 된다. 2024와 2026 파일의 시도별 인구·피해액 값이 동일하므로 연도 변화로 해석하지 않았다. 시군구 파일에는 주택·Z값·온실·소상공인 데이터가 없어 해당 지표 인사이트를 생성하지 않았다.
2026|시군구|제주|제주시|damage,2026,시군구,제주,제주시,원지표,damage,우심피해액,우심피해액(원),Y,"2026년 제주 제주시의 우심피해액은 320.2억 원으로, 제주 2개 시군구 중 1위이며 제주 전체의 100.00%다. 1인당 피해액은 65,578원이고 피해비중/인구비중은 1.37배다.",2026 파일의 인구는 2024년 12월 기준이고 피해액은 2015~2024년 누계이므로 2026년 단년 관측치로 해석하면 안 된다. 2024와 2026 파일의 시도별 인구·피해액 값이 동일하므로 연도 변화로 해석하지 않았다. 시군구 파일에는 주택·Z값·온실·소상공인 데이터가 없어 해당 지표 인사이트를 생성하지 않았다.
2026|시군구|제주|제주시|population,2026,시군구,제주,제주시,원지표,population,인구수,인구수(건),Y,"2026년 제주 제주시의 인구는 488,348명으로 제주 2개 시군구 중 1위이며 제주 전체의 72.85%를 차지한다. 제주 2개 시군구 평균의 1.46배다.",2026 파일의 인구는 2024년 12월 기준이고 피해액은 2015~2024년 누계이므로 2026년 단년 관측치로 해석하면 안 된다. 2024와 2026 파일의 시도별 인구·피해액 값이 동일하므로 연도 변화로 해석하지 않았다. 시군구 파일에는 주택·Z값·온실·소상공인 데이터가 없어 해당 지표 인사이트를 생성하지 않았다.
2026|시군구|제주|제주시|damagePerCapita,2026,시군구,제주,제주시,파생지표,damagePerCapita,1인당 우심피해액,,N,"2026년 제주 제주시의 1인당 우심피해액은 65,578원으로 제주 2개 시군구 중 1위다. 제주 전체 인구 기준 평균 1인당 피해액의 1.37배이며, 인구 비중과 피해 비중이 대체로 비슷한 수준이다.",2026 파일의 인구는 2024년 12월 기준이고 피해액은 2015~2024년 누계이므로 2026년 단년 관측치로 해석하면 안 된다. 2024와 2026 파일의 시도별 인구·피해액 값이 동일하므로 연도 변화로 해석하지 않았다. 시군구 파일에는 주택·Z값·온실·소상공인 데이터가 없어 해당 지표 인사이트를 생성하지 않았다.
